-- --------------------------------------------------------
-- Host:                         127.0.0.1
-- Versión del servidor:         10.4.32-MariaDB - mariadb.org binary distribution
-- SO del servidor:              Win64
-- HeidiSQL Versión:             12.6.0.6765
-- --------------------------------------------------------

/*!40101 SET @OLD_CHARACTER_SET_CLIENT=@@CHARACTER_SET_CLIENT */;
/*!40101 SET NAMES utf8 */;
/*!50503 SET NAMES utf8mb4 */;
/*!40103 SET @OLD_TIME_ZONE=@@TIME_ZONE */;
/*!40103 SET TIME_ZONE='+00:00' */;
/*!40014 SET @OLD_FOREIGN_KEY_CHECKS=@@FOREIGN_KEY_CHECKS, FOREIGN_KEY_CHECKS=0 */;
/*!40101 SET @OLD_SQL_MODE=@@SQL_MODE, SQL_MODE='NO_AUTO_VALUE_ON_ZERO' */;
/*!40111 SET @OLD_SQL_NOTES=@@SQL_NOTES, SQL_NOTES=0 */;


-- Volcando estructura de base de datos para software_innova
CREATE DATABASE IF NOT EXISTS `software_innova` /*!40100 DEFAULT CHARACTER SET utf8mb4 COLLATE utf8mb4_general_ci */;
USE `software_innova`;

-- Volcando estructura para tabla software_innova.categoria
CREATE TABLE IF NOT EXISTS `categoria` (
  `CATEGORIA_ID` int(11) NOT NULL AUTO_INCREMENT,
  `CATEGORIA_NOMBRE` varchar(50) NOT NULL,
  PRIMARY KEY (`CATEGORIA_ID`)
) ENGINE=InnoDB AUTO_INCREMENT=24 DEFAULT CHARSET=utf8mb4 COLLATE=utf8mb4_general_ci;

-- Volcando datos para la tabla software_innova.categoria: ~21 rows (aproximadamente)
INSERT INTO `categoria` (`CATEGORIA_ID`, `CATEGORIA_NOMBRE`) VALUES
	(1, 'Plotter'),
	(2, 'Estructura Metalica'),
	(3, 'Polimero'),
	(4, 'Recubrimiento'),
	(5, 'Quimico'),
	(6, 'Madera'),
	(7, 'Alumino'),
	(8, 'Acero'),
	(9, 'Laminas'),
	(10, 'Tornilleria'),
	(11, 'Consumibles'),
	(12, 'Electricos'),
	(13, 'Ferreteria'),
	(14, 'Papeleria'),
	(15, 'Exhibicion'),
	(16, 'Carpas'),
	(17, 'Textil'),
	(18, 'Señalizacion'),
	(19, 'Servicios'),
	(20, 'Construccion'),
	(21, 'Otros'),
	(22, 'Transportes'),
	(23, 'Mano de Obra e Instalacion');

-- Volcando estructura para tabla software_innova.cotizacion
CREATE TABLE IF NOT EXISTS `cotizacion` (
  `id_cotizacion` int(11) NOT NULL AUTO_INCREMENT,
  `fecha_cotizacion` datetime NOT NULL,
  `cliente_cotizacion` varchar(255) NOT NULL,
  `contacto_cotizacion` varchar(255) NOT NULL,
  `proyecto_cotizacion` varchar(255) NOT NULL,
  `vendedor_cotizacion` int(11) NOT NULL,
  `negociacion` varchar(255) NOT NULL,
  `forma_de_pago_cotizacion` varchar(255) DEFAULT NULL,
  `validez_cotizacion` varchar(255) DEFAULT NULL,
  `descuento_cotizacion` int(11) DEFAULT NULL,
  `recibe_cotizacion` varchar(255) DEFAULT NULL,
  `numero_contacto_cotizacion` varchar(255) DEFAULT NULL,
  `direccion_cotizacion` varchar(255) DEFAULT NULL,
  `iva_seleccionado` varchar(10) NOT NULL,
  PRIMARY KEY (`id_cotizacion`),
  KEY `vendedor_cotizacion` (`vendedor_cotizacion`),
  CONSTRAINT `cotizacion_ibfk_1` FOREIGN KEY (`vendedor_cotizacion`) REFERENCES `users` (`user_id`)
) ENGINE=InnoDB AUTO_INCREMENT=130 DEFAULT CHARSET=utf8mb4 COLLATE=utf8mb4_general_ci;

-- Volcando datos para la tabla software_innova.cotizacion: ~76 rows (aproximadamente)
INSERT INTO `cotizacion` (`id_cotizacion`, `fecha_cotizacion`, `cliente_cotizacion`, `contacto_cotizacion`, `proyecto_cotizacion`, `vendedor_cotizacion`, `negociacion`, `forma_de_pago_cotizacion`, `validez_cotizacion`, `descuento_cotizacion`, `recibe_cotizacion`, `numero_contacto_cotizacion`, `direccion_cotizacion`, `iva_seleccionado`) VALUES
	(8, '2024-08-15 00:00:00', 'Cliente Para guardado339', 'contacto Para guardado2', 'proyecto Para guardado2', 3, '4554542', 'Contado', '30', 0, 'el', '311', '3:39', ''),
	(9, '2024-08-15 00:00:00', 'Cliente Para guardado344', 'contacto Para guardado2', 'proyecto Para guardado2', 3, '4554542', 'Contado', '30', 0, 'el', '311', '3:44', ''),
	(10, '2024-08-15 00:00:00', 'Cliente Para guardado344', 'contacto Para guardado2', 'proyecto Para guardado2', 3, '4554542', 'Contado', '30', 0, 'el', '311', '345', ''),
	(11, '2024-08-15 00:00:00', 'Cliente Para guardado344', 'contacto Para guardado2', 'proyecto Para guardado2', 3, '4554542', 'Contado', '30', 0, 'el', '311', '345', ''),
	(12, '2024-08-15 00:00:00', 'Cliente Para guardado207', 'contacto Para guardado2', 'proyecto Para guardado2', 3, '4554542', 'Contado', '30', 0, 'el', '311', '3:48', ''),
	(13, '2024-08-15 00:00:00', 'Cliente Para guardado207', 'contacto Para guardado2', 'proyecto Para guardado2', 3, '319682', 'Contado', '30', 0, 'el', '311', '3:48', ''),
	(14, '2024-08-15 00:00:00', 'Cliente Para guardado354', 'contacto Para guardado2', 'proyecto Para guardado2', 3, '4554542', 'Contado', '30', 0, 'el', '311', '3:54', ''),
	(15, '2024-08-15 00:00:00', 'Cliente Para guardado414', 'contacto Para guardado2', 'proyecto Para guardado2', 3, '4554542', 'Contado', '30', 0, 'el', '311', '4:14', ''),
	(16, '2024-08-20 00:00:00', 'apple', 'c1 45', 'arpods', 3, '577852', 'Contado', '30', NULL, '', '', '7:53', ''),
	(17, '2024-08-20 00:00:00', 'ai cliente', 'ai contacto', 'ai proyecto', 3, '1060', 'Contado', '30', NULL, '', '', '8:42', ''),
	(18, '2024-08-20 00:00:00', 'hs cliente', 'hs contacto', 'hs proyecto', 3, '1060', 'Contado', '30', 0, '', '', '8:53', ''),
	(19, '2024-08-20 00:00:00', 'COSMETICOS SAMY S.A', 'Angela Arango', 'AVISO INTERNO LUZ VELAZQUEZ', 3, '8093', 'Contado', '30', 0, '', '', '9:05', ''),
	(20, '2024-08-20 00:00:00', 'COSMETICOS SAMY S.A', 'Angela Arango', 'AVISO INTERNO LUZ VELAZQUEZ', 3, '80932', 'Contado', '30', 0, '', '', '9:08', ''),
	(21, '2024-08-20 00:00:00', 'COSMETICOS SAMY S.A', 'Angela Arango', 'AVISO INTERNO LUZ VELAZQUEZ', 3, '80933', 'Contado', '30', 0, '', '', '10:35 prueba 2 productos', ''),
	(22, '2024-08-20 00:00:00', 'cliente', 'CONTACTO', 'PROYECTO', 3, '20081115', 'Contado', '30', 0, '', '', '', ''),
	(23, '2024-08-21 00:00:00', 'Janus COL', 'Mige', 'bicivallatemporada', 3, '210824203', 'Contado', '30', 0, '', '', '', ''),
	(24, '2024-08-21 00:00:00', 'Innova', 'pepe', 'aviso ', 3, '2008210', 'Contado', '30', 0, '', '', '', ''),
	(25, '2024-08-21 00:00:00', 'toktik', 'juan toktik', 'ese mismo', 3, '2108333', 'Contado', '30', 0, '', '', '', ''),
	(26, '2024-08-22 00:00:00', 'rolex', 'rolex contac', 'bandera para rolex', 3, '2208809', 'Contado', '30', 0, '', '', '', ''),
	(27, '2024-08-22 00:00:00', 'cliente cantidades', 'contacto cantidades', 'proyecto cantidades', 3, '220824', 'Contado', '30', 0, '', '', '', ''),
	(28, '2024-08-22 00:00:00', 'genius', 'joaco genius', 'decoracion interior', 3, '2208816', 'Contado', '30', 0, '', '', '', ''),
	(44, '2024-08-22 00:00:00', 'el mago', 'mago contac', 'bastidor el mago', 3, '2208927', 'Contado', '30', 0, '', '', '', ''),
	(46, '2024-08-22 00:00:00', 'el mago 2', 'mago contac 2', 'bastidor el mago 2', 3, '2208943', 'Contado', '30', 0, '', '', '', ''),
	(51, '2024-08-22 00:00:00', 'el mago7', 'mago contac 7', 'bastidor el mago7', 3, '22081044', 'Contado', '30', 0, '', '', '', ''),
	(52, '2024-08-22 00:00:00', 'el mago7', 'mago contac 7', 'bastidor el mago7', 3, '22081050', 'Contado', '30', 0, '', '', '', ''),
	(53, '2024-08-22 00:00:00', 'el madarino', 'mandarino a', 'eso role', 3, '22081112', 'Contado', '30', 0, '', '', '', ''),
	(54, '2024-08-22 00:00:00', 'el que e', 'migue el que e', 'eso rolea', 3, '22081118', 'Contado', '30', 0, '', '', '', ''),
	(55, '2024-08-22 00:00:00', 'innova', 'elkin', 'aviso fachada', 3, '22081128', 'Contado', '30', 0, '', '', '', ''),
	(56, '2024-08-22 00:00:00', 'el que eaaaaa', 'migue el que eaaaaaa', 'eso roleaaaaaaa', 3, '22081137', 'Contado', '30', 0, '', '', '', ''),
	(57, '2024-08-22 00:00:00', 'el que eaaaaae', 'migue el que eaaaaaaeeee', 'eso roleaaaaaaaeeee', 3, '22081146', 'Contado', '30', 0, '', '', '', ''),
	(58, '2024-08-22 00:00:00', 'gds', 'tete', 'sfagfte4a', 3, '22081149', 'Contado', '30', 0, '', '', '', ''),
	(61, '2024-08-22 00:00:00', 'ayer', 'ayer', 'ayer', 3, '22081200', 'Contado', '30', 0, '', '', '', ''),
	(62, '2024-08-22 00:00:00', 'hoy', 'hoy', 'hoy', 3, '22081209', 'Contado', '30', 0, '', '', '', ''),
	(63, '2024-08-22 00:00:00', 'hoy', 'hoy', 'hoy', 3, '22081209', 'Contado', '30', 0, '', '', '', ''),
	(64, '2024-08-22 00:00:00', 'et', 'et', 'et', 3, '122081213', 'Contado', '30', 0, '', '', '', ''),
	(65, '2024-08-22 00:00:00', 'car', 'car', 'car', 3, '22081216', 'Contado', '30', 0, '', '', '', ''),
	(66, '2024-08-22 00:00:00', 'apple', 'stve jobs', 'letraws apple', 3, '22081225', 'Contado', '30', 0, '', '', '', ''),
	(67, '2024-08-22 00:00:00', 'cjon', 'cjon', 'cjon', 3, '22081228', 'Contado', '30', 0, '', '', '', ''),
	(68, '2024-08-22 00:00:00', 'coffe', 'cofee', 'cofee', 3, '22081251', 'Contado', '30', 0, '', '', '', ''),
	(69, '2024-08-22 00:00:00', 'cans', 'cans', 'cans', 3, '22081254', 'Contado', '30', 0, '', '', '', ''),
	(70, '2024-08-22 00:00:00', '3coro', '3coro', '3coro', 3, '2208155', 'Contado', '30', 0, '', '', '', ''),
	(71, '2024-08-22 00:00:00', 'etna', 'etna', 'etna', 3, '2208200', 'Contado', '30', 0, '', '', '', ''),
	(72, '2024-08-22 00:00:00', 'cjz erdz', 'erdzERDZ', 'erdz', 3, '2208205', 'Contado', '30', 0, '', '', '', ''),
	(73, '2024-08-22 00:00:00', 'crstal', 'crstal', 'crstal', 3, '2208206', 'Contado', '30', 0, '', '', '', ''),
	(76, '2024-08-22 00:00:00', 'innova', 'innova', 'innova', 3, '2208226', 'Contado', '30', 0, '', '', '', ''),
	(77, '2024-08-22 00:00:00', 'cu po mi', 'cu po mi', 'cu po mi', 3, '2208245', 'Contado', '30', 0, '', '', '', ''),
	(78, '2024-08-22 00:00:00', 'iva', 'iva ', 'iva ', 3, '2208447', 'Contado', '30', NULL, '', '', '', 'sí'),
	(79, '2024-08-22 00:00:00', 'iva', 'iva', 'iva', 3, '2208453', 'Contado', '30', NULL, '', '', '', 'si'),
	(80, '2024-08-22 00:00:00', 'sin iva', 'sin iva', 'sin iva', 3, '2208454', 'Contado', '30', NULL, '', '', '', 'no'),
	(82, '2024-08-23 00:00:00', 'frnet', 'frnet', 'frnet', 3, '2308813', 'Contado', '30', NULL, '', '', '', 'si'),
	(83, '2024-08-23 00:00:00', 'cmilo', 'cmilo', 'cmilo', 3, '2308819', 'Contado', '30', NULL, '', '', '', 'no'),
	(85, '2024-08-23 00:00:00', 'BLLSD', 'BLLSD', 'BLLSD', 3, '2308828', 'Contado', '30', NULL, '', '', '', 'no'),
	(86, '2024-08-23 00:00:00', 'dsp', 'dsp', 'dsp', 3, '2308834', 'Contado', '30', NULL, '', '', '', 'si'),
	(87, '2024-08-23 00:00:00', 'Magda Rodriguez', 'Lucia Murillo', 'Portón Para finca en la reforma', 3, '8915', 'Contado', '30', NULL, '', '', '', 'no'),
	(88, '2024-08-23 00:00:00', 'probando cantidades', '54', '5454', 3, '23081230', 'Contado', '30', NULL, '', '', '', 'si'),
	(90, '2024-08-23 00:00:00', 'skap', 'skap', 'skap', 3, '23081240', 'Contado', '30', NULL, '', '', '', 'si'),
	(91, '2024-08-23 00:00:00', 'dio', 'dio', 'dio', 3, '2308236', 'Contado', '30', NULL, '', '', '', 'no'),
	(92, '2024-08-23 00:00:00', 'lulv', 'lulv', 'lulv', 3, '2308347', 'Contado', '30', NULL, '', '', '', 'no'),
	(93, '2024-08-24 00:00:00', 'jalvez', 'jalvez', 'jalvez', 3, '2408901', 'Contado', '30', NULL, '', '', '', 'si'),
	(94, '2024-08-26 00:00:00', 'kag', 'kag', 'kag', 3, '2608751', 'Contado', '30', NULL, '', '', '', 'si'),
	(95, '2024-08-26 00:00:00', 'descu', 'descu|', 'descu', 3, '26081404', 'Contado', '30', 20, '', '', '', 'si'),
	(96, '2024-08-26 00:00:00', 'yj', 'yj', 'yj', 3, '26080224', 'Contado', '30', 10, '', '', '', 'si'),
	(97, '2024-08-26 00:00:00', 'atk', 'atk', 'atk', 3, '2608340', 'Contado', '30', NULL, '', '', '', 'si'),
	(98, '2024-08-27 00:00:00', 'adz', 'adz', 'adz', 3, '2708751', 'Contado', '30', 10, '', '', '', 'si'),
	(99, '2024-08-27 00:00:00', 'oebb', 'oebb', 'oebb', 3, '2708802', 'Contado', '30', 10, '', '', '', 'si'),
	(100, '2024-08-27 00:00:00', 'lkllo', 'lkllo', 'lkllo', 3, '2708812', 'Contado', '30', 10, '', '', '', 'si'),
	(101, '2024-08-27 00:00:00', 'conde', 'conde', 'conde', 3, '2708902', 'Contado', '30', 10, '', '', '', 'si'),
	(102, '2024-08-27 00:00:00', 'sinde', 'sinde', 'sinde', 3, '2708903', 'Contado', '30', NULL, '', '', '', 'si'),
	(103, '2024-08-27 00:00:00', 'sinde', 'conde', 'conde|', 3, '2708904', 'Contado', '30', 10, '', '', '', 'si'),
	(104, '2024-08-27 00:00:00', 'pso', 'pso', 'pso', 3, '2708915', 'Contado', '30', 10, '', '', '', 'no'),
	(105, '2024-08-27 00:00:00', 'much', 'much', 'much|', 3, '2708949', 'Contado', '30', NULL, '', '', '', 'no'),
	(106, '2024-08-27 00:00:00', 'chche', 'chche', 'chche', 3, '27081041', 'Contado', '30', NULL, '', '', '', 'si'),
	(107, '2024-08-27 00:00:00', 'snrgsas', 'snrgsas', 'snrgsas', 3, '27081048', 'Contado', '30', NULL, '', '', '', 'si'),
	(108, '2024-08-27 00:00:00', 'dgz', 'dgz', 'dgz', 3, '27081057', 'Contado', '30', NULL, '', '', '', 'si'),
	(109, '2024-08-27 00:00:00', 'frxxo', 'frxxo', 'frxxo', 3, '2708347', 'Contado', '30', NULL, '', '', '', 'si'),
	(110, '2024-08-27 00:00:00', 'ffrxxo yndel', 'ffrxxo yndel', 'ffrxxo yndel', 3, '2708416', 'Contado', '30', NULL, '', '', '', 'no'),
	(111, '2024-08-27 00:00:00', 'rrena', 'rrena', 'rrena', 3, '2708422', 'Contado', '30', NULL, '', '', '', 'no'),
	(112, '2024-08-27 21:25:56', 'jbal', 'jbal', 'jbal', 3, '2708425', 'Contado', '30', NULL, '', '', '', 'no'),
	(113, '2024-08-27 21:26:55', 'bad', 'bad', 'bad', 3, '2708426', 'Contado', '30', NULL, '', '', '', 'si'),
	(114, '2024-08-27 21:30:42', 'raw', 'raw', 'raw', 3, '2708430', 'Contado', '30', NULL, '', '', '', 'no'),
	(115, '2024-08-27 21:38:07', 'ddy', 'ddy', 'ddy', 3, '2708438', 'Contado', '30', NULL, '', '', '', 'no'),
	(116, '2024-08-28 19:38:45', 'BRQN BLEN', 'BRQN BLEN', 'BRQN BLEN', 3, '2608238', 'Contado', '30', NULL, '', '', '', 'si'),
	(117, '2024-08-29 14:32:28', 'cmlo umm', 'cmlo umm', 'cmlo umm', 3, '290824', 'Contado', '30', 10, 'camilo', '31546972', 'av sm,p viva', 'si'),
	(118, '2024-08-29 17:49:11', 'snescntg', 'snescntg', 'snescntg', 3, '29081248', 'Contado', '30', 10, 'aa', '12156', '', 'si'),
	(119, '2024-08-30 12:53:40', 'ls40', 'ls40', 'ls40', 3, '3008753', 'Contado', '30', NULL, '', '', '', 'si'),
	(120, '2024-08-30 13:24:05', 'preciosp', 'preciosp', 'preciosp', 3, '3008824', 'Contado', '30', NULL, '', '', '', 'si'),
	(121, '2024-08-30 13:29:55', 'sadpv', 'sadpv', 'sadpv', 3, '3008829', 'Contado', '30', NULL, '', '', '', 'si'),
	(122, '2024-08-30 21:17:27', 'cora t elegi', 'cora t elegi', 'cora t elegi', 3, '3008417', 'Contado', '30', NULL, '', '', '', 'si'),
	(123, '2024-09-02 19:29:25', 'siniva', 'siniva', 'siniva', 3, '0209229', 'Contado', '30', NULL, '', '', '', 'no'),
	(124, '2024-09-02 19:31:28', 'AAA DESCU', 'AAA DESCU', 'AAA DESCU', 3, '0209231', 'Contado', '30', 10, '', '', '', 'si'),
	(125, '2024-09-03 16:42:48', 'ptr', 'ptr', 'ptr', 3, '03091142', 'Contado', '30', NULL, '', '', '', 'si'),
	(126, '2024-09-04 15:21:46', 'BAMO cliente', 'BAMO contacto', 'BAMO proyecto', 3, '04091021', 'Contado', '30', 0, 'ese', '31999999', 'av siempre viva', 'si'),
	(127, '2024-09-04 15:24:34', 'arca', 'arca', 'arca', 3, '04091024', 'Credito 30 Dias', '30', 0, 'bamo', '3199999999999', 'aka', 'no'),
	(128, '2024-09-04 15:26:03', 'knfusa', 'knfusa', 'knfusa', 3, '04091025', 'Credito 60 Dias', '30', 0, 'bamo arca', '31222222222', 'ahest', 'si'),
	(129, '2024-09-04 18:59:11', 'ddy', 'ddy', 'ddy', 3, '0409158', 'Contado', '30', 0, 'aa', '31512415', 'traaaaaaaaaa', 'si');

-- Volcando estructura para tabla software_innova.customers
CREATE TABLE IF NOT EXISTS `customers` (
  `customer_id` int(11) NOT NULL AUTO_INCREMENT,
  `customer_email` varchar(80) NOT NULL,
  `customer_date` date NOT NULL,
  `user` int(11) DEFAULT NULL,
  `contactado` tinyint(1) DEFAULT 0,
  PRIMARY KEY (`customer_id`),
  KEY `user` (`user`),
  CONSTRAINT `customers_ibfk_1` FOREIGN KEY (`user`) REFERENCES `users` (`user_id`)
) ENGINE=InnoDB DEFAULT CHARSET=utf8mb4 COLLATE=utf8mb4_general_ci;

-- Volcando datos para la tabla software_innova.customers: ~0 rows (aproximadamente)

-- Volcando estructura para tabla software_innova.itemproveedores
CREATE TABLE IF NOT EXISTS `itemproveedores` (
  `item_id` int(11) NOT NULL,
  `id_proveedor` int(11) NOT NULL,
  `tipo_proveedor` int(11) NOT NULL,
  `precio` decimal(10,2) DEFAULT NULL,
  `fecha` date DEFAULT NULL,
  PRIMARY KEY (`item_id`,`id_proveedor`),
  KEY `id_proveedor` (`id_proveedor`),
  CONSTRAINT `itemproveedores_ibfk_1` FOREIGN KEY (`item_id`) REFERENCES `items` (`item_id`),
  CONSTRAINT `itemproveedores_ibfk_2` FOREIGN KEY (`id_proveedor`) REFERENCES `proveedores` (`ID_PROVEEDOR`)
) ENGINE=InnoDB DEFAULT CHARSET=utf8mb4 COLLATE=utf8mb4_general_ci;

-- Volcando datos para la tabla software_innova.itemproveedores: ~2.279 rows (aproximadamente)
INSERT INTO `itemproveedores` (`item_id`, `id_proveedor`, `tipo_proveedor`, `precio`, `fecha`) VALUES
	(1, 343, 1, 9512.00, '2024-01-01'),
	(2, 343, 1, 11824.00, '2024-01-01'),
	(3, 343, 1, 24260.00, '2024-01-01'),
	(4, 343, 1, 12430.00, '2024-01-01'),
	(5, 343, 1, 15533.00, '2024-01-01'),
	(6, 343, 1, 16581.00, '2024-01-01'),
	(7, 343, 1, 11214.00, '2024-01-01'),
	(8, 343, 1, 19043.00, '2024-01-01'),
	(9, 343, 1, 11214.00, '2024-01-01'),
	(10, 343, 1, 19043.00, '2024-01-01'),
	(11, 343, 1, 11318.00, '2024-01-01'),
	(12, 343, 1, 19147.00, '2024-01-01'),
	(13, 343, 1, 17261.00, '2024-01-01'),
	(14, 343, 1, 14760.00, '2024-01-01'),
	(15, 343, 1, 13710.00, '2024-01-01'),
	(16, 343, 1, 20124.00, '2024-01-01'),
	(17, 343, 1, 67390.00, '2024-01-01'),
	(18, 343, 1, 121510.00, '2024-01-01'),
	(19, 343, 1, 36700.00, '2024-01-01'),
	(20, 343, 1, 60460.00, '2024-01-01'),
	(21, 343, 1, 17272.00, '2024-01-01'),
	(22, 343, 1, 24376.00, '2024-01-01'),
	(23, 343, 1, 14393.00, '2024-01-01'),
	(24, 343, 1, 47907.00, '2024-01-01'),
	(25, 19, 2, 6545.00, '2022-10-13'),
	(25, 174, 1, 4284.00, '2023-06-08'),
	(26, 19, 2, 7140.00, '2022-10-13'),
	(27, 19, 2, 7378.00, '2022-10-13'),
	(27, 21, 1, 6386.00, '2023-06-08'),
	(27, 174, 3, 7900.00, '2022-08-10'),
	(28, 19, 1, 13328.00, '2023-07-08'),
	(28, 174, 2, 12614.00, '2023-07-08'),
	(29, 19, 2, 6397.00, '2023-07-08'),
	(29, 21, 1, 6937.00, '2023-07-01'),
	(29, 174, 3, 8806.00, '2023-07-08'),
	(30, 19, 2, 11662.00, '2023-07-08'),
	(30, 174, 1, 9758.00, '2023-07-08'),
	(31, 159, 1, 10710.00, '2022-09-29'),
	(31, 174, 2, 9044.00, '2023-07-08'),
	(32, 18, 1, 11338.00, '2023-05-25'),
	(33, 19, 2, 5831.00, '2022-10-13'),
	(33, 21, 1, 5831.00, '2023-06-08'),
	(33, 174, 3, 6400.00, '2022-08-26'),
	(34, 19, 2, 5831.00, '2022-10-13'),
	(34, 21, 1, 5831.00, '2023-06-08'),
	(34, 174, 3, 6400.00, '2022-08-26'),
	(35, 19, 2, 7616.00, '2022-10-13'),
	(35, 21, 3, 6937.00, '2022-10-13'),
	(35, 174, 1, 5926.00, '2023-06-08'),
	(36, 19, 2, 9282.00, '2022-10-13'),
	(36, 174, 1, 11328.00, '2023-06-08'),
	(37, 18, 1, 8300.00, '2023-12-19'),
	(37, 163, 2, 12500.00, '2023-12-20'),
	(38, 18, 1, 7300.00, '2023-12-19'),
	(38, 163, 2, 25000.00, '2023-12-19'),
	(39, 163, 1, 8100.00, '2024-04-20'),
	(40, 19, 2, 8152.00, '2022-10-13'),
	(40, 163, 1, 56900.00, '2024-04-01'),
	(41, 163, 1, 49200.00, '2024-04-01'),
	(42, 163, 1, 29000.00, '2024-04-01'),
	(43, 163, 1, 21600.00, '2024-04-01'),
	(44, 163, 1, 31111.00, '2023-12-01'),
	(45, 163, 1, 31111.00, '2023-12-01'),
	(46, 174, 1, 6400.00, '2022-08-26'),
	(46, 408, 2, 6188.00, '2022-09-13'),
	(47, 21, 1, 3769.00, '2023-08-17'),
	(48, 21, 1, 644.00, '2023-08-17'),
	(49, 163, 1, 66699.00, '2024-04-01'),
	(50, 163, 1, 31520.00, '2024-04-01'),
	(51, 163, 1, 30087.00, '2024-04-01'),
	(52, 163, 1, 60175.00, '2024-04-01'),
	(53, 163, 1, 25434.00, '2024-04-01'),
	(54, 163, 1, 26703.00, '2024-04-01'),
	(55, 19, 2, 13090.00, '2022-10-13'),
	(55, 163, 1, 32760.00, '2023-06-26'),
	(56, 159, 2, 794920.00, '2022-11-09'),
	(56, 174, 1, 687225.00, '2023-06-26'),
	(57, 188, 1, 7500.00, '2023-07-07'),
	(57, 239, 2, 5500.00, '2022-09-16'),
	(58, 188, 1, 15000.00, '2023-07-07'),
	(59, 163, 1, 8239.00, '2024-04-01'),
	(60, 163, 1, 16478.00, '2024-04-01'),
	(61, 159, 1, 21420.00, '2023-09-28'),
	(61, 163, 2, 59560.00, '2023-09-01'),
	(62, 174, 1, 133994.00, '2022-09-29'),
	(63, 159, 2, 3451.00, '2022-09-01'),
	(63, 163, 1, 4915.00, '2024-04-01'),
	(64, 22, 2, 928200.00, '2022-09-29'),
	(64, 174, 1, 610470.00, '2022-09-29'),
	(65, 163, 2, 202142.00, '2022-09-23'),
	(65, 174, 1, 271705.00, '2022-09-23'),
	(65, 239, 3, 249900.00, '2022-09-16'),
	(66, 163, 2, 328190.00, '2022-09-23'),
	(66, 174, 1, 292897.00, '2022-09-23'),
	(66, 239, 3, 261800.00, '2022-09-16'),
	(67, 174, 1, 543411.00, '2022-09-23'),
	(68, 174, 1, 542799.00, '2022-08-11'),
	(69, 174, 1, 293111.00, '2022-10-07'),
	(70, 174, 1, 334750.00, '2022-09-23'),
	(71, 163, 1, 22907.00, '2024-04-01'),
	(72, 163, 1, 12619.00, '2024-04-01'),
	(73, 163, 1, 26775.00, '2023-07-07'),
	(74, 163, 1, 37652.00, '2024-04-01'),
	(75, 159, 1, 9520.00, '2024-04-05'),
	(76, 159, 1, 380800.00, '2024-04-05'),
	(77, 188, 1, 20000.00, '2023-09-18'),
	(78, 163, 1, 678300.00, '2024-04-01'),
	(78, 214, 3, 590000.00, '2022-09-07'),
	(78, 215, 2, 535500.00, '2022-09-07'),
	(79, 159, 1, 14300.00, '2023-06-14'),
	(79, 163, 2, 10532.00, '2024-04-01'),
	(80, 159, 2, 16660.00, '2024-05-16'),
	(80, 163, 1, 16422.00, '2024-04-01'),
	(81, 159, 1, 785400.00, '2024-05-16'),
	(82, 163, 1, 64141.00, '2024-04-01'),
	(83, 163, 1, 91106.00, '2024-04-01'),
	(84, 174, 1, 980000.00, '2024-04-20'),
	(85, 159, 3, 6545.00, '2022-11-09'),
	(85, 163, 1, 7973.00, '2024-04-01'),
	(85, 188, 2, 7000.00, '2022-08-03'),
	(86, 159, 3, 13090.00, '2022-11-09'),
	(86, 163, 1, 15946.00, '2024-04-01'),
	(86, 188, 2, 14000.00, '2022-08-03'),
	(87, 159, 3, 15470.00, '2022-11-09'),
	(87, 163, 1, 19866.00, '2024-04-01'),
	(87, 188, 2, 17500.00, '2022-08-03'),
	(88, 163, 1, 398650.00, '2024-04-01'),
	(88, 174, 2, 261800.00, '2022-08-17'),
	(88, 239, 3, 261800.00, '2022-09-16'),
	(89, 163, 1, 797300.00, '2024-04-01'),
	(89, 174, 2, 523600.00, '2022-08-17'),
	(89, 239, 3, 523600.00, '2022-09-16'),
	(90, 163, 1, 993300.00, '2024-04-01'),
	(90, 174, 2, 666400.00, '2022-08-17'),
	(90, 239, 3, 652120.00, '2022-09-16'),
	(91, 174, 1, 523600.00, '2022-08-17'),
	(92, 163, 1, 22187.00, '2024-04-01'),
	(93, 163, 1, 44374.00, '2024-04-01'),
	(94, 163, 1, 12482.00, '2024-04-01'),
	(94, 224, 2, 10710.00, '2022-09-09'),
	(95, 163, 1, 574190.00, '2024-04-01'),
	(95, 224, 2, 595000.00, '2022-09-09'),
	(96, 224, 1, 21420.00, '2022-09-09'),
	(97, 224, 1, 1178100.00, '2022-09-09'),
	(98, 174, 1, 142800.00, '2022-09-09'),
	(99, 174, 1, 5997600.00, '2022-09-09'),
	(100, 163, 1, 27817.00, '2024-04-01'),
	(101, 163, 1, 1279611.00, '2024-04-01'),
	(102, 163, 1, 56660.00, '2024-04-01'),
	(103, 163, 1, 2606364.00, '2024-04-01'),
	(104, 163, 1, 87499.00, '2024-04-01'),
	(105, 163, 1, 4024983.00, '2024-04-01'),
	(106, 159, 1, 41650.00, '2023-07-07'),
	(106, 163, 2, 48790.00, '2024-04-01'),
	(106, 224, 3, 45600.00, '2024-04-01'),
	(107, 159, 1, 83300.00, '2022-11-09'),
	(107, 163, 2, 155081.00, '2024-04-01'),
	(107, 224, 3, 91200.00, '2024-04-01'),
	(110, 174, 1, 1526817.00, '2022-08-11'),
	(111, 174, 1, 1707066.00, '2022-08-11'),
	(112, 174, 1, 2799165.00, '2022-08-11'),
	(113, 174, 1, 3414133.00, '2022-08-11'),
	(114, 174, 1, 4879000.00, '2022-08-11'),
	(115, 174, 1, 3570000.00, '2022-08-11'),
	(116, 174, 1, 4450600.00, '2022-08-11'),
	(117, 174, 1, 2436525.00, '2022-08-11'),
	(118, 174, 1, 3123750.00, '2022-08-11'),
	(119, 174, 1, 5831000.00, '2022-08-11'),
	(120, 174, 1, 513000.00, '2022-09-23'),
	(121, 163, 1, 24990.00, '2024-04-01'),
	(121, 429, 2, 28000.00, '2023-02-03'),
	(122, 163, 1, 35973.00, '2024-04-01'),
	(122, 429, 2, 35000.00, '2023-02-03'),
	(123, 163, 1, 84118.00, '2024-04-01'),
	(124, 163, 1, 142764.00, '2024-04-01'),
	(125, 154, 2, 26000.00, '2022-09-12'),
	(125, 180, 1, 26700.00, '2023-02-01'),
	(126, 154, 1, 36900.00, '2023-04-18'),
	(127, 154, 1, 16800.00, '2023-01-25'),
	(127, 180, 2, 14242.00, '2022-08-08'),
	(128, 154, 1, 18300.00, '2023-02-01'),
	(128, 180, 2, 18127.00, '2022-08-08'),
	(129, 154, 1, 19425.00, '2023-09-27'),
	(129, 180, 2, 21484.00, '2022-10-04'),
	(130, 154, 1, 26100.00, '2023-02-01'),
	(130, 180, 2, 25159.00, '2022-08-08'),
	(131, 154, 1, 26400.00, '2024-01-18'),
	(131, 180, 2, 29785.00, '2022-10-04'),
	(132, 154, 1, 38010.00, '2024-04-23'),
	(132, 180, 2, 44497.00, '2022-10-04'),
	(133, 154, 1, 57000.00, '2023-02-01'),
	(134, 154, 1, 23700.00, '2023-02-01'),
	(136, 154, 1, 28800.00, '2023-02-01'),
	(136, 180, 2, 28382.00, '2022-10-31'),
	(138, 154, 1, 38300.00, '2023-04-10'),
	(138, 180, 2, 37311.00, '2022-10-31'),
	(139, 154, 1, 65999.00, '2023-02-01'),
	(139, 180, 2, 81538.00, '2022-11-08'),
	(140, 154, 1, 74000.00, '2023-02-01'),
	(141, 154, 1, 42000.00, '2024-03-11'),
	(142, 154, 1, 14850.00, '2024-02-07'),
	(142, 180, 2, 17277.00, '2022-08-08'),
	(143, 154, 1, 21450.00, '2024-02-20'),
	(143, 180, 2, 24800.00, '2023-01-16'),
	(144, 154, 1, 29150.00, '2024-02-23'),
	(144, 180, 2, 29096.00, '2022-10-04'),
	(145, 154, 1, 43575.00, '2024-03-06'),
	(145, 180, 2, 45000.00, '2022-09-27'),
	(146, 154, 1, 64942.00, '2024-04-16'),
	(147, 154, 1, 41500.00, '2023-02-01'),
	(147, 180, 2, 38416.00, '2022-10-31'),
	(148, 154, 1, 65999.00, '2023-02-01'),
	(149, 154, 1, 89000.00, '2023-02-01'),
	(149, 180, 2, 83730.00, '2022-10-31'),
	(150, 154, 1, 90000.00, '2023-08-16'),
	(151, 154, 1, 52342.00, '2024-04-29'),
	(152, 154, 1, 21945.00, '2024-04-09'),
	(152, 180, 2, 26329.00, '2022-08-08'),
	(153, 154, 1, 31000.00, '2023-11-03'),
	(153, 180, 2, 39140.00, '2022-08-08'),
	(154, 154, 1, 52000.00, '2023-02-01'),
	(154, 180, 2, 45312.00, '2022-08-08'),
	(155, 154, 1, 61425.00, '2023-11-03'),
	(157, 180, 1, 73715.00, '2023-09-29'),
	(158, 154, 1, 78000.00, '2023-06-16'),
	(159, 154, 1, 46200.00, '2023-11-03'),
	(160, 154, 1, 120750.00, '2023-09-29'),
	(161, 154, 1, 85680.00, '2023-10-28'),
	(163, 154, 1, 40950.00, '2024-04-15'),
	(164, 154, 1, 57599.00, '2023-04-12'),
	(164, 431, 2, 51261.00, '2022-07-25'),
	(165, 154, 1, 65520.00, '2023-09-25'),
	(165, 431, 2, 65546.00, '2022-07-25'),
	(166, 154, 1, 77490.00, '2024-04-08'),
	(166, 431, 2, 79307.00, '2022-07-25'),
	(167, 154, 1, 94500.00, '2023-09-23'),
	(168, 154, 1, 110880.00, '2024-04-16'),
	(170, 180, 1, 45459.00, '2024-04-12'),
	(172, 151, 2, 117600.00, '2023-06-06'),
	(172, 154, 1, 77910.00, '2023-09-25'),
	(173, 154, 1, 100000.00, '2023-05-24'),
	(174, 154, 1, 114345.00, '2024-04-16'),
	(174, 180, 2, 134000.00, '2022-09-27'),
	(175, 154, 1, 141790.00, '2024-02-02'),
	(176, 154, 1, 188000.00, '2022-10-25'),
	(181, 154, 1, 97230.00, '2023-12-11'),
	(182, 154, 1, 140600.00, '2022-09-09'),
	(183, 154, 1, 167000.00, '2022-12-06'),
	(184, 154, 1, 208000.00, '2023-03-21'),
	(185, 154, 1, 161000.00, '2023-04-20'),
	(186, 154, 1, 195000.00, '2023-04-20'),
	(187, 154, 1, 208950.00, '2024-04-05'),
	(188, 151, 1, 115500.00, '2023-09-27'),
	(189, 154, 1, 237405.00, '2024-04-05'),
	(190, 180, 1, 186439.00, '2023-09-27'),
	(191, 154, 1, 227850.00, '2023-09-27'),
	(191, 337, 2, 266000.00, '2023-09-27'),
	(192, 154, 1, 349860.00, '2024-04-05'),
	(193, 154, 1, 118702.00, '2024-04-05'),
	(194, 154, 1, 160650.00, '2024-04-05'),
	(195, 154, 1, 453390.00, '2024-04-05'),
	(196, 154, 1, 509250.00, '2024-03-12'),
	(200, 337, 1, 63900.00, '2023-11-01'),
	(202, 180, 1, 150360.00, '2023-11-28'),
	(204, 151, 1, 79900.00, '2023-09-27'),
	(205, 154, 1, 87360.00, '2023-09-27'),
	(205, 337, 2, 93000.00, '2023-09-27'),
	(206, 337, 1, 102490.00, '2023-11-01'),
	(207, 180, 1, 189210.00, '2023-11-28'),
	(208, 154, 1, 23500.00, '2023-09-12'),
	(208, 431, 2, 25500.00, '2022-07-25'),
	(209, 151, 1, 22260.00, '2023-09-12'),
	(210, 151, 3, 42500.00, '2022-08-31'),
	(210, 154, 1, 39270.00, '2024-03-01'),
	(210, 180, 2, 40669.00, '2022-10-04'),
	(211, 151, 3, 31500.00, '2022-08-31'),
	(211, 154, 1, 32392.00, '2024-04-05'),
	(212, 154, 1, 51000.00, '2023-02-01'),
	(213, 151, 3, 61000.00, '2022-08-31'),
	(213, 154, 1, 62800.00, '2023-03-21'),
	(213, 431, 2, 64100.00, '2022-07-25'),
	(214, 151, 3, 83000.00, '2022-08-31'),
	(214, 154, 1, 84400.00, '2023-02-24'),
	(214, 431, 2, 87950.00, '2022-07-25'),
	(215, 151, 3, 57900.00, '2022-08-31'),
	(215, 154, 1, 58100.00, '2023-02-01'),
	(215, 431, 2, 56799.00, '2022-07-25'),
	(216, 151, 3, 74900.00, '2022-08-31'),
	(216, 154, 1, 74700.00, '2023-02-01'),
	(217, 151, 3, 88900.00, '2022-08-31'),
	(217, 154, 1, 87465.00, '2024-03-01'),
	(217, 180, 2, 91506.00, '2022-10-04'),
	(218, 151, 3, 121900.00, '2022-08-31'),
	(218, 154, 1, 121800.00, '2023-07-08'),
	(218, 431, 2, 129750.00, '2022-07-25'),
	(219, 151, 3, 164000.00, '2022-08-31'),
	(219, 154, 1, 155000.00, '2023-07-08'),
	(220, 154, 1, 225000.00, '2023-07-08'),
	(221, 151, 1, 116900.00, '2023-02-01'),
	(222, 151, 3, 159900.00, '2022-09-08'),
	(222, 154, 1, 163327.00, '2024-04-09'),
	(222, 180, 2, 150824.00, '2024-04-15'),
	(223, 151, 3, 221000.00, '2022-08-31'),
	(223, 154, 1, 212730.00, '2024-04-05'),
	(223, 180, 2, 242691.00, '2022-11-08'),
	(224, 151, 3, 259000.00, '2022-08-31'),
	(224, 154, 1, 247999.00, '2023-02-01'),
	(224, 180, 2, 338370.00, '2022-11-08'),
	(225, 151, 3, 384000.00, '2022-08-31'),
	(225, 154, 1, 369999.00, '2023-02-01'),
	(226, 154, 1, 14385.00, '2024-02-20'),
	(227, 154, 1, 21000.00, '2023-07-05'),
	(228, 151, 1, 27500.00, '2023-04-12'),
	(229, 154, 1, 32300.00, '2023-04-11'),
	(230, 154, 1, 43500.00, '2023-04-11'),
	(231, 154, 1, 30450.00, '2023-11-21'),
	(233, 154, 1, 48500.00, '2023-04-12'),
	(234, 154, 1, 64300.00, '2023-05-25'),
	(236, 153, 2, 95000.00, '2022-10-05'),
	(236, 154, 1, 97700.00, '2023-05-25'),
	(239, 154, 1, 88214.00, '2024-04-17'),
	(242, 153, 1, 45000.00, '2022-10-15'),
	(246, 154, 1, 106599.00, '2022-11-08'),
	(246, 180, 2, 100009.00, '2022-11-08'),
	(253, 154, 1, 44625.00, '2024-01-25'),
	(253, 173, 3, 53000.00, '2022-08-11'),
	(254, 154, 1, 52920.00, '2024-09-08'),
	(254, 173, 3, 68000.00, '2022-08-11'),
	(255, 154, 1, 82500.00, '2023-02-01'),
	(255, 173, 3, 88000.00, '2022-08-11'),
	(255, 180, 2, 78750.00, '2023-01-16'),
	(256, 154, 1, 88530.00, '2024-03-11'),
	(256, 180, 2, 96000.00, '2023-01-16'),
	(257, 154, 1, 135500.00, '2023-02-01'),
	(257, 173, 3, 138000.00, '2022-09-21'),
	(258, 154, 1, 144000.00, '2023-12-13'),
	(258, 173, 3, 180000.00, '2022-08-29'),
	(258, 180, 2, 190759.00, '2022-11-08'),
	(261, 154, 1, 66110.00, '2024-01-19'),
	(262, 154, 1, 103000.00, '2023-02-01'),
	(262, 173, 3, 99000.00, '2022-08-11'),
	(263, 154, 1, 104475.00, '2024-04-17'),
	(263, 173, 3, 128000.00, '2022-08-11'),
	(263, 180, 2, 115000.00, '2023-07-05'),
	(264, 154, 1, 154000.00, '2023-03-25'),
	(264, 173, 3, 158000.00, '2022-08-11'),
	(264, 180, 2, 114587.00, '2024-04-17'),
	(265, 154, 1, 202000.00, '2023-02-01'),
	(265, 173, 3, 204000.00, '2022-09-21'),
	(265, 180, 2, 180788.00, '2022-10-27'),
	(266, 154, 1, 214200.00, '2023-12-13'),
	(266, 173, 3, 270000.00, '2022-08-29'),
	(266, 180, 2, 283667.00, '2022-11-08'),
	(267, 154, 1, 325000.00, '2023-02-01'),
	(270, 154, 1, 41100.00, '2023-09-23'),
	(271, 154, 1, 51600.00, '2023-09-23'),
	(271, 180, 2, 61700.00, '2022-09-28'),
	(272, 154, 1, 65835.00, '2024-04-30'),
	(272, 173, 3, 90000.00, '2022-08-11'),
	(273, 154, 1, 86000.00, '2023-08-26'),
	(277, 154, 1, 77000.00, '2022-08-11'),
	(278, 154, 1, 99400.00, '2022-08-11'),
	(278, 420, 2, 93000.00, '2022-09-24'),
	(279, 154, 1, 97965.00, '2024-04-30'),
	(279, 173, 3, 120000.00, '2022-08-11'),
	(280, 154, 1, 125947.00, '2024-07-11'),
	(280, 180, 2, 113032.00, '2024-07-11'),
	(281, 154, 1, 159495.00, '2024-07-11'),
	(281, 180, 2, 149100.00, '2024-07-11'),
	(282, 154, 1, 336480.00, '2022-08-11'),
	(283, 317, 1, 299000.00, '2023-08-30'),
	(284, 154, 1, 310800.00, '2023-11-03'),
	(285, 180, 1, 17000.00, '2023-09-13'),
	(286, 180, 1, 24301.00, '2023-09-13'),
	(287, 151, 1, 21500.00, '2023-09-13'),
	(288, 151, 1, 30900.00, '2023-09-13'),
	(289, 151, 2, 177000.00, '2023-09-19'),
	(289, 180, 1, 160000.00, '2023-09-19'),
	(290, 338, 1, 29300.00, '2023-03-29'),
	(291, 338, 1, 29300.00, '2023-03-29'),
	(292, 338, 1, 29300.00, '2023-03-29'),
	(293, 338, 1, 29300.00, '2023-03-29'),
	(294, 338, 1, 43271.00, '2023-03-07'),
	(295, 338, 1, 52791.00, '2023-03-07'),
	(296, 338, 1, 54890.00, '2023-03-07'),
	(297, 338, 1, 66963.00, '2023-03-07'),
	(298, 338, 1, 56900.00, '2023-03-29'),
	(299, 338, 1, 42200.00, '2023-03-29'),
	(300, 338, 1, 25500.00, '2023-03-16'),
	(301, 154, 1, 3570.00, '2024-01-18'),
	(302, 154, 1, 5355.00, '2024-04-01'),
	(303, 154, 1, 6615.00, '2024-04-20'),
	(304, 154, 1, 8295.00, '2024-04-24'),
	(305, 154, 1, 14280.00, '2024-02-07'),
	(306, 154, 2, 20200.00, '2023-01-25'),
	(306, 180, 1, 18270.00, '2024-04-20'),
	(307, 180, 1, 36100.00, '2022-09-12'),
	(308, 154, 1, 30500.00, '2023-10-05'),
	(309, 240, 1, 7497.00, '2022-10-14'),
	(310, 154, 1, 28350.00, '2023-10-05'),
	(311, 153, 1, 51850.00, '2022-09-03'),
	(311, 154, 2, 45700.00, '2022-09-05'),
	(311, 240, 3, 46350.00, '2022-09-17'),
	(312, 172, 1, 9600.00, '2022-08-10'),
	(313, 171, 1, 107100.00, '2023-10-05'),
	(313, 436, 2, 107100.00, '2023-10-05'),
	(314, 171, 1, 130900.00, '2023-10-05'),
	(314, 393, 3, 167766.00, '2023-10-05'),
	(314, 436, 2, 130900.00, '2023-10-05'),
	(315, 171, 1, 214200.00, '2023-10-05'),
	(315, 393, 3, 269915.00, '2023-10-05'),
	(315, 436, 2, 238000.00, '2023-10-05'),
	(316, 393, 1, 356821.00, '2023-10-05'),
	(317, 171, 1, 416500.00, '2023-09-25'),
	(317, 411, 2, 480000.00, '2023-09-25'),
	(318, 171, 1, 464100.00, '2023-09-25'),
	(318, 411, 2, 490000.00, '2023-09-25'),
	(319, 171, 1, 773500.00, '2023-09-25'),
	(319, 411, 2, 1350000.00, '2023-09-25'),
	(320, 171, 1, 1166200.00, '2023-09-25'),
	(320, 411, 2, 1450000.00, '2023-09-25'),
	(321, 289, 1, 24454.00, '2023-10-05'),
	(322, 289, 1, 58750.00, '2023-10-05'),
	(323, 289, 1, 103173.00, '2023-10-05'),
	(324, 153, 1, 49517.00, '2022-09-05'),
	(325, 154, 1, 272000.00, '2022-09-15'),
	(325, 240, 2, 283339.00, '2022-09-17'),
	(326, 298, 1, 2000.00, '2023-08-09'),
	(327, 293, 1, 2900.00, '2023-03-27'),
	(328, 293, 1, 3500.00, '2023-04-12'),
	(329, 293, 1, 14000.00, '2023-02-08'),
	(330, 414, 1, 65000.00, '2023-07-11'),
	(331, 269, 1, 130000.00, '2023-10-05'),
	(332, 293, 1, 1700000.00, '2022-09-15'),
	(333, 293, 1, 2240000.00, '2022-09-15'),
	(334, 293, 1, 39000.00, '2022-09-15'),
	(335, 293, 1, 10000.00, '2022-09-15'),
	(336, 293, 1, 190000.00, '2022-09-15'),
	(337, 343, 1, 13000000.00, '2023-06-01'),
	(338, 232, 1, 4723.00, '2023-03-21'),
	(339, 189, 1, 14748.00, '2023-03-21'),
	(339, 232, 2, 13495.00, '2023-03-21'),
	(340, 189, 1, 19664.00, '2023-03-21'),
	(340, 232, 2, 17993.00, '2023-03-21'),
	(341, 189, 1, 29495.00, '2023-03-21'),
	(341, 232, 2, 27000.00, '2023-05-11'),
	(342, 189, 1, 39327.00, '2023-03-21'),
	(342, 232, 2, 35986.00, '2023-03-21'),
	(343, 189, 1, 49159.00, '2023-03-21'),
	(343, 232, 2, 44982.00, '2023-03-21'),
	(344, 189, 1, 58991.00, '2023-03-21'),
	(344, 232, 2, 54000.00, '2023-03-21'),
	(345, 189, 1, 78654.00, '2023-03-21'),
	(345, 232, 2, 72000.00, '2023-05-12'),
	(346, 189, 1, 98318.00, '2023-03-21'),
	(346, 232, 2, 90000.00, '2023-03-21'),
	(347, 189, 1, 117981.00, '2023-03-21'),
	(347, 232, 2, 108000.00, '2023-03-21'),
	(348, 189, 1, 147477.00, '2023-03-21'),
	(348, 232, 2, 135000.00, '2023-03-21'),
	(349, 232, 2, 162000.00, '2023-03-21'),
	(350, 189, 1, 63700.00, '2023-01-24'),
	(351, 232, 2, 77729.00, '2023-03-21'),
	(352, 189, 1, 106183.00, '2023-03-21'),
	(352, 232, 2, 97161.00, '2023-03-21'),
	(353, 189, 1, 29495.00, '2023-03-21'),
	(354, 189, 1, 44243.00, '2023-03-21'),
	(354, 232, 2, 40500.00, '2023-03-21'),
	(355, 189, 1, 58991.00, '2023-03-21'),
	(355, 232, 2, 53978.00, '2023-03-21'),
	(356, 189, 1, 88486.00, '2023-03-21'),
	(356, 232, 2, 80100.00, '2023-03-21'),
	(357, 189, 1, 117981.00, '2023-03-21'),
	(357, 232, 2, 108000.00, '2023-03-21'),
	(358, 189, 1, 147477.00, '2023-03-21'),
	(359, 189, 1, 35394.00, '2023-03-21'),
	(359, 232, 2, 32387.00, '2023-03-21'),
	(360, 189, 1, 53092.00, '2023-03-21'),
	(360, 232, 2, 48451.00, '2023-03-21'),
	(361, 189, 1, 70789.00, '2023-03-21'),
	(361, 232, 2, 64774.00, '2023-03-21'),
	(362, 189, 1, 106183.00, '2023-03-21'),
	(362, 232, 2, 97161.00, '2023-03-21'),
	(363, 189, 1, 141578.00, '2023-03-21'),
	(363, 232, 2, 129548.00, '2023-03-21'),
	(364, 189, 1, 176972.00, '2023-03-21'),
	(364, 232, 2, 161935.00, '2023-03-21'),
	(365, 189, 1, 56631.00, '2023-03-21'),
	(365, 232, 2, 51819.00, '2023-03-21'),
	(366, 189, 1, 84947.00, '2023-03-21'),
	(366, 232, 2, 77729.00, '2023-03-21'),
	(367, 189, 1, 113262.00, '2023-03-21'),
	(367, 232, 2, 103639.00, '2023-03-21'),
	(368, 189, 1, 21057.00, '2023-03-21'),
	(369, 220, 2, 117800.00, '2023-03-21'),
	(369, 376, 1, 123760.00, '2024-01-01'),
	(370, 376, 1, 73780.00, '2024-01-01'),
	(371, 376, 1, 36890.00, '2024-01-01'),
	(372, 376, 1, 20230.00, '2024-01-01'),
	(373, 220, 2, 146000.00, '2022-09-15'),
	(373, 376, 1, 154700.00, '2024-01-01'),
	(374, 376, 1, 92820.00, '2024-01-01'),
	(375, 376, 1, 46410.00, '2024-01-01'),
	(376, 376, 1, 24990.00, '2024-01-01'),
	(377, 220, 2, 217770.00, '2022-09-15'),
	(377, 376, 1, 216580.00, '2024-01-01'),
	(378, 376, 1, 130900.00, '2024-01-01'),
	(379, 376, 1, 65450.00, '2024-01-01'),
	(380, 376, 1, 34510.00, '2024-01-01'),
	(381, 220, 2, 266560.00, '2022-09-29'),
	(381, 376, 1, 255850.00, '2024-01-01'),
	(382, 376, 1, 153510.00, '2024-01-01'),
	(383, 376, 1, 77350.00, '2024-01-01'),
	(384, 376, 1, 40460.00, '2024-01-01'),
	(386, 220, 2, 453390.00, '2022-09-15'),
	(386, 376, 1, 409360.00, '2024-01-01'),
	(387, 376, 1, 246330.00, '2024-01-01'),
	(388, 376, 1, 123760.00, '2024-01-01'),
	(389, 376, 1, 64260.00, '2024-01-01'),
	(390, 220, 2, 537880.00, '2022-09-15'),
	(390, 376, 1, 446250.00, '2024-01-01'),
	(391, 376, 1, 267750.00, '2024-01-01'),
	(392, 376, 1, 134470.00, '2024-01-01'),
	(393, 376, 1, 70210.00, '2024-01-01'),
	(394, 220, 2, 126140.00, '2022-09-15'),
	(394, 376, 1, 128520.00, '2024-01-01'),
	(395, 376, 1, 77350.00, '2024-01-01'),
	(396, 376, 1, 39270.00, '2024-01-01'),
	(397, 376, 1, 21420.00, '2024-01-01'),
	(398, 220, 2, 184450.00, '2022-09-15'),
	(398, 376, 1, 160650.00, '2024-01-01'),
	(399, 376, 1, 96390.00, '2024-01-01'),
	(400, 376, 1, 48790.00, '2024-01-01'),
	(401, 376, 1, 26180.00, '2024-01-01'),
	(402, 220, 2, 232050.00, '2022-09-15'),
	(402, 376, 1, 223720.00, '2024-01-01'),
	(403, 376, 1, 134470.00, '2024-01-01'),
	(404, 376, 1, 67830.00, '2024-01-01'),
	(405, 376, 1, 35700.00, '2024-01-01'),
	(406, 220, 2, 282030.00, '2022-09-15'),
	(406, 376, 1, 261800.00, '2024-01-01'),
	(407, 376, 1, 157080.00, '2024-01-01'),
	(408, 376, 1, 78540.00, '2024-01-01'),
	(409, 376, 1, 41650.00, '2024-01-01'),
	(410, 220, 2, 480760.00, '2022-09-15'),
	(410, 376, 1, 416500.00, '2024-01-01'),
	(411, 376, 1, 249900.00, '2024-01-01'),
	(412, 376, 1, 124950.00, '2024-01-01'),
	(413, 376, 1, 65450.00, '2024-01-01'),
	(414, 220, 2, 570010.00, '2022-09-15'),
	(414, 376, 1, 452200.00, '2024-01-01'),
	(415, 376, 1, 271320.00, '2024-01-01'),
	(416, 376, 1, 135660.00, '2024-01-01'),
	(417, 376, 1, 71400.00, '2024-01-01'),
	(418, 220, 2, 135660.00, '2022-09-15'),
	(418, 376, 1, 146370.00, '2024-01-01'),
	(419, 376, 1, 88060.00, '2024-01-01'),
	(420, 376, 1, 44030.00, '2024-01-01'),
	(421, 376, 1, 23800.00, '2024-01-01'),
	(422, 220, 2, 198730.00, '2022-09-15'),
	(422, 376, 1, 172550.00, '2024-01-01'),
	(423, 376, 1, 103530.00, '2024-01-01'),
	(424, 376, 1, 52360.00, '2024-01-01'),
	(425, 376, 1, 27370.00, '2024-01-01'),
	(426, 220, 2, 248710.00, '2022-09-15'),
	(426, 376, 1, 234430.00, '2024-01-01'),
	(427, 376, 1, 140420.00, '2024-01-01'),
	(428, 376, 1, 70210.00, '2024-01-01'),
	(429, 376, 1, 35700.00, '2024-01-01'),
	(430, 220, 2, 303450.00, '2022-09-15'),
	(430, 376, 1, 274890.00, '2024-01-01'),
	(431, 376, 1, 164220.00, '2024-01-01'),
	(432, 376, 1, 82110.00, '2024-01-01'),
	(433, 376, 1, 42840.00, '2024-01-01'),
	(434, 220, 2, 517650.00, '2022-09-15'),
	(434, 376, 1, 431970.00, '2024-01-01'),
	(435, 376, 1, 259420.00, '2024-01-01'),
	(436, 376, 1, 129710.00, '2024-01-01'),
	(437, 376, 1, 67830.00, '2024-01-01'),
	(438, 203, 2, 547400.00, '2024-02-21'),
	(438, 220, 3, 612850.00, '2022-09-15'),
	(438, 376, 1, 476000.00, '2024-01-01'),
	(439, 376, 1, 285600.00, '2024-01-01'),
	(440, 376, 1, 142800.00, '2024-01-01'),
	(441, 376, 1, 74970.00, '2024-01-01'),
	(442, 376, 1, 297500.00, '2024-01-01'),
	(443, 220, 2, 401030.00, '2022-09-23'),
	(443, 376, 1, 374850.00, '2024-01-01'),
	(444, 220, 2, 502180.00, '2022-09-23'),
	(444, 376, 1, 428400.00, '2024-01-01'),
	(445, 251, 3, 172550.00, '2022-09-24'),
	(445, 270, 1, 138112.00, '2023-06-01'),
	(445, 328, 2, 142800.00, '2022-10-08'),
	(446, 219, 3, 266560.00, '2022-09-13'),
	(446, 270, 1, 198474.00, '2023-06-01'),
	(446, 328, 2, 204680.00, '2022-10-08'),
	(447, 219, 3, 353073.00, '2022-09-13'),
	(447, 270, 1, 265462.00, '2023-06-01'),
	(447, 328, 2, 267750.00, '2022-10-08'),
	(448, 219, 3, 434826.00, '2022-09-13'),
	(448, 270, 1, 332375.00, '2023-06-01'),
	(448, 328, 2, 335580.00, '2022-10-08'),
	(449, 219, 3, 533358.00, '2022-09-13'),
	(449, 270, 1, 387226.00, '2023-06-01'),
	(450, 219, 3, 731731.00, '2022-09-13'),
	(450, 270, 1, 530849.00, '2023-06-01'),
	(451, 219, 3, 909041.00, '2022-09-13'),
	(451, 270, 1, 664824.00, '2023-06-01'),
	(451, 328, 2, 702100.00, '2022-10-08'),
	(452, 251, 2, 184450.00, '2022-09-24'),
	(452, 270, 1, 142324.00, '2023-06-01'),
	(452, 328, 3, 149940.00, '2022-10-08'),
	(453, 270, 1, 201998.00, '2023-06-01'),
	(453, 328, 3, 210630.00, '2022-10-08'),
	(453, 374, 2, 200000.00, '2023-12-21'),
	(454, 327, 1, 368900.00, '2022-10-08'),
	(455, 251, 2, 351050.00, '2022-09-24'),
	(455, 328, 3, 345100.00, '2022-10-08'),
	(455, 376, 1, 280000.00, '2024-01-01'),
	(456, 376, 1, 191590.00, '2024-01-01'),
	(457, 376, 1, 96390.00, '2024-01-01'),
	(458, 376, 1, 51170.00, '2024-01-01'),
	(459, 251, 2, 404600.00, '2022-11-11'),
	(459, 376, 1, 380000.00, '2024-01-01'),
	(460, 376, 1, 249900.00, '2024-01-01'),
	(461, 376, 1, 124950.00, '2024-01-01'),
	(462, 376, 1, 65450.00, '2024-01-01'),
	(463, 203, 2, 380000.00, '2023-11-20'),
	(463, 376, 1, 380000.00, '2024-01-01'),
	(464, 376, 1, 249900.00, '2024-01-01'),
	(465, 376, 1, 124950.00, '2024-01-01'),
	(466, 376, 1, 65450.00, '2024-01-01'),
	(467, 376, 1, 204000.00, '2024-01-01'),
	(468, 376, 1, 140420.00, '2024-01-01'),
	(469, 376, 1, 70210.00, '2024-01-01'),
	(470, 376, 1, 36890.00, '2024-01-01'),
	(471, 376, 1, 270000.00, '2024-01-01'),
	(472, 376, 1, 185640.00, '2024-01-01'),
	(473, 376, 1, 92820.00, '2024-01-01'),
	(474, 376, 1, 48790.00, '2024-01-01'),
	(475, 376, 1, 363000.00, '2024-01-01'),
	(476, 376, 1, 248710.00, '2024-01-01'),
	(477, 376, 1, 124950.00, '2024-01-01'),
	(478, 376, 1, 65450.00, '2024-01-01'),
	(479, 376, 1, 458000.00, '2024-01-01'),
	(480, 376, 1, 314160.00, '2024-01-01'),
	(481, 376, 1, 157080.00, '2024-01-01'),
	(482, 376, 1, 83300.00, '2024-01-01'),
	(483, 376, 1, 985000.00, '2024-01-01'),
	(484, 376, 1, 644980.00, '2024-01-01'),
	(485, 376, 1, 322490.00, '2024-01-01'),
	(486, 376, 1, 178500.00, '2024-01-01'),
	(487, 376, 1, 214000.00, '2024-01-01'),
	(488, 376, 1, 147560.00, '2024-01-01'),
	(489, 376, 1, 73780.00, '2024-01-01'),
	(490, 376, 1, 39270.00, '2024-01-01'),
	(491, 376, 1, 286000.00, '2024-01-01'),
	(492, 376, 1, 196350.00, '2024-01-01'),
	(493, 376, 1, 98770.00, '2024-01-01'),
	(494, 376, 1, 52360.00, '2024-01-01'),
	(495, 376, 1, 385000.00, '2024-01-01'),
	(496, 376, 1, 264180.00, '2024-01-01'),
	(497, 376, 1, 132090.00, '2024-01-01'),
	(498, 376, 1, 70210.00, '2024-01-01'),
	(499, 376, 1, 315000.00, '2024-01-01'),
	(500, 376, 1, 207060.00, '2024-01-01'),
	(501, 376, 1, 103530.00, '2024-01-01'),
	(502, 376, 1, 58310.00, '2024-01-01'),
	(503, 376, 1, 286000.00, '2024-01-01'),
	(504, 376, 1, 196350.00, '2024-01-01'),
	(505, 376, 1, 98770.00, '2024-01-01'),
	(506, 376, 1, 52360.00, '2024-01-01'),
	(507, 219, 1, 748867.00, '2024-02-22'),
	(508, 219, 1, 454580.00, '2022-09-22'),
	(509, 219, 1, 604163.00, '2022-09-22'),
	(509, 220, 2, 723520.00, '2022-09-23'),
	(510, 219, 1, 750176.00, '2022-09-22'),
	(510, 220, 2, 749700.00, '2022-09-23'),
	(511, 104, 2, 45000.00, '2022-08-24'),
	(511, 169, 1, 47000.00, '2023-10-06'),
	(512, 104, 2, 54000.00, '2022-08-24'),
	(512, 169, 1, 51500.00, '2023-10-06'),
	(513, 104, 2, 51000.00, '2022-08-24'),
	(513, 169, 1, 55000.00, '2023-03-21'),
	(514, 396, 1, 79800.00, '2023-11-01'),
	(515, 396, 1, 383250.00, '2023-11-01'),
	(516, 318, 1, 113000.00, '2023-10-01'),
	(517, 104, 2, 54000.00, '2022-08-25'),
	(517, 169, 1, 59000.00, '2023-03-21'),
	(518, 104, 2, 60000.00, '2022-08-25'),
	(519, 169, 1, 50000.00, '2023-09-27'),
	(520, 169, 1, 26000.00, '2023-05-10'),
	(521, 169, 1, 15000.00, '2023-05-10'),
	(524, 169, 2, 46000.00, '2022-09-19'),
	(524, 371, 1, 54900.00, '2023-09-08'),
	(525, 169, 1, 35000.00, '2023-09-27'),
	(526, 169, 1, 112000.00, '2023-09-27'),
	(527, 169, 1, 480000.00, '2023-09-27'),
	(528, 169, 1, 345000.00, '2022-10-24'),
	(529, 169, 1, 310000.00, '2022-10-24'),
	(530, 169, 1, 345000.00, '2022-10-24'),
	(531, 169, 1, 85000.00, '2023-03-21'),
	(532, 371, 1, 119700.00, '2023-09-08'),
	(533, 104, 1, 149000.00, '2023-09-08'),
	(534, 104, 1, 138000.00, '2023-09-08'),
	(535, 104, 1, 215000.00, '2023-09-20'),
	(536, 169, 1, 201000.00, '2022-10-24'),
	(537, 169, 1, 185000.00, '2022-10-24'),
	(538, 169, 1, 185000.00, '2022-10-24'),
	(539, 169, 1, 185000.00, '2022-10-24'),
	(540, 314, 1, 399007.00, '2024-04-24'),
	(541, 104, 1, 73000.00, '2022-11-03'),
	(542, 104, 1, 40000.00, '2022-11-03'),
	(543, 227, 1, 24000.00, '2022-09-10'),
	(543, 228, 2, 28000.00, '2022-09-10'),
	(544, 227, 1, 24000.00, '2022-09-10'),
	(544, 228, 2, 26000.00, '2022-09-10'),
	(545, 227, 1, 23000.00, '2022-09-10'),
	(545, 228, 2, 23000.00, '2022-09-10'),
	(546, 169, 1, 70000.00, '2023-10-17'),
	(547, 105, 1, 15000.00, '2022-10-27'),
	(548, 105, 1, 17000.00, '2022-10-27'),
	(549, 259, 1, 6800.00, '2022-10-27'),
	(550, 104, 1, 7000.00, '2022-10-27'),
	(551, 105, 1, 11000.00, '2022-10-27'),
	(552, 169, 1, 8500.00, '2023-05-11'),
	(553, 169, 1, 87000.00, '2024-04-09'),
	(554, 169, 1, 70000.00, '2024-04-09'),
	(555, 104, 1, 113000.00, '2024-04-02'),
	(556, 104, 2, 40000.00, '2022-08-24'),
	(556, 169, 1, 36500.00, '2022-07-30'),
	(557, 169, 1, 165000.00, '2023-06-15'),
	(558, 104, 2, 223000.00, '2022-10-19'),
	(558, 169, 1, 245000.00, '2022-10-19'),
	(559, 104, 2, 123000.00, '2022-11-03'),
	(560, 104, 2, 20000.00, '2022-11-03'),
	(561, 362, 1, 379000.00, '2023-12-12'),
	(562, 104, 2, 67000.00, '2022-08-25'),
	(562, 169, 1, 65000.00, '2022-07-30'),
	(563, 104, 2, 65000.00, '2022-10-05'),
	(563, 169, 1, 61500.00, '2022-10-07'),
	(564, 104, 2, 72000.00, '2022-10-05'),
	(565, 169, 1, 72000.00, '2022-10-07'),
	(566, 104, 2, 72000.00, '2022-10-05'),
	(567, 104, 2, 72000.00, '2022-11-03'),
	(567, 169, 1, 78000.00, '2023-03-21'),
	(568, 104, 2, 37000.00, '2022-11-03'),
	(569, 104, 2, 20000.00, '2022-11-03'),
	(570, 169, 1, 53000.00, '2022-07-30'),
	(571, 104, 2, 60000.00, '2022-10-05'),
	(571, 169, 1, 59000.00, '2022-10-07'),
	(572, 169, 1, 30000.00, '2022-09-19'),
	(573, 169, 1, 17000.00, '2022-09-19'),
	(574, 104, 2, 70000.00, '2022-10-05'),
	(574, 169, 1, 69000.00, '2023-03-21'),
	(575, 169, 1, 35000.00, '2022-09-19'),
	(576, 169, 1, 18000.00, '2022-09-19'),
	(577, 104, 2, 65000.00, '2022-10-05'),
	(577, 169, 1, 65000.00, '2022-10-07'),
	(578, 169, 1, 33000.00, '2022-09-19'),
	(579, 169, 1, 18000.00, '2022-09-19'),
	(580, 104, 2, 72000.00, '2022-10-05'),
	(580, 169, 1, 72000.00, '2022-10-07'),
	(581, 169, 1, 36000.00, '2022-09-19'),
	(582, 169, 1, 19000.00, '2022-09-19'),
	(583, 169, 1, 33000.00, '2022-09-24'),
	(584, 143, 1, 39865.00, '2024-01-02'),
	(585, 143, 1, 16000.00, '2024-01-02'),
	(586, 169, 1, 120000.00, '2022-10-24'),
	(587, 169, 1, 40000.00, '2022-10-24'),
	(588, 104, 1, 25000.00, '2023-03-25'),
	(589, 104, 1, 6000.00, '2023-03-25'),
	(590, 196, 1, 279000.00, '2024-03-11'),
	(591, 196, 1, 341000.00, '2024-03-11'),
	(592, 169, 1, 11000.00, '2023-03-28'),
	(593, 337, 1, 121900.00, '2023-09-08'),
	(594, 169, 1, 10000.00, '2023-03-21'),
	(595, 169, 1, 20000.00, '2022-10-06'),
	(596, 169, 1, 69000.00, '2022-10-06'),
	(597, 169, 1, 20100.00, '2023-07-07'),
	(598, 169, 1, 105000.00, '2023-07-07'),
	(599, 104, 1, 990000.00, '2022-10-24'),
	(600, 104, 1, 24000.00, '2022-10-24'),
	(601, 104, 1, 115000.00, '2022-10-24'),
	(602, 104, 1, 45000.00, '2022-10-24'),
	(603, 104, 1, 32000.00, '2022-10-24'),
	(604, 15, 1, 59000.00, '2022-10-25'),
	(605, 15, 1, 15000.00, '2022-10-27'),
	(606, 15, 1, 65000.00, '2022-10-28'),
	(607, 15, 1, 30000.00, '2024-02-29'),
	(608, 15, 1, 16000.00, '2023-04-13'),
	(609, 15, 1, 85000.00, '2023-06-16'),
	(610, 15, 1, 2700.00, '2022-10-27'),
	(611, 15, 1, 18000.00, '2024-03-21'),
	(611, 104, 3, 16000.00, '2022-10-05'),
	(611, 169, 2, 23000.00, '2022-10-05'),
	(612, 264, 1, 160650.00, '2023-01-26'),
	(613, 15, 1, 28000.00, '2024-03-21'),
	(614, 15, 1, 140000.00, '2024-03-21'),
	(615, 15, 1, 85000.00, '2024-03-21'),
	(616, 15, 1, 10000.00, '2022-10-27'),
	(617, 15, 1, 57000.00, '2022-10-27'),
	(618, 15, 1, 18000.00, '2022-10-11'),
	(619, 15, 1, 72000.00, '2022-10-13'),
	(620, 15, 1, 110000.00, '2023-04-13'),
	(621, 15, 1, 8000.00, '2022-10-13'),
	(623, 15, 1, 30000.00, '2023-08-31'),
	(625, 233, 1, 78750.00, '2023-04-25'),
	(626, 233, 1, 72450.00, '2024-04-05'),
	(627, 233, 1, 93975.00, '2024-04-05'),
	(628, 233, 1, 114450.00, '2024-04-05'),
	(629, 233, 1, 149100.00, '2024-04-05'),
	(630, 233, 2, 226500.00, '2022-09-14'),
	(631, 233, 2, 301500.00, '2022-09-14'),
	(632, 233, 2, 77000.00, '2022-09-14'),
	(633, 233, 2, 83500.00, '2022-09-14'),
	(634, 233, 1, 90825.00, '2024-04-05'),
	(635, 233, 1, 118125.00, '2024-04-05'),
	(636, 233, 1, 143850.00, '2024-04-05'),
	(637, 233, 1, 186900.00, '2024-04-05'),
	(638, 233, 2, 284000.00, '2022-09-14'),
	(639, 233, 2, 378500.00, '2022-09-14'),
	(640, 233, 2, 47500.00, '2022-09-14'),
	(640, 295, 1, 65000.00, '2022-12-10'),
	(641, 233, 1, 39375.00, '2024-04-05'),
	(642, 233, 2, 51500.00, '2022-09-14'),
	(642, 295, 1, 75000.00, '2022-12-10'),
	(643, 233, 1, 89775.00, '2024-04-05'),
	(643, 295, 2, 110000.00, '2022-12-10'),
	(644, 233, 1, 101325.00, '2024-04-05'),
	(644, 295, 2, 140000.00, '2022-12-10'),
	(645, 233, 1, 101850.00, '2024-04-05'),
	(645, 295, 2, 150000.00, '2022-12-10'),
	(646, 233, 1, 141225.00, '2024-04-05'),
	(646, 295, 2, 180000.00, '2022-12-10'),
	(647, 233, 1, 172200.00, '2024-04-05'),
	(647, 295, 2, 225000.00, '2022-12-10'),
	(648, 233, 1, 223125.00, '2024-04-05'),
	(649, 233, 1, 317625.00, '2024-04-05'),
	(650, 233, 2, 452000.00, '2022-09-14'),
	(651, 354, 1, 161827.00, '2023-04-25'),
	(652, 354, 1, 218114.00, '2023-04-25'),
	(653, 295, 1, 210000.00, '2023-03-03'),
	(654, 295, 1, 230000.00, '2023-03-03'),
	(655, 295, 1, 250000.00, '2023-03-03'),
	(656, 295, 2, 165000.00, '2022-08-10'),
	(657, 233, 1, 181500.00, '2022-09-14'),
	(657, 295, 2, 190000.00, '2022-08-10'),
	(658, 295, 2, 260000.00, '2022-08-10'),
	(659, 233, 1, 221500.00, '2023-09-22'),
	(659, 295, 2, 360000.00, '2022-08-10'),
	(660, 233, 1, 265500.00, '2023-09-22'),
	(660, 295, 2, 400000.00, '2022-08-10'),
	(661, 248, 2, 59000.00, '2022-09-22'),
	(661, 295, 1, 45000.00, '2022-09-21'),
	(662, 233, 1, 117500.00, '2023-08-16'),
	(663, 233, 1, 139500.00, '2023-08-16'),
	(663, 248, 2, 190000.00, '2022-09-22'),
	(664, 233, 1, 151500.00, '2023-08-16'),
	(664, 248, 2, 190000.00, '2022-09-22'),
	(665, 233, 1, 198000.00, '2023-08-16'),
	(666, 233, 1, 257500.00, '2023-08-16'),
	(667, 233, 1, 48500.00, '2023-08-01'),
	(669, 295, 1, 110000.00, '2022-10-06'),
	(670, 295, 1, 115000.00, '2022-10-06'),
	(671, 233, 1, 115000.00, '2023-09-22'),
	(673, 208, 2, 3570.00, '2022-09-13'),
	(673, 392, 1, 3094.00, '2023-10-19'),
	(674, 208, 2, 4760.00, '2022-09-13'),
	(674, 392, 1, 3808.00, '2024-04-23'),
	(675, 208, 2, 6545.00, '2022-09-13'),
	(675, 392, 1, 3570.00, '2023-10-19'),
	(676, 208, 2, 4403.00, '2022-09-13'),
	(677, 392, 1, 6300.00, '2022-09-13'),
	(678, 368, 1, 8925.00, '2023-04-24'),
	(679, 392, 1, 5775.00, '2024-04-23'),
	(680, 368, 1, 8000.00, '2023-01-16'),
	(680, 392, 2, 6300.00, '2023-04-24'),
	(681, 301, 1, 17850.00, '2023-04-24'),
	(682, 368, 1, 10000.00, '2022-11-23'),
	(683, 208, 1, 17850.00, '2023-04-24'),
	(683, 368, 3, 21000.00, '2023-04-24'),
	(683, 392, 2, 14175.00, '2023-04-24'),
	(684, 301, 1, 36750.00, '2023-04-24'),
	(688, 337, 2, 59900.00, '2023-03-23'),
	(688, 392, 1, 7735.00, '2024-05-20'),
	(689, 277, 1, 12500.00, '2023-04-29'),
	(689, 433, 2, 10000.00, '2023-01-17'),
	(690, 277, 1, 17500.00, '2023-04-29'),
	(690, 433, 2, 28000.00, '2023-02-16'),
	(691, 427, 2, 5000.00, '2022-09-20'),
	(692, 356, 1, 19040.00, '2022-09-27'),
	(693, 356, 1, 29155.00, '2022-11-11'),
	(694, 356, 1, 36890.00, '2022-11-11'),
	(695, 261, 1, 52500.00, '2024-03-08'),
	(696, 261, 1, 105000.00, '2024-03-08'),
	(697, 261, 1, 63000.00, '2024-03-08'),
	(698, 368, 1, 60000.00, '2022-09-05'),
	(700, 295, 1, 280000.00, '2022-10-05'),
	(701, 359, 1, 7000.00, '2023-01-23'),
	(702, 359, 1, 10500.00, '2023-01-23'),
	(703, 359, 1, 14000.00, '2023-01-23'),
	(704, 359, 1, 21000.00, '2023-01-23'),
	(705, 359, 1, 28000.00, '2023-01-23'),
	(706, 359, 1, 35000.00, '2023-01-23'),
	(707, 359, 1, 42000.00, '2023-01-23'),
	(708, 359, 1, 49000.00, '2023-01-23'),
	(709, 359, 1, 56000.00, '2023-01-23'),
	(710, 359, 1, 63000.00, '2023-01-23'),
	(711, 359, 1, 70000.00, '2023-01-23'),
	(712, 359, 1, 265000.00, '2023-01-23'),
	(713, 359, 1, 265000.00, '2023-01-23'),
	(714, 359, 1, 265000.00, '2023-01-23'),
	(715, 359, 1, 265000.00, '2023-01-23'),
	(716, 359, 1, 265000.00, '2023-01-23'),
	(717, 7, 1, 24342.00, '2022-09-15'),
	(718, 7, 1, 33070.00, '2022-09-15'),
	(718, 246, 2, 38588.00, '2022-09-15'),
	(719, 7, 1, 39000.00, '2022-09-17'),
	(719, 246, 2, 44706.00, '2022-09-15'),
	(720, 246, 1, 54768.00, '2022-09-15'),
	(721, 7, 1, 108505.00, '2022-09-17'),
	(722, 7, 1, 139545.00, '2022-09-17'),
	(723, 7, 1, 155205.00, '2022-09-17'),
	(726, 7, 1, 304640.00, '2022-09-22'),
	(727, 7, 1, 380800.00, '2022-09-22'),
	(728, 7, 1, 456960.00, '2022-09-22'),
	(729, 7, 1, 608090.00, '2022-09-22'),
	(731, 7, 1, 911540.00, '2022-09-22'),
	(732, 7, 1, 161638.00, '2022-09-17'),
	(733, 7, 1, 204424.00, '2022-09-17'),
	(734, 7, 1, 230991.00, '2022-09-17'),
	(735, 7, 1, 28000.00, '2022-11-02'),
	(736, 167, 1, 32500.00, '2022-08-06'),
	(737, 7, 1, 35650.00, '2022-09-15'),
	(737, 246, 2, 53200.00, '2022-09-15'),
	(738, 7, 1, 44000.00, '2023-03-21'),
	(738, 167, 2, 36000.00, '2024-04-17'),
	(738, 246, 3, 51799.00, '2022-09-15'),
	(739, 7, 1, 52500.00, '2022-11-16'),
	(739, 167, 2, 45000.00, '2023-04-22'),
	(740, 7, 1, 78000.00, '2022-11-02'),
	(740, 167, 2, 62000.00, '2024-04-27'),
	(741, 167, 1, 94000.00, '2023-07-01'),
	(742, 167, 1, 130000.00, '2023-07-01'),
	(743, 7, 1, 21000.00, '2022-10-05'),
	(744, 8, 2, 61300.00, '2023-02-07'),
	(744, 167, 1, 42000.00, '2023-12-20'),
	(745, 8, 1, 102600.00, '2023-02-07'),
	(746, 167, 1, 79000.00, '2023-12-20'),
	(747, 167, 1, 40000.00, '2023-04-22'),
	(748, 167, 1, 42000.00, '2023-04-22'),
	(749, 167, 1, 13000.00, '2024-04-27'),
	(750, 7, 1, 54072.00, '2022-09-15'),
	(750, 167, 2, 46000.00, '2024-04-27'),
	(750, 246, 3, 59360.00, '2022-09-15'),
	(751, 167, 1, 62000.00, '2023-05-25'),
	(751, 246, 2, 91700.00, '2022-09-15'),
	(752, 167, 1, 30000.00, '2023-05-25'),
	(753, 7, 1, 16600.00, '2022-11-16'),
	(753, 246, 2, 11764.00, '2022-09-15'),
	(754, 7, 1, 22000.00, '2022-09-15'),
	(755, 7, 1, 25800.00, '2022-11-16'),
	(755, 246, 2, 34510.00, '2022-09-15'),
	(756, 7, 1, 37000.00, '2022-11-16'),
	(756, 246, 2, 39627.00, '2022-09-15'),
	(757, 167, 1, 54000.00, '2023-04-15'),
	(758, 400, 1, 298900.00, '2023-05-01'),
	(759, 167, 1, 76000.00, '2023-04-22'),
	(760, 167, 1, 102000.00, '2023-04-22'),
	(761, 167, 1, 88000.00, '2023-04-22'),
	(762, 167, 1, 92000.00, '2023-04-22'),
	(763, 7, 1, 16800.00, '2022-11-25'),
	(764, 7, 1, 21500.00, '2022-11-25'),
	(765, 7, 1, 24900.00, '2022-11-25'),
	(766, 7, 2, 550.00, '2022-11-25'),
	(766, 167, 1, 350.00, '2023-06-09'),
	(767, 7, 2, 550.00, '2022-11-25'),
	(767, 167, 1, 400.00, '2023-06-09'),
	(768, 7, 2, 550.00, '2022-11-25'),
	(768, 167, 1, 450.00, '2023-06-09'),
	(769, 167, 1, 4000.00, '2023-04-22'),
	(770, 400, 1, 109800.00, '2023-05-01'),
	(770, 413, 2, 160650.00, '2023-12-01'),
	(771, 400, 1, 218200.00, '2023-05-01'),
	(771, 413, 2, 214200.00, '2023-12-01'),
	(772, 400, 1, 568600.00, '2023-05-01'),
	(773, 400, 1, 52400.00, '2023-05-01'),
	(774, 400, 1, 94300.00, '2023-05-01'),
	(775, 400, 1, 87600.00, '2023-05-01'),
	(776, 400, 1, 177700.00, '2023-05-01'),
	(777, 400, 1, 151400.00, '2023-05-01'),
	(778, 400, 1, 225400.00, '2023-05-01'),
	(779, 400, 1, 3040.00, '2023-05-01'),
	(779, 413, 2, 5950.00, '2023-12-01'),
	(780, 400, 1, 3570.00, '2023-05-01'),
	(780, 413, 2, 6902.00, '2023-12-01'),
	(781, 400, 1, 2145.00, '2023-05-01'),
	(782, 400, 1, 5475.00, '2023-05-01'),
	(783, 400, 1, 1315.00, '2023-05-01'),
	(783, 413, 2, 1071.00, '2023-12-01'),
	(784, 400, 1, 1980.00, '2023-05-01'),
	(784, 413, 2, 4165.00, '2023-12-01'),
	(785, 400, 1, 3150.00, '2023-05-01'),
	(786, 400, 1, 242.00, '2023-05-01'),
	(786, 413, 2, 1190.00, '2023-12-01'),
	(787, 400, 1, 335.00, '2023-05-01'),
	(788, 400, 1, 765.00, '2023-05-01'),
	(789, 400, 1, 525.00, '2023-05-01'),
	(791, 221, 2, 236066.00, '2022-09-12'),
	(791, 340, 1, 265000.00, '2024-01-01'),
	(792, 221, 2, 256046.00, '2022-09-12'),
	(792, 340, 1, 330000.00, '2024-01-01'),
	(793, 221, 2, 357589.00, '2022-09-12'),
	(793, 340, 1, 410000.00, '2024-01-01'),
	(794, 340, 1, 510000.00, '2024-01-01'),
	(795, 340, 1, 645000.00, '2024-01-01'),
	(805, 221, 2, 330510.00, '2022-09-12'),
	(805, 340, 1, 387000.00, '2024-01-01'),
	(806, 221, 2, 536315.00, '2022-09-12'),
	(806, 340, 1, 480000.00, '2024-01-01'),
	(807, 221, 2, 697935.00, '2022-09-12'),
	(807, 340, 1, 640000.00, '2024-01-01'),
	(808, 221, 2, 880903.00, '2022-09-12'),
	(808, 340, 1, 750000.00, '2024-01-01'),
	(809, 340, 1, 995000.00, '2024-01-01'),
	(810, 221, 2, 1546405.00, '2022-09-12'),
	(810, 340, 1, 1345000.00, '2024-01-01'),
	(819, 340, 1, 387000.00, '2024-01-01'),
	(820, 221, 2, 411918.00, '2022-09-12'),
	(820, 340, 1, 495000.00, '2024-01-01'),
	(821, 221, 2, 550684.00, '2022-09-12'),
	(821, 340, 1, 675000.00, '2024-01-01'),
	(822, 221, 2, 672207.00, '2022-09-12'),
	(822, 340, 1, 770000.00, '2024-01-01'),
	(823, 221, 2, 825205.00, '2022-09-12'),
	(823, 340, 1, 1041000.00, '2024-01-01'),
	(824, 221, 2, 1043891.00, '2022-09-12'),
	(824, 340, 1, 1370000.00, '2024-01-01'),
	(832, 198, 1, 225000.00, '2024-01-01'),
	(832, 428, 2, 240000.00, '2022-08-10'),
	(833, 198, 1, 276000.00, '2024-01-01'),
	(834, 147, 3, 47000.00, NULL),
	(834, 198, 1, 109000.00, '2024-01-01'),
	(834, 428, 2, 39000.00, '2022-08-10'),
	(835, 146, 1, 32296.00, '2023-09-08'),
	(835, 147, 2, 46700.00, '2022-09-22'),
	(835, 172, 3, 39599.00, '2022-09-27'),
	(836, 146, 1, 7671.00, '2023-09-08'),
	(836, 247, 2, 12000.00, '2022-09-21'),
	(837, 147, 1, 2000.00, '2022-10-27'),
	(838, 428, 2, 300000.00, '2022-08-10'),
	(839, 247, 1, 1900.00, '2023-06-05'),
	(840, 247, 1, 2000.00, '2023-06-05'),
	(840, 345, 2, 1700.00, '2023-06-09'),
	(841, 247, 1, 2400.00, '2023-03-01'),
	(842, 329, 1, 3000.00, '2023-06-09'),
	(842, 345, 2, 2800.00, '2023-06-09'),
	(843, 329, 1, 25000.00, '2023-06-09'),
	(843, 345, 2, 28620.00, '2023-06-09'),
	(844, 329, 1, 60000.00, '2023-06-09'),
	(844, 345, 2, 59000.00, '2023-06-09'),
	(845, 329, 1, 150000.00, '2023-06-09'),
	(845, 345, 2, 143000.00, '2023-06-09'),
	(846, 329, 1, 200000.00, '2023-06-09'),
	(846, 345, 2, 171600.00, '2023-06-09'),
	(847, 345, 1, 60400.00, '2023-06-09'),
	(848, 345, 1, 38500.00, '2023-06-09'),
	(849, 345, 1, 30000.00, '2023-06-09'),
	(850, 345, 2, 13600.00, '2023-06-09'),
	(851, 279, 1, 756000.00, '2024-04-22'),
	(852, 279, 1, 693000.00, '2024-04-22'),
	(853, 279, 1, 997500.00, '2024-04-22'),
	(854, 376, 1, 255000.00, '2024-01-01'),
	(855, 376, 1, 300000.00, '2024-01-01'),
	(856, 241, 1, 552000.00, '2024-04-05'),
	(857, 241, 1, 23000.00, '2024-04-05'),
	(858, 245, 1, 45101.00, '2023-09-11'),
	(859, 245, 1, 92701.00, '2023-09-12'),
	(860, 245, 1, 109361.00, '2023-09-13'),
	(861, 191, 2, 27370.00, '2022-09-22'),
	(862, 191, 1, 23205.00, '2023-08-17'),
	(863, 191, 1, 21717.00, '2023-08-17'),
	(864, 191, 1, 26775.00, '2023-08-17'),
	(865, 191, 1, 21479.00, '2023-08-17'),
	(866, 191, 1, 16065.00, '2023-08-17'),
	(867, 191, 1, 13804.00, '2023-08-17'),
	(868, 327, 1, 178381.00, '2023-09-12'),
	(869, 342, 1, 95200.00, '2023-03-01'),
	(870, 342, 1, 124950.00, '2023-03-01'),
	(871, 342, 1, 160650.00, '2023-03-01'),
	(872, 342, 1, 190400.00, '2023-03-01'),
	(875, 342, 1, 77350.00, '2023-03-01'),
	(876, 342, 1, 119000.00, '2023-03-01'),
	(877, 342, 1, 142800.00, '2023-03-01'),
	(878, 342, 1, 166600.00, '2023-03-01'),
	(879, 342, 1, 180000.00, '2023-10-01'),
	(888, 84, 1, 31766.00, '2022-08-25'),
	(889, 84, 1, 11900.00, '2023-05-16'),
	(890, 68, 1, 11300.00, '2023-05-16'),
	(891, 84, 1, 9673.00, '2022-11-22'),
	(892, 68, 2, 2618.00, '2023-05-05'),
	(893, 292, 1, 3500.00, '2023-09-28'),
	(894, 68, 1, 48200.00, '2023-09-28'),
	(895, 140, 1, 3800.00, '2024-01-01'),
	(896, 109, 2, 4400.00, '2023-01-27'),
	(896, 192, 1, 4800.00, '2024-01-01'),
	(897, 109, 2, 6900.00, '2023-01-27'),
	(897, 192, 1, 7600.00, '2024-01-01'),
	(898, 109, 2, 9100.00, '2023-01-27'),
	(898, 192, 1, 10200.00, '2024-01-01'),
	(899, 109, 2, 12100.00, '2023-01-27'),
	(899, 192, 1, 13500.00, '2024-01-01'),
	(900, 109, 2, 15100.00, '2023-01-27'),
	(900, 192, 1, 16800.00, '2024-01-01'),
	(901, 140, 1, 25500.00, '2023-01-27'),
	(902, 192, 1, 46000.00, '2023-09-01'),
	(903, 192, 1, 79000.00, '2023-09-01'),
	(904, 398, 1, 2000.00, '2024-03-01'),
	(905, 398, 1, 2300.00, '2024-03-01'),
	(906, 398, 1, 2400.00, '2024-03-01'),
	(907, 398, 1, 3200.00, '2024-03-01'),
	(908, 398, 1, 4300.00, '2024-03-01'),
	(909, 398, 1, 5400.00, '2024-03-01'),
	(910, 398, 1, 7400.00, '2024-03-01'),
	(911, 398, 1, 9200.00, '2024-03-01'),
	(912, 398, 1, 91.00, '2024-03-01'),
	(913, 398, 1, 108.00, '2024-03-01'),
	(914, 398, 1, 158.00, '2024-03-01'),
	(915, 398, 1, 269.00, '2024-03-01'),
	(916, 398, 1, 146.00, '2024-03-01'),
	(917, 398, 1, 209.00, '2024-03-01'),
	(918, 398, 1, 290.00, '2024-03-01'),
	(919, 398, 1, 384.00, '2024-03-01'),
	(920, 398, 1, 908.00, '2024-03-01'),
	(921, 398, 1, 1458.00, '2024-03-01'),
	(922, 398, 1, 1130.00, '2024-03-01'),
	(923, 398, 1, 2144.00, '2024-03-01'),
	(924, 398, 1, 2451.00, '2024-03-01'),
	(925, 172, 2, 2752.00, '2022-10-05'),
	(925, 398, 1, 1137.00, '2024-03-01'),
	(926, 398, 1, 3508.00, '2024-03-01'),
	(927, 398, 1, 3931.00, '2024-03-01'),
	(928, 146, 2, 1076.00, '2023-01-27'),
	(928, 172, 3, 2037.00, '2023-01-27'),
	(928, 398, 1, 700.00, '2024-03-01'),
	(929, 146, 2, 1285.00, '2023-01-27'),
	(929, 147, 3, 1840.00, '2023-01-27'),
	(929, 398, 1, 825.00, '2024-03-01'),
	(930, 172, 2, 2291.00, '2023-01-27'),
	(930, 398, 1, 737.00, '2024-03-01'),
	(931, 398, 1, 836.00, '2024-03-01'),
	(932, 323, 1, 11641.00, '2023-09-01'),
	(933, 147, 3, 36.00, '2022-10-05'),
	(933, 172, 2, 59.00, '2022-10-04'),
	(933, 323, 1, 53.00, '2023-09-01'),
	(934, 147, 3, 32.00, '2022-10-05'),
	(934, 172, 2, 51.00, '2022-10-04'),
	(934, 323, 1, 35.00, '2023-09-01'),
	(935, 65, 2, 9500.00, '2022-09-10'),
	(936, 398, 1, 6440.00, '2024-03-01'),
	(937, 65, 2, 15000.00, '2022-09-10'),
	(937, 172, 3, 88.00, '2022-10-04'),
	(937, 398, 1, 8050.00, '2024-03-01'),
	(938, 65, 2, 13000.00, '2022-09-10'),
	(938, 398, 1, 12000.00, '2024-03-01'),
	(939, 398, 1, 15000.00, '2024-03-01'),
	(940, 398, 1, 17700.00, '2024-03-01'),
	(941, 398, 1, 1800.00, '2024-03-01'),
	(942, 398, 1, 2200.00, '2024-03-01'),
	(943, 398, 1, 2700.00, '2024-03-01'),
	(944, 398, 1, 3600.00, '2024-03-01'),
	(945, 398, 1, 3800.00, '2024-03-01'),
	(946, 398, 1, 5100.00, '2024-03-01'),
	(947, 147, 1, 40.00, '2022-10-21'),
	(948, 147, 1, 45.00, '2022-10-05'),
	(949, 147, 2, 2000.00, '2022-10-27'),
	(949, 306, 1, 3990.00, '2024-04-01'),
	(950, 306, 1, 6990.00, '2024-04-01'),
	(951, 306, 1, 13990.00, '2024-04-01'),
	(952, 146, 1, 32296.00, '2023-09-08'),
	(953, 172, 1, 255.00, '2022-09-22'),
	(954, 146, 2, 1191.00, '2022-09-23'),
	(954, 172, 1, 1200.00, '2022-09-29'),
	(955, 147, 1, 3900.00, '2024-04-11'),
	(955, 172, 2, 3160.00, '2024-04-11'),
	(956, 172, 1, 9127.00, '2022-10-25'),
	(957, 172, 1, 147.00, '2023-04-12'),
	(958, 146, 2, 294.00, '2023-01-27'),
	(958, 172, 1, 370.00, '2023-01-27'),
	(959, 172, 1, 550.00, '2022-09-12'),
	(960, 172, 1, 420.00, '2022-09-12'),
	(961, 172, 1, 850.00, '2022-09-12'),
	(962, 172, 1, 650.00, '2022-09-12'),
	(963, 172, 1, 1199.00, '2022-10-05'),
	(964, 172, 1, 240.00, '2023-01-28'),
	(965, 172, 1, 1000.00, '2024-04-11'),
	(966, 172, 1, 200.00, '2023-04-12'),
	(967, 146, 2, 511.00, '2022-09-23'),
	(967, 172, 1, 550.00, '2022-09-29'),
	(968, 172, 1, 1900.00, '2023-04-12'),
	(969, 172, 1, 12400.00, '2022-10-25'),
	(970, 172, 1, 15970.00, '2022-10-25'),
	(971, 147, 1, 12500.00, '2024-04-11'),
	(971, 172, 2, 8375.00, '2024-04-11'),
	(972, 65, 1, 3200.00, '2022-09-17'),
	(973, 65, 1, 3800.00, '2022-09-17'),
	(974, 65, 1, 1200.00, '2022-09-12'),
	(975, 65, 1, 900.00, '2022-09-10'),
	(976, 65, 1, 400.00, '2022-09-10'),
	(977, 399, 1, 950.00, '2023-04-12'),
	(978, 65, 1, 1900.00, '2023-04-12'),
	(979, 147, 2, 800.00, '2022-10-05'),
	(979, 172, 1, 952.00, '2022-10-04'),
	(980, 65, 1, 1800.00, '2023-01-26'),
	(980, 147, 3, 1200.00, '2022-10-05'),
	(980, 172, 2, 2500.00, '2022-10-04'),
	(981, 65, 1, 2900.00, '2022-09-10'),
	(982, 147, 1, 5500.00, '2023-01-26'),
	(983, 147, 2, 14.00, '2022-10-05'),
	(983, 172, 1, 25.00, '2022-10-04'),
	(986, 147, 1, 120.00, '2022-10-05'),
	(987, 147, 1, 560.00, '2022-10-05'),
	(988, 172, 1, 2487.00, '2022-10-04'),
	(989, 172, 1, 952.00, '2022-10-04'),
	(990, 323, 2, 110.00, '2023-11-01'),
	(990, 415, 1, 200.00, '2023-11-01'),
	(991, 323, 2, 176.00, '2023-11-01'),
	(991, 415, 1, 250.00, '2023-11-01'),
	(992, 323, 2, 223.00, '2023-11-01'),
	(992, 415, 1, 450.00, '2023-11-01'),
	(993, 323, 2, 246.00, '2023-11-01'),
	(993, 415, 1, 500.00, '2023-11-01'),
	(994, 172, 1, 40000.00, '2022-10-04'),
	(995, 147, 1, 15000.00, '2022-10-05'),
	(996, 65, 1, 6800.00, '2022-09-10'),
	(997, 172, 1, 3800.00, '2022-10-25'),
	(998, 224, 3, 1785.00, '2022-09-09'),
	(998, 304, 1, 1428.00, '2024-04-25'),
	(998, 394, 2, 1428.00, '2023-05-01'),
	(999, 224, 3, 2975.00, '2022-09-09'),
	(999, 304, 1, 2856.00, '2024-04-25'),
	(999, 394, 2, 2618.00, '2023-05-01'),
	(1000, 224, 2, 11305.00, '2022-09-09'),
	(1001, 343, 1, 47.00, '2024-04-25'),
	(1002, 224, 3, 35700.00, '2022-09-09'),
	(1002, 304, 1, 23800.00, '2024-04-25'),
	(1002, 394, 2, 23800.00, '2023-05-01'),
	(1003, 343, 1, 57.00, '2024-04-25'),
	(1004, 224, 3, 41650.00, '2022-09-09'),
	(1004, 304, 1, 28560.00, '2024-04-25'),
	(1004, 394, 2, 27370.00, '2023-05-01'),
	(1005, 134, 1, 109.00, '2022-09-17'),
	(1006, 134, 1, 900.00, '2022-09-17'),
	(1007, 224, 1, 45220.00, '2022-09-09'),
	(1007, 304, 3, 59500.00, '2022-09-09'),
	(1007, 394, 2, 35700.00, '2023-05-01'),
	(1008, 304, 3, 119.00, '2022-09-09'),
	(1008, 343, 1, 119.00, '2023-05-01'),
	(1009, 224, 1, 53550.00, '2022-09-09'),
	(1009, 394, 2, 53550.00, '2023-05-01'),
	(1010, 343, 1, 80.00, '2023-06-01'),
	(1011, 394, 1, 36000.00, '2023-05-01'),
	(1012, 140, 1, 280.00, '2023-01-25'),
	(1013, 140, 1, 140000.00, '2023-01-25'),
	(1014, 140, 1, 320.00, '2023-01-25'),
	(1015, 65, 1, 799.00, '2022-10-26'),
	(1015, 165, 2, 252.00, '2022-09-24'),
	(1016, 65, 1, 202000.00, '2022-09-08'),
	(1016, 165, 2, 133900.00, '2023-04-05'),
	(1017, 65, 2, 7000.00, '2022-09-12'),
	(1017, 323, 1, 8533.00, '2023-09-01'),
	(1018, 65, 2, 7000.00, '2022-09-12'),
	(1018, 323, 1, 8533.00, '2023-09-01'),
	(1019, 65, 2, 3800.00, '2022-09-10'),
	(1019, 323, 1, 3687.00, '2023-09-01'),
	(1020, 65, 2, 3800.00, '2022-09-10'),
	(1020, 323, 1, 3687.00, '2023-09-01'),
	(1021, 65, 2, 230.00, '2022-09-10'),
	(1021, 323, 1, 220.00, '2023-09-01'),
	(1022, 65, 2, 400.00, '2022-09-10'),
	(1022, 323, 1, 421.00, '2023-09-01'),
	(1023, 65, 2, 800.00, '2022-09-10'),
	(1023, 323, 1, 713.00, '2023-09-01'),
	(1025, 363, 1, 10000.00, '2023-02-01'),
	(1026, 323, 1, 16445.00, '2023-10-01'),
	(1027, 65, 2, 2500.00, '2022-08-09'),
	(1027, 323, 1, 9499.00, '2023-10-01'),
	(1028, 65, 2, 3500.00, '2022-08-09'),
	(1028, 323, 1, 6430.00, '2023-10-01'),
	(1029, 65, 2, 12000.00, '2022-09-17'),
	(1029, 323, 1, 3686.00, '2023-10-01'),
	(1030, 278, 1, 60600.00, '2023-10-01'),
	(1031, 323, 1, 30583.00, '2023-10-01'),
	(1032, 323, 1, 17843.00, '2023-10-01'),
	(1033, 323, 1, 8009.00, '2023-10-01'),
	(1034, 147, 3, 5100.00, '2022-09-19'),
	(1034, 165, 2, 3799.00, '2022-09-19'),
	(1034, 323, 1, 4827.00, '2023-10-01'),
	(1035, 66, 2, 2570.00, '2022-09-19'),
	(1035, 165, 3, 3039.00, '2022-09-19'),
	(1035, 323, 1, 3907.00, '2023-10-01'),
	(1036, 65, 1, 32800.00, '2022-11-05'),
	(1037, 165, 2, 17502.00, '2022-09-19'),
	(1037, 323, 1, 19523.00, '2023-09-01'),
	(1038, 66, 1, 23681.00, '2022-09-19'),
	(1038, 147, 2, 21900.00, '2022-09-19'),
	(1039, 66, 1, 182070.00, '2022-09-20'),
	(1041, 323, 1, 4825.00, '2023-09-01'),
	(1042, 65, 2, 8500.00, '2022-09-10'),
	(1042, 66, 3, 7735.00, '2022-09-19'),
	(1042, 323, 1, 8445.00, '2023-09-01'),
	(1043, 66, 2, 193375.00, '2022-09-20'),
	(1043, 323, 1, 211125.00, '2023-09-01'),
	(1044, 66, 1, 7259.00, '2022-09-19'),
	(1044, 147, 2, 7600.00, '2022-09-19'),
	(1044, 165, 3, 9903.00, '2022-09-19'),
	(1045, 66, 1, 72590.00, '2022-09-20'),
	(1046, 66, 1, 14756.00, '2022-09-19'),
	(1046, 147, 2, 17900.00, '2022-09-19'),
	(1047, 66, 1, 147560.00, '2022-09-20'),
	(1049, 51, 1, 25000.00, '2022-09-05'),
	(1050, 65, 1, 36000.00, '2022-09-10'),
	(1051, 267, 1, 5500.00, '2022-09-05'),
	(1052, 267, 1, 8000.00, '2022-09-05'),
	(1053, 66, 2, 1178.00, '2022-09-19'),
	(1053, 165, 3, 1318.00, '2022-09-19'),
	(1053, 323, 1, 1100.00, '2023-09-01'),
	(1054, 323, 1, 1073.00, '2023-09-01'),
	(1055, 66, 2, 1927.00, '2022-09-19'),
	(1055, 323, 1, 1060.00, '2023-09-01'),
	(1056, 66, 2, 963.00, '2022-09-19'),
	(1056, 165, 3, 1071.00, '2022-09-19'),
	(1056, 323, 1, 828.00, '2023-09-01'),
	(1057, 262, 3, 2000.00, '2023-01-17'),
	(1058, 104, 2, 5000.00, '2022-10-05'),
	(1058, 169, 1, 2500.00, '2022-10-07'),
	(1058, 262, 3, 2500.00, '2023-01-17'),
	(1059, 262, 3, 3000.00, '2023-01-17'),
	(1060, 104, 2, 4500.00, '2022-10-05'),
	(1060, 169, 1, 2900.00, '2023-03-27'),
	(1060, 262, 3, 4000.00, '2023-01-17'),
	(1061, 169, 1, 3900.00, '2023-03-27'),
	(1061, 262, 3, 4500.00, '2023-01-17'),
	(1062, 104, 2, 5000.00, '2022-10-05'),
	(1062, 169, 1, 4900.00, '2023-03-27'),
	(1062, 262, 3, 6000.00, '2023-01-17'),
	(1063, 262, 3, 7500.00, '2023-01-17'),
	(1064, 262, 3, 8000.00, '2023-01-17'),
	(1065, 169, 1, 2500.00, '2022-09-12'),
	(1066, 169, 1, 6000.00, '2022-09-12'),
	(1067, 169, 1, 6500.00, '2023-05-25'),
	(1068, 104, 2, 4500.00, '2022-10-05'),
	(1068, 169, 1, 4000.00, '2023-05-25'),
	(1069, 104, 2, 3500.00, '2022-10-05'),
	(1069, 169, 1, 3000.00, '2023-05-25'),
	(1070, 104, 2, 3000.00, '2022-10-05'),
	(1070, 169, 1, 2500.00, '2022-10-07'),
	(1071, 104, 2, 3000.00, '2022-10-05'),
	(1071, 169, 1, 2500.00, '2022-10-07'),
	(1072, 104, 2, 1000.00, '2022-10-05'),
	(1072, 169, 1, 600.00, '2022-10-07'),
	(1073, 104, 2, 1000.00, '2022-10-05'),
	(1073, 169, 1, 600.00, '2022-10-07'),
	(1074, 104, 2, 1000.00, '2022-10-05'),
	(1074, 169, 1, 700.00, '2022-10-07'),
	(1075, 104, 2, 1000.00, '2022-10-05'),
	(1075, 169, 1, 700.00, '2022-10-07'),
	(1076, 104, 2, 1800.00, '2022-10-05'),
	(1076, 169, 1, 1000.00, '2022-10-07'),
	(1077, 104, 2, 1800.00, '2022-10-05'),
	(1077, 169, 1, 1200.00, '2022-10-07'),
	(1078, 147, 1, 106900.00, '2022-10-05'),
	(1079, 65, 1, 30000.00, '2022-10-25'),
	(1080, 66, 1, 9853.00, '2022-09-19'),
	(1080, 147, 2, 7200.00, '2022-09-19'),
	(1082, 65, 2, 35000.00, '2022-09-10'),
	(1082, 267, 1, 20000.00, '2022-09-07'),
	(1083, 267, 1, 35000.00, '2022-09-09'),
	(1084, 65, 3, 129000.00, '2022-09-07'),
	(1084, 147, 2, 166000.00, '2023-04-12'),
	(1086, 267, 2, 5500.00, '2022-09-07'),
	(1088, 336, 1, 76000.00, '2023-10-01'),
	(1089, 65, 3, 190000.00, '2022-09-20'),
	(1089, 66, 2, 202419.00, '2022-09-19'),
	(1089, 336, 1, 165000.00, '2023-10-01'),
	(1090, 336, 1, 428395.00, '2023-10-01'),
	(1091, 153, 2, 114499.00, '2022-09-05'),
	(1091, 200, 1, 91273.00, '2022-09-05'),
	(1092, 65, 2, 105000.00, '2022-11-17'),
	(1092, 200, 1, 85799.00, '2022-09-05'),
	(1093, 200, 1, 55000.00, '2023-07-05'),
	(1094, 63, 1, 60000.00, '2023-07-05'),
	(1095, 42, 2, 2752.00, '2022-09-02'),
	(1095, 169, 1, 2500.00, '2022-08-03'),
	(1096, 42, 1, 4299.00, '2023-03-07'),
	(1096, 169, 2, 3000.00, '2022-08-03'),
	(1097, 42, 1, 5441.00, '2023-03-07'),
	(1097, 104, 3, 4800.00, '2022-10-05'),
	(1097, 169, 2, 4500.00, '2023-05-25'),
	(1098, 323, 1, 9096.00, '2023-09-21'),
	(1099, 405, 1, 4284.00, '2022-08-05'),
	(1100, 343, 1, 1264.00, '2023-03-07'),
	(1101, 42, 1, 31600.00, '2023-03-07'),
	(1102, 42, 1, 13090.00, '2022-09-02'),
	(1103, 343, 1, 821.00, '2023-03-07'),
	(1104, 42, 1, 24640.00, '2023-03-07'),
	(1105, 42, 1, 13391.00, '2022-08-05'),
	(1106, 42, 1, 16065.00, '2022-08-05'),
	(1106, 405, 2, 12021.00, '2022-08-05'),
	(1107, 42, 1, 32094.00, '2022-08-05'),
	(1107, 405, 2, 27000.00, '2022-08-05'),
	(1108, 42, 1, 48141.00, '2022-08-05'),
	(1109, 42, 1, 53882.00, '2022-08-05'),
	(1110, 42, 1, 6322.00, '2022-09-02'),
	(1111, 42, 1, 63962.00, '2022-08-05'),
	(1112, 42, 1, 5640.00, '2022-08-05'),
	(1113, 174, 1, 237405.00, '2022-08-10'),
	(1114, 174, 1, 212415.00, '2022-08-10'),
	(1115, 174, 1, 474810.00, '2022-08-10'),
	(1116, 174, 1, 199920.00, '2022-08-10'),
	(1117, 174, 1, 174930.00, '2022-08-10'),
	(1118, 174, 1, 149940.00, '2022-08-10'),
	(1119, 174, 1, 174930.00, '2022-08-10'),
	(1120, 174, 1, 162435.00, '2022-08-10'),
	(1121, 174, 1, 22491.00, '2022-08-10'),
	(1122, 174, 1, 212415.00, '2022-08-10'),
	(1123, 174, 1, 67473.00, '2022-08-10'),
	(1124, 391, 1, 5950.00, '2023-06-14'),
	(1125, 391, 1, 10710.00, '2023-06-14'),
	(1126, 313, 1, 3000.00, '2023-05-08'),
	(1126, 412, 2, 2200.00, '2023-05-08'),
	(1127, 140, 1, 110000.00, '2022-07-29'),
	(1128, 96, 2, 14000.00, '2022-10-15'),
	(1128, 140, 1, 15000.00, '2022-10-15'),
	(1129, 65, 1, 4400.00, '2022-09-10'),
	(1130, 192, 1, 57950.00, '2023-05-11'),
	(1131, 192, 1, 84800.00, '2023-05-11'),
	(1132, 192, 1, 122000.00, '2023-05-11'),
	(1133, 102, 1, 340000.00, '2023-05-11'),
	(1134, 65, 1, 70000.00, '2022-09-21'),
	(1134, 192, 2, 77200.00, '2022-09-21'),
	(1135, 192, 2, 343400.00, '2022-09-21'),
	(1135, 337, 1, 315900.00, '2022-09-21'),
	(1136, 238, 1, 50456.00, '2023-09-20'),
	(1136, 305, 2, 38675.00, '2024-05-10'),
	(1137, 163, 1, 177000.00, '2024-04-01'),
	(1138, 206, 1, 175000.00, '2023-01-26'),
	(1139, 206, 1, 59500.00, '2022-09-12'),
	(1140, 235, 1, 210000.00, '2023-01-26'),
	(1141, 235, 1, 100000.00, '2022-09-07'),
	(1142, 372, 1, 10115.00, '2022-10-21'),
	(1143, 147, 1, 45049.00, '2022-10-22'),
	(1144, 147, 1, 1999.00, '2022-10-22'),
	(1145, 365, 1, 499.00, '2022-10-28'),
	(1146, 365, 1, 72000.00, '2022-10-28'),
	(1147, 36, 1, 4600.00, '2023-01-13'),
	(1148, 202, 1, 3927.00, '2023-01-16'),
	(1149, 202, 1, 3689.00, '2023-01-16'),
	(1150, 202, 1, 3213.00, '2023-01-16'),
	(1151, 202, 1, 7000.00, '2023-01-16'),
	(1152, 144, 1, 69000.00, '2023-01-16'),
	(1153, 174, 1, 110000.00, '2022-09-23'),
	(1154, 174, 1, 73500.00, '2022-09-23'),
	(1155, 174, 1, 63000.00, '2022-09-23'),
	(1156, 174, 1, 84000.00, '2022-09-23'),
	(1157, 256, 1, 16660.00, '2022-10-21'),
	(1158, 257, 1, 22999.00, '2022-10-21'),
	(1159, 257, 1, 21600.00, '2023-01-18'),
	(1160, 36, 1, 4600.00, '2023-04-22'),
	(1161, 36, 1, 7000.00, '2023-04-22'),
	(1162, 36, 1, 9400.00, '2023-04-22'),
	(1163, 36, 1, 4600.00, '2023-04-22'),
	(1164, 36, 1, 7000.00, '2023-04-22'),
	(1165, 36, 1, 1000.00, '2023-04-22'),
	(1166, 379, 1, 154581.00, '2024-02-01'),
	(1167, 290, 1, 2000.00, '2024-02-01'),
	(1168, 379, 1, 234073.00, '2024-02-01'),
	(1169, 290, 1, 3000.00, '2024-02-01'),
	(1170, 379, 1, 343434.00, '2024-02-01'),
	(1171, 290, 1, 4000.00, '2024-02-01'),
	(1171, 344, 2, 3100.00, '2024-02-01'),
	(1172, 379, 1, 516460.00, '2024-02-01'),
	(1173, 290, 1, 5900.00, '2024-02-01'),
	(1173, 344, 2, 5250.00, '2024-02-01'),
	(1173, 395, 3, 5500.00, '2022-09-06'),
	(1174, 379, 1, 867153.00, '2024-02-01'),
	(1175, 290, 1, 10900.00, '2024-02-01'),
	(1175, 344, 2, 7750.00, '2024-02-01'),
	(1175, 395, 3, 9500.00, '2024-04-23'),
	(1176, 209, 2, 2200.00, '2022-09-12'),
	(1176, 402, 1, 1450.00, '2024-02-01'),
	(1177, 323, 1, 48930.00, '2024-03-01'),
	(1177, 395, 2, 47000.00, '2022-09-13'),
	(1178, 323, 1, 102811.00, '2024-03-01'),
	(1178, 395, 2, 65000.00, '2022-09-12'),
	(1179, 323, 1, 67500.00, '2024-03-01'),
	(1180, 323, 2, 28927.00, '2024-03-01'),
	(1180, 402, 1, 1500.00, '2024-03-01'),
	(1181, 323, 2, 42199.00, '2024-03-01'),
	(1181, 344, 1, 2400.00, '2024-03-01'),
	(1182, 344, 1, 4300.00, '2024-02-01'),
	(1183, 344, 1, 6240.00, '2024-02-01'),
	(1183, 395, 2, 5800.00, '2022-10-04'),
	(1184, 65, 3, 8000.00, '2022-12-12'),
	(1184, 344, 1, 9250.00, '2024-02-01'),
	(1184, 395, 2, 9500.00, '2022-10-04'),
	(1185, 65, 3, 11800.00, '2022-12-12'),
	(1185, 344, 1, 16000.00, '2024-02-01'),
	(1185, 395, 2, 11800.00, '2022-09-15'),
	(1186, 65, 2, 6200.00, '2022-11-21'),
	(1186, 344, 1, 4850.00, '2024-02-01'),
	(1187, 65, 2, 9900.00, '2022-10-20'),
	(1187, 344, 1, 6750.00, '2024-02-01'),
	(1188, 65, 2, 4300.00, '2023-01-13'),
	(1188, 344, 1, 3650.00, '2024-02-01'),
	(1189, 65, 2, 2600.00, '2022-11-17'),
	(1189, 344, 1, 2300.00, '2024-02-01'),
	(1190, 323, 1, 3279.00, '2024-02-01'),
	(1191, 323, 1, 5581.00, '2024-02-01'),
	(1192, 65, 2, 3399.00, '2022-11-01'),
	(1192, 323, 1, 5445.00, '2024-02-01'),
	(1193, 65, 2, 1900.00, '2023-01-17'),
	(1194, 217, 2, 1047.00, '2022-09-08'),
	(1194, 344, 1, 1200.00, '2024-02-01'),
	(1195, 217, 2, 1106.00, '2022-09-08'),
	(1195, 344, 1, 1300.00, '2024-02-01'),
	(1196, 217, 2, 1475.00, '2022-09-08'),
	(1196, 344, 1, 1475.00, '2024-02-01'),
	(1198, 217, 2, 8000.00, '2023-04-11'),
	(1198, 308, 1, 9285.00, '2024-02-01'),
	(1198, 395, 3, 7000.00, '2022-09-08'),
	(1199, 217, 1, 13387.00, '2022-09-08'),
	(1200, 395, 1, 8500.00, '2022-09-08'),
	(1201, 217, 2, 8675.00, '2022-09-08'),
	(1201, 308, 1, 9285.00, '2024-02-01'),
	(1201, 395, 3, 6500.00, '2022-09-08'),
	(1202, 217, 1, 11162.00, '2023-03-23'),
	(1203, 217, 1, 9258.00, '2022-09-21'),
	(1204, 308, 1, 5150.00, '2024-02-01'),
	(1205, 308, 1, 16750.00, '2024-02-01'),
	(1206, 308, 1, 9850.00, '2024-02-01'),
	(1207, 308, 1, 11261.00, '2024-02-01'),
	(1208, 65, 1, 3800.00, '2022-08-17'),
	(1209, 65, 1, 2800.00, '2022-08-17'),
	(1210, 65, 1, 3000.00, '2022-08-17'),
	(1211, 229, 1, 3400.00, '2022-09-12'),
	(1212, 209, 3, 1200.00, '2022-09-12'),
	(1212, 229, 2, 1450.00, '2022-09-12'),
	(1212, 234, 1, 1190.00, '2024-04-01'),
	(1213, 234, 1, 1428.00, '2024-05-02'),
	(1214, 395, 1, 7735.00, '2023-08-04'),
	(1215, 395, 1, 14280.00, '2023-08-04'),
	(1216, 234, 1, 136850.00, '2023-08-04'),
	(1217, 395, 1, 9000.00, '2022-08-20'),
	(1218, 209, 1, 55000.00, '2022-09-13'),
	(1218, 234, 2, 53550.00, '2022-10-08'),
	(1219, 217, 1, 135945.00, '2022-09-08'),
	(1220, 217, 1, 230955.00, '2022-09-08'),
	(1221, 217, 1, 309626.00, '2022-09-08'),
	(1222, 217, 1, 528169.00, '2022-09-08'),
	(1223, 395, 1, 210000.00, '2023-05-25'),
	(1224, 395, 1, 270000.00, '2023-01-19'),
	(1225, 395, 1, 400000.00, '2023-01-19'),
	(1226, 395, 1, 500000.00, '2023-01-19'),
	(1227, 234, 1, 26200.00, '2024-04-01'),
	(1228, 234, 1, 29750.00, '2024-04-01'),
	(1229, 234, 1, 44030.00, '2024-04-01'),
	(1230, 209, 2, 65000.00, '2022-09-16'),
	(1230, 234, 1, 54740.00, '2024-04-01'),
	(1231, 234, 1, 57120.00, '2024-04-01'),
	(1232, 209, 2, 75000.00, '2022-09-06'),
	(1232, 234, 1, 67830.00, '2024-04-01'),
	(1232, 395, 3, 75000.00, '2022-09-06'),
	(1233, 234, 1, 69020.00, '2024-04-01'),
	(1234, 234, 1, 97580.00, '2024-04-01'),
	(1235, 234, 1, 130000.00, '2024-04-01'),
	(1236, 387, 1, 83300.00, NULL),
	(1237, 65, 1, 5500.00, '2022-08-09'),
	(1238, 209, 2, 135000.00, '2023-05-18'),
	(1238, 395, 1, 50000.00, '2024-01-25'),
	(1239, 395, 1, 22000.00, '2024-02-05'),
	(1240, 65, 2, 4500.00, '2023-06-02'),
	(1240, 209, 1, 6500.00, '2023-03-21'),
	(1242, 395, 1, 28500.00, '2022-09-15'),
	(1243, 395, 1, 3300.00, '2022-09-15'),
	(1244, 395, 1, 3900.00, '2022-09-15'),
	(1245, 395, 1, 3300.00, '2022-09-15'),
	(1246, 395, 1, 15000.00, '2022-09-15'),
	(1247, 395, 1, 10000.00, '2022-09-15'),
	(1248, 237, 1, 154700.00, '2022-09-15'),
	(1249, 237, 1, 154700.00, '2023-06-16'),
	(1250, 237, 1, 214200.00, '2023-06-16'),
	(1251, 237, 1, 273700.00, '2023-06-16'),
	(1252, 237, 1, 297500.00, '2023-06-16'),
	(1253, 237, 1, 297500.00, '2023-06-16'),
	(1254, 237, 1, 595000.00, '2023-06-16'),
	(1255, 237, 1, 654500.00, '2023-06-16'),
	(1256, 237, 1, 1071000.00, '2023-06-16'),
	(1257, 237, 1, 1309000.00, '2023-06-16'),
	(1258, 237, 1, 618800.00, '2023-06-16'),
	(1259, 147, 2, 8900.00, '2022-09-19'),
	(1259, 165, 3, 8460.00, '2022-09-19'),
	(1259, 358, 1, 8000.00, '2023-07-05'),
	(1260, 147, 2, 7900.00, '2022-09-19'),
	(1260, 165, 3, 8508.00, '2022-09-19'),
	(1260, 358, 1, 12500.00, '2023-07-05'),
	(1261, 66, 2, 7616.00, '2022-10-28'),
	(1261, 323, 1, 2650.00, '2023-11-01'),
	(1262, 66, 1, 10000.00, '2022-08-16'),
	(1264, 194, 1, 28800.00, '2022-08-17'),
	(1265, 66, 1, 2249.00, '2022-09-19'),
	(1265, 147, 2, 3600.00, '2022-09-19'),
	(1266, 66, 1, 273700.00, '2022-09-20'),
	(1270, 194, 1, 44200.00, '2022-08-16'),
	(1271, 194, 1, 105553.00, '2022-09-13'),
	(1271, 236, 2, 90000.00, '2022-09-14'),
	(1272, 236, 1, 90000.00, '2022-10-27'),
	(1273, 230, 2, 5712.00, '2022-09-13'),
	(1273, 231, 1, 5000.00, '2022-09-13'),
	(1274, 147, 1, 6600.00, '2022-09-01'),
	(1275, 271, 1, 8330.00, '2022-11-26'),
	(1276, 337, 1, 45000.00, '2023-08-25'),
	(1277, 337, 1, 23000.00, '2023-10-01'),
	(1277, 354, 2, 18000.00, '2023-10-01'),
	(1278, 306, 1, 70000.00, '2023-11-01'),
	(1278, 345, 2, 75000.00, '2023-11-01'),
	(1279, 336, 2, 141300.00, '2023-11-01'),
	(1279, 337, 1, 148000.00, '2023-11-01'),
	(1279, 345, 3, 150000.00, '2023-11-01'),
	(1280, 267, 2, 1500.00, '2022-09-17'),
	(1282, 337, 1, 4000.00, '2023-10-01'),
	(1284, 66, 1, 45220.00, '2022-09-19'),
	(1285, 51, 1, 350000.00, '2022-09-15'),
	(1286, 51, 1, 169999.00, '2022-09-15'),
	(1287, 172, 1, 40050.00, '2022-10-21'),
	(1288, 172, 1, 2000.00, '2022-10-21'),
	(1289, 272, 2, 38500.00, '2023-09-01'),
	(1289, 323, 1, 18700.00, '2023-09-01'),
	(1290, 324, 1, 5000.00, '2023-10-01'),
	(1291, 225, 1, 25000.00, '2023-02-08'),
	(1292, 285, 1, 550000.00, '2023-02-01'),
	(1293, 267, 2, 35000.00, '2024-01-18'),
	(1294, 65, 2, 19800.00, '2023-06-28'),
	(1294, 267, 1, 20000.00, '2024-01-18'),
	(1295, 267, 2, 8000.00, '2023-06-05'),
	(1299, 267, 2, 6000.00, '2023-01-20'),
	(1300, 416, 2, 4500.00, '2022-09-23'),
	(1301, 404, 1, 480000.00, '2023-02-18'),
	(1302, 404, 1, 25000.00, '2023-02-18'),
	(1303, 404, 1, 25000.00, '2023-02-18'),
	(1304, 404, 1, 20000.00, '2023-02-18'),
	(1305, 404, 1, 15000.00, '2023-02-18'),
	(1306, 207, 2, 225000.00, '2022-09-05'),
	(1306, 337, 1, 230000.00, '2023-09-08'),
	(1307, 192, 1, 3300.00, '2022-09-05'),
	(1308, 192, 1, 1900.00, '2022-09-05'),
	(1310, 169, 1, 7000.00, '2022-10-10'),
	(1311, 169, 1, 11000.00, '2022-10-10'),
	(1313, 134, 1, 130.00, '2023-03-09'),
	(1314, 134, 1, 210.00, '2023-03-09'),
	(1316, 337, 1, 11900.00, '2023-05-15'),
	(1317, 337, 1, 16900.00, '2023-05-15'),
	(1318, 337, 1, 31500.00, '2023-05-15'),
	(1319, 337, 1, 35900.00, '2023-05-15'),
	(1320, 378, 1, 157000.00, '2023-05-15'),
	(1321, 378, 1, 265000.00, '2023-05-15'),
	(1322, 378, 1, 318000.00, '2023-05-15'),
	(1323, 378, 1, 335000.00, '2023-05-15'),
	(1324, 207, 3, 79000.00, '2023-12-21'),
	(1324, 325, 1, 59500.00, '2023-12-21'),
	(1324, 424, 2, 70000.00, '2023-12-21'),
	(1328, 337, 1, 78000.00, '2023-05-15'),
	(1329, 337, 1, 90000.00, '2023-05-15'),
	(1330, 287, 1, 1000.00, '2023-06-10'),
	(1331, 287, 1, 1900.00, '2023-06-10'),
	(1332, 287, 1, 4100.00, '2023-06-10'),
	(1333, 287, 1, 5800.00, '2023-06-10'),
	(1334, 287, 1, 6500.00, '2023-06-10'),
	(1339, 21, 2, 600.00, '2024-01-18'),
	(1339, 98, 1, 594.00, '2024-01-18'),
	(1340, 97, 2, 630.00, '2022-10-18'),
	(1340, 98, 1, 431.00, '2024-04-23'),
	(1341, 21, 2, 730.00, '2024-01-18'),
	(1341, 98, 1, 760.00, '2024-01-18'),
	(1342, 97, 2, 830.00, '2022-08-05'),
	(1342, 98, 1, 562.00, '2024-04-23'),
	(1343, 97, 2, 870.00, '2024-03-18'),
	(1343, 98, 3, 1408.00, '2022-08-05'),
	(1343, 303, 1, 970.00, '2024-03-18'),
	(1344, 97, 2, 732.00, '2023-07-19'),
	(1344, 98, 1, 892.00, '2023-07-19'),
	(1345, 98, 1, 1760.00, '2022-09-15'),
	(1345, 222, 3, 2041.00, '2022-09-15'),
	(1346, 97, 1, 1305.00, '2024-05-07'),
	(1346, 98, 2, 1760.00, '2023-01-24'),
	(1347, 97, 1, 1096.00, '2023-10-13'),
	(1347, 98, 2, 950.00, '2023-10-13'),
	(1348, 21, 2, 1500.00, '2023-10-18'),
	(1348, 97, 3, 1476.00, '2023-11-02'),
	(1348, 98, 1, 1722.00, '2023-10-18'),
	(1349, 97, 1, 750.00, '2024-04-23'),
	(1350, 97, 1, 1582.00, '2023-01-26'),
	(1351, 97, 1, 1442.00, '2023-10-18'),
	(1353, 303, 1, 1761.00, '2023-10-18'),
	(1356, 97, 1, 504.00, '2022-09-16'),
	(1357, 21, 2, 390.00, '2023-02-06'),
	(1357, 97, 1, 352.00, '2024-03-21'),
	(1358, 97, 1, 424.00, '2024-03-21'),
	(1358, 98, 2, 457.00, '2022-09-10'),
	(1358, 222, 3, 565.00, '2022-09-10'),
	(1359, 97, 1, 616.00, '2022-09-15'),
	(1360, 98, 2, 592.00, '2022-09-10'),
	(1360, 222, 3, 685.00, '2022-09-10'),
	(1360, 303, 1, 495.00, '2024-04-23'),
	(1361, 98, 2, 790.00, '2022-09-10'),
	(1361, 222, 3, 816.00, '2022-09-10'),
	(1361, 303, 1, 770.00, '2024-04-23'),
	(1362, 98, 2, 18500.00, '2023-03-28'),
	(1362, 365, 1, 19500.00, '2023-03-28'),
	(1363, 365, 1, 195000.00, '2023-03-28'),
	(1364, 97, 2, 23.50, '2023-03-28'),
	(1364, 365, 1, 25000.00, '2023-03-28'),
	(1365, 365, 1, 250000.00, '2023-03-28'),
	(1366, 97, 1, 430.00, '2024-05-27'),
	(1366, 98, 2, 484.00, '2022-09-09'),
	(1366, 222, 3, 499.00, '2023-02-17'),
	(1367, 97, 1, 450.00, '2024-05-27'),
	(1367, 98, 2, 490.00, '2022-09-09'),
	(1367, 222, 3, 576.00, '2023-02-17'),
	(1368, 97, 1, 430.00, '2024-05-27'),
	(1368, 98, 2, 484.00, '2022-09-09'),
	(1368, 222, 3, 506.00, '2023-02-17'),
	(1369, 97, 1, 1400.00, '2023-08-28'),
	(1370, 97, 1, 1400.00, '2023-08-28'),
	(1371, 97, 2, 1400.00, '2023-08-28'),
	(1371, 98, 1, 1666.00, '2023-08-28'),
	(1372, 21, 2, 1860.00, '2023-08-28'),
	(1372, 97, 1, 1800.00, '2023-08-28'),
	(1373, 98, 1, 1700.00, '2023-08-28'),
	(1374, 21, 2, 1930.00, '2023-08-28'),
	(1374, 97, 1, 2030.00, '2023-08-28'),
	(1376, 97, 1, 400.00, '2023-11-21'),
	(1376, 417, 2, 430.00, '2023-01-18'),
	(1377, 21, 2, 480.00, '2023-09-13'),
	(1377, 97, 1, 577.00, '2023-01-18'),
	(1378, 21, 2, 820.00, '2023-09-13'),
	(1378, 97, 1, 826.00, '2024-03-22'),
	(1379, 97, 1, 1188.00, '2024-03-22'),
	(1380, 97, 1, 1899.00, '2023-01-18'),
	(1381, 97, 2, 163.00, '2023-11-03'),
	(1381, 98, 3, 176.00, '2023-11-03'),
	(1381, 303, 1, 170.00, '2023-11-03'),
	(1382, 97, 1, 2103.00, '2023-04-11'),
	(1383, 97, 1, 2559.00, '2023-04-11'),
	(1383, 98, 2, 2350.00, '2022-09-15'),
	(1383, 222, 3, 3800.00, '2022-09-15'),
	(1384, 97, 1, 2896.00, '2023-04-11'),
	(1384, 222, 2, 2856.00, '2023-04-11'),
	(1386, 18, 1, 5140.00, '2024-02-27'),
	(1387, 18, 1, 5078.00, '2024-01-30'),
	(1388, 97, 2, 659.00, '2022-09-09'),
	(1388, 222, 3, 714.00, '2022-09-09'),
	(1389, 222, 1, 6700.00, '2022-09-29'),
	(1390, 275, 1, 6600.00, '2023-01-30'),
	(1391, 275, 1, 8900.00, '2023-01-30'),
	(1392, 384, 1, 6600.00, '2024-02-21'),
	(1393, 384, 1, 10000.00, '2024-01-28'),
	(1394, 384, 1, 13700.00, '2024-01-28'),
	(1395, 49, 1, 59500.00, '2024-03-07'),
	(1395, 170, 2, 53550.00, '2023-01-24'),
	(1396, 49, 1, 41650.00, '2024-03-07'),
	(1396, 170, 2, 41650.00, '2023-01-24'),
	(1397, 49, 1, 41650.00, '2024-03-07'),
	(1397, 170, 2, 35700.00, '2023-01-24'),
	(1398, 49, 1, 59500.00, '2024-03-07'),
	(1398, 170, 2, 53550.00, '2023-01-24'),
	(1399, 49, 2, 190400.00, '2023-06-14'),
	(1399, 170, 3, 196350.00, '2023-01-24'),
	(1399, 377, 1, 166600.00, '2023-06-14'),
	(1400, 48, 1, 71400.00, '2023-08-01'),
	(1401, 49, 1, 119000.00, '2024-03-07'),
	(1401, 170, 2, 107100.00, '2023-01-24'),
	(1402, 49, 1, 71400.00, '2024-03-07'),
	(1402, 170, 2, 57120.00, '2023-01-24'),
	(1403, 48, 1, 154700.00, '2023-08-01'),
	(1404, 48, 1, 77350.00, '2023-08-01'),
	(1405, 382, 1, 65450.00, '2023-06-01'),
	(1406, 281, 1, 23800.00, '2024-01-01'),
	(1407, 281, 1, 14875.00, '2024-01-01'),
	(1408, 334, 1, 9520.00, '2023-06-01'),
	(1409, 280, 1, 142800.00, '2024-01-01'),
	(1410, 281, 1, 29750.00, '2024-01-01'),
	(1411, 281, 1, 23800.00, '2024-01-01'),
	(1412, 388, 1, 12000.00, '2024-01-01'),
	(1413, 388, 1, 17850.00, '2024-01-01'),
	(1414, 280, 1, 416500.00, '2024-01-01'),
	(1415, 350, 1, 107100.00, '2024-01-01'),
	(1416, 350, 1, 59500.00, '2024-01-01'),
	(1417, 373, 1, 262000.00, '2023-06-01'),
	(1418, 373, 1, 364000.00, '2023-06-01'),
	(1419, 373, 1, 466000.00, '2023-06-01'),
	(1420, 373, 1, 568000.00, '2023-06-01'),
	(1421, 111, 1, 290000.00, '2024-01-01'),
	(1422, 111, 1, 240000.00, '2024-01-01'),
	(1423, 111, 1, 140000.00, '2024-01-01'),
	(1424, 111, 1, 70000.00, '2024-01-01'),
	(1425, 111, 1, 290000.00, '2024-01-01'),
	(1426, 111, 1, 240000.00, '2024-01-01'),
	(1427, 111, 1, 140000.00, '2024-01-01'),
	(1428, 111, 1, 70000.00, '2024-01-01'),
	(1429, 111, 1, 150000.00, '2024-01-01'),
	(1430, 111, 1, 120000.00, '2024-01-01'),
	(1431, 111, 1, 75000.00, '2024-01-01'),
	(1432, 111, 1, 40000.00, '2024-01-01'),
	(1433, 111, 1, 100000.00, '2024-01-01'),
	(1434, 111, 1, 90000.00, '2024-01-01'),
	(1435, 111, 1, 80000.00, '2024-01-01'),
	(1436, 111, 1, 60000.00, '2024-01-01'),
	(1437, 111, 1, 40000.00, '2024-01-01'),
	(1438, 111, 1, 32000.00, '2024-01-01'),
	(1439, 111, 1, 22000.00, '2024-01-01'),
	(1440, 111, 1, 12500.00, '2024-01-01'),
	(1458, 185, 1, 104720.00, '2022-08-25'),
	(1458, 286, 2, 124950.00, '2022-10-20'),
	(1459, 245, 2, 98889.00, '2022-09-24'),
	(1459, 252, 1, 107100.00, '2022-09-24'),
	(1460, 244, 2, 208250.00, '2022-09-24'),
	(1460, 286, 2, 208250.00, '2022-09-24'),
	(1461, 245, 2, 500400.00, '2022-08-25'),
	(1462, 286, 1, 38080.00, '2023-09-26'),
	(1463, 286, 1, 46410.00, '2023-09-26'),
	(1464, 286, 1, 79000.00, '2023-09-26'),
	(1465, 185, 1, 178500.00, '2022-10-05'),
	(1466, 185, 1, 154700.00, '2022-10-05'),
	(1466, 286, 2, 154700.00, '2022-10-05'),
	(1467, 185, 1, 107100.00, '2022-10-05'),
	(1467, 286, 2, 154700.00, '2022-10-05'),
	(1468, 185, 1, 190400.00, '2022-10-05'),
	(1469, 185, 1, 166600.00, '2022-10-05'),
	(1469, 286, 2, 154700.00, '2022-10-05'),
	(1470, 185, 1, 119000.00, '2022-10-05'),
	(1470, 286, 2, 154700.00, '2022-10-05'),
	(1471, 185, 1, 77350.00, '2022-08-26'),
	(1472, 244, 1, 217770.00, '2022-09-20'),
	(1473, 245, 1, 262395.00, '2022-09-20'),
	(1474, 286, 1, 367710.00, '2023-08-11'),
	(1475, 252, 1, 535500.00, '2023-08-10'),
	(1475, 286, 2, 696150.00, '2022-10-19'),
	(1476, 185, 2, 333200.00, '2023-02-14'),
	(1476, 252, 1, 345100.00, '2023-08-11'),
	(1476, 286, 3, 461720.00, '2023-02-14'),
	(1477, 245, 1, 1280440.00, '2023-07-07'),
	(1477, 252, 2, 1547000.00, '2022-10-20'),
	(1478, 343, 1, 420000.00, '2023-02-01'),
	(1479, 185, 2, 73780.00, '2022-10-21'),
	(1479, 244, 1, 75500.00, '2023-06-01'),
	(1479, 286, 3, 97850.00, '2022-10-21'),
	(1480, 185, 2, 73780.00, '2023-06-01'),
	(1480, 244, 1, 80920.00, '2023-06-01'),
	(1480, 252, 3, 83300.00, '2023-06-01'),
	(1481, 244, 1, 177000.00, '2023-06-01'),
	(1482, 343, 1, 110000.00, '2023-02-01'),
	(1483, 252, 1, 119000.00, '2023-02-04'),
	(1484, 252, 1, 130900.00, '2023-02-04'),
	(1485, 185, 1, 249900.00, '2022-10-24'),
	(1486, 185, 2, 273700.00, '2022-10-24'),
	(1486, 252, 1, 154700.00, '2023-02-04'),
	(1487, 252, 1, 178500.00, '2023-02-04'),
	(1488, 252, 1, 95200.00, '2023-02-04'),
	(1489, 286, 1, 518840.00, '2023-03-15'),
	(1490, 286, 1, 542640.00, '2023-03-15'),
	(1491, 252, 1, 357000.00, '2023-03-15'),
	(1491, 286, 2, 654500.00, '2023-03-15'),
	(1492, 286, 1, 661640.00, '2023-03-15'),
	(1493, 252, 1, 309400.00, '2023-03-15'),
	(1494, 252, 1, 464100.00, '2023-03-15'),
	(1495, 252, 1, 618800.00, '2023-03-15'),
	(1496, 244, 1, 416500.00, '2023-09-19'),
	(1496, 286, 2, 427210.00, '2023-02-01'),
	(1497, 286, 1, 439110.00, '2023-02-01'),
	(1498, 284, 1, 1130500.00, '2023-05-20'),
	(1499, 284, 1, 1785000.00, '2023-05-21'),
	(1500, 284, 1, 2975000.00, '2023-05-22'),
	(1501, 284, 1, 892500.00, '2022-12-13'),
	(1502, 284, 1, 1071000.00, '2023-03-29'),
	(1503, 284, 1, 1309000.00, '2023-03-29'),
	(1504, 284, 1, 1666000.00, '2023-03-27'),
	(1505, 284, 1, 142800.00, '2023-05-21'),
	(1506, 284, 1, 166600.00, '2023-05-21'),
	(1507, 284, 1, 190400.00, '2023-05-21'),
	(1508, 284, 1, 214200.00, '2023-05-21'),
	(1509, 284, 1, 107100.00, '2023-03-01'),
	(1510, 187, 1, 2356200.00, '2022-09-15'),
	(1510, 437, 2, 2000000.00, '2022-09-15'),
	(1511, 284, 1, 1785000.00, '2022-09-15'),
	(1512, 187, 1, 2844100.00, '2022-09-15'),
	(1513, 284, 1, 357000.00, '2023-01-18'),
	(1514, 187, 1, 1094800.00, '2023-02-08'),
	(1515, 187, 1, 1142400.00, '2023-02-08'),
	(1516, 337, 1, 450000.00, '2023-02-08'),
	(1517, 187, 1, 1428000.00, '2023-02-08'),
	(1518, 273, 1, 70000.00, '2023-02-08'),
	(1519, 273, 1, 170000.00, '2023-02-08'),
	(1520, 135, 1, 37400.00, '2024-05-07'),
	(1521, 135, 1, 33150.00, '2024-05-07'),
	(1522, 135, 1, 27250.00, '2024-04-04'),
	(1523, 135, 1, 26450.00, '2023-05-13'),
	(1524, 139, 2, 4000.00, '2024-04-29'),
	(1524, 140, 1, 5500.00, '2024-04-01'),
	(1525, 254, 1, 5500.00, '2024-04-01'),
	(1526, 254, 1, 6500.00, '2024-04-01'),
	(1527, 254, 1, 5000.00, '2024-04-01'),
	(1528, 254, 1, 9500.00, '2024-04-01'),
	(1529, 254, 1, 5500.00, '2024-04-01'),
	(1530, 254, 1, 16000.00, '2024-04-01'),
	(1531, 254, 1, 14800.00, '2024-04-01'),
	(1531, 434, 2, 23000.00, '2023-11-01'),
	(1532, 139, 2, 10500.00, '2024-04-20'),
	(1532, 140, 1, 14999.00, '2024-04-01'),
	(1533, 139, 2, 6000.00, '2024-04-20'),
	(1533, 140, 1, 8000.00, '2024-04-01'),
	(1534, 192, 1, 19700.00, '2024-04-01'),
	(1535, 376, 1, 25500.00, '2023-08-01'),
	(1536, 376, 1, 32700.00, '2023-08-01'),
	(1537, 32, 1, 10710.00, '2024-01-01'),
	(1538, 32, 1, 12019.00, '2024-01-01'),
	(1539, 364, 1, 9520.00, '2023-06-10'),
	(1540, 32, 1, 11186.00, '2024-01-01'),
	(1541, 32, 1, 12376.00, '2024-01-01'),
	(1542, 32, 1, 20825.00, '2024-01-01'),
	(1543, 32, 1, 20825.00, '2024-01-01'),
	(1544, 32, 1, 25585.00, '2024-01-01'),
	(1545, 31, 2, 21241.00, '2023-03-14'),
	(1545, 32, 1, 22967.00, '2024-01-01'),
	(1546, 31, 2, 22657.00, '2023-03-14'),
	(1546, 32, 1, 22967.00, '2024-01-01'),
	(1547, 31, 2, 26775.00, '2023-04-20'),
	(1547, 32, 1, 28322.00, '2024-01-01'),
	(1548, 32, 1, 20825.00, '2024-01-01'),
	(1549, 32, 1, 20825.00, '2024-01-01'),
	(1550, 32, 1, 25585.00, '2024-01-01'),
	(1551, 31, 2, 21949.00, '2023-03-14'),
	(1551, 32, 1, 22967.00, '2024-01-01'),
	(1552, 31, 2, 23365.00, '2023-03-14'),
	(1552, 32, 1, 22967.00, '2024-01-01'),
	(1553, 32, 1, 28322.00, '2024-01-01'),
	(1554, 32, 2, 13328.00, '2023-07-01'),
	(1554, 282, 1, 16660.00, '2023-07-01'),
	(1555, 32, 2, 15232.00, '2023-07-01'),
	(1555, 282, 1, 17850.00, '2023-07-01'),
	(1556, 31, 2, 8496.00, '2023-03-14'),
	(1556, 32, 1, 2380.00, '2023-07-01'),
	(1557, 32, 1, 4760.00, '2023-07-01'),
	(1558, 32, 1, 7140.00, '2023-07-01'),
	(1559, 364, 1, 47600.00, '2023-05-10'),
	(1559, 410, 2, 57120.00, '2023-05-10'),
	(1560, 364, 1, 48790.00, '2023-05-10'),
	(1560, 410, 2, 65450.00, '2023-05-10'),
	(1561, 364, 1, 53550.00, '2023-05-10'),
	(1561, 410, 2, 71400.00, '2023-05-10'),
	(1562, 312, 1, 2000.00, '2023-10-04'),
	(1562, 418, 2, 1785.00, '2023-10-04'),
	(1563, 139, 1, 500.00, '2024-03-20'),
	(1564, 140, 1, 1700.00, '2023-05-11'),
	(1565, 139, 1, 200.00, '2024-03-20'),
	(1566, 140, 1, 1000.00, '2023-05-11'),
	(1567, 140, 1, 400.00, '2024-05-21'),
	(1568, 140, 1, 420.00, '2024-05-21'),
	(1569, 140, 1, 700.00, '2023-05-11'),
	(1570, 140, 1, 900.00, '2022-10-04'),
	(1571, 88, 1, 40000.00, '2024-01-01'),
	(1572, 88, 1, 140000.00, '2024-01-01'),
	(1573, 88, 1, 190000.00, '2024-01-01'),
	(1574, 88, 1, 180000.00, '2024-01-01'),
	(1575, 401, 1, 7140.00, '2023-02-09'),
	(1576, 401, 1, 8330.00, '2023-02-10'),
	(1577, 93, 1, 5950.00, '2023-10-01'),
	(1577, 426, 2, 5950.00, '2022-10-29'),
	(1578, 312, 1, 53550.00, '2024-03-12'),
	(1579, 312, 1, 71400.00, '2024-03-12'),
	(1580, 283, 1, 65000.00, '2024-03-01'),
	(1581, 283, 1, 90000.00, '2024-03-01'),
	(1582, 174, 2, 237405.00, '2022-08-10'),
	(1583, 174, 2, 212415.00, '2022-08-10'),
	(1584, 174, 2, 474810.00, '2022-08-10'),
	(1585, 174, 2, 199920.00, '2022-08-10'),
	(1586, 174, 2, 174930.00, '2022-08-10'),
	(1587, 42, 1, 48790.00, '2023-09-26'),
	(1588, 42, 2, 55930.00, '2023-09-26'),
	(1588, 163, 1, 37158.00, '2023-09-26'),
	(1589, 42, 1, 55930.00, '2023-09-26'),
	(1590, 42, 1, 271320.00, '2023-09-26'),
	(1591, 163, 1, 8465.00, '2023-09-26'),
	(1592, 159, 1, 85000.00, '2023-09-26'),
	(1593, 42, 1, 278103.00, '2023-09-26'),
	(1594, 238, 1, 79944.00, '2023-09-11'),
	(1595, 238, 1, 30761.00, '2023-10-09'),
	(1596, 238, 1, 59500.00, '2023-10-09'),
	(1597, 238, 1, 27489.00, '2023-09-11'),
	(1597, 305, 2, 26180.00, '2025-05-10'),
	(1598, 238, 1, 45220.00, '2024-05-20'),
	(1599, 238, 1, 35700.00, '2022-10-24'),
	(1600, 238, 1, 34510.00, '2022-10-24'),
	(1601, 238, 1, 7140.00, '2023-08-17'),
	(1602, 238, 1, 21420.00, '2023-08-17'),
	(1603, 238, 1, 15470.00, '2023-08-17'),
	(1604, 238, 1, 37247.00, '2023-08-17'),
	(1605, 238, 1, 34510.00, '2023-08-17'),
	(1606, 238, 1, 66640.00, '2023-08-17'),
	(1607, 238, 1, 535500.00, '2023-09-11'),
	(1608, 238, 1, 41650.00, '2023-09-11'),
	(1609, 238, 1, 41650.00, '2023-09-11'),
	(1610, 238, 1, 41650.00, '2023-09-11'),
	(1611, 305, 1, 2915.00, '2025-05-10'),
	(1612, 305, 1, 1428.00, '2025-05-10'),
	(1613, 238, 1, 4611.00, '2023-09-21'),
	(1613, 305, 2, 3808.00, '2025-05-10'),
	(1614, 238, 1, 4313.00, '2023-09-21'),
	(1614, 305, 2, 3748.00, '2025-05-10'),
	(1615, 238, 1, 26180.00, '2023-09-11'),
	(1615, 305, 2, 17017.00, '2025-05-10'),
	(1616, 357, 1, 135850.00, '2022-10-14'),
	(1616, 409, 2, 142800.00, '2022-10-14'),
	(1617, 238, 1, 221340.00, '2023-09-11'),
	(1618, 403, 1, 72352.00, '2023-09-08'),
	(1619, 403, 1, 110908.00, '2023-09-08'),
	(1620, 403, 1, 39270.00, '2023-09-08'),
	(1621, 343, 1, 4800.00, '2023-02-10'),
	(1622, 307, 1, 20230.00, '2024-02-01'),
	(1622, 430, 2, 15500.00, '2023-01-17'),
	(1625, 343, 1, 7500.00, '2023-02-10'),
	(1626, 343, 1, 1415.00, '2023-02-10'),
	(1627, 343, 1, 1415.00, '2023-02-10'),
	(1628, 304, 1, 53550.00, '2023-02-14'),
	(1629, 61, 1, 1666.00, '2023-05-19'),
	(1630, 304, 2, 53550.00, '2022-10-10'),
	(1630, 307, 1, 41650.00, '2023-05-11'),
	(1631, 341, 1, 178500.00, '2023-08-01'),
	(1631, 422, 2, 178500.00, '2023-06-01'),
	(1632, 343, 1, 500.00, '2023-02-10'),
	(1633, 343, 1, 250.00, '2023-02-10'),
	(1634, 343, 1, 250.00, '2023-02-10'),
	(1660, 117, 1, 0.00, '2022-12-01'),
	(1661, 117, 1, 0.00, '2022-12-01'),
	(1664, 117, 1, 0.00, '2022-12-01'),
	(1665, 117, 1, 0.00, '2022-12-01'),
	(1668, 343, 1, 5.00, '2023-02-01'),
	(1669, 343, 1, 8.00, '2023-02-01'),
	(1670, 343, 1, 8.00, '2023-02-01'),
	(1671, 343, 1, 10.00, '2023-02-01'),
	(1672, 343, 1, 11.00, '2023-02-01'),
	(1673, 343, 1, 13.00, '2023-02-01'),
	(1674, 343, 1, 16.00, '2023-02-01'),
	(1675, 343, 1, 20.00, '2023-02-01'),
	(1676, 343, 1, 26.00, '2023-02-01'),
	(1677, 343, 1, 40.00, '2023-02-01'),
	(1678, 343, 1, 80.00, '2023-02-01'),
	(1679, 343, 1, 285.00, '2023-02-01'),
	(1680, 386, 1, 290000.00, '2022-12-01'),
	(1681, 330, 1, 1350.00, '2023-06-01'),
	(1682, 343, 1, 350.00, '2023-02-01'),
	(1683, 343, 1, 80000.00, '2023-02-01'),
	(1684, 343, 1, 70000.00, '2023-02-01'),
	(1685, 343, 1, 45000.00, '2023-02-01'),
	(1686, 343, 1, 35000.00, '2023-02-01'),
	(1687, 343, 1, 30000.00, '2023-02-01'),
	(1689, 343, 1, 14000.00, '2023-02-01'),
	(1690, 343, 1, 12000.00, '2023-02-01'),
	(1691, 343, 1, 11000.00, '2023-02-01'),
	(1692, 343, 1, 10000.00, '2023-02-01'),
	(1693, 388, 1, 10000.00, '2023-02-20'),
	(1694, 388, 1, 12000.00, '2023-02-20'),
	(1695, 406, 1, 1200.00, '2023-02-20'),
	(1703, 343, 1, 90000.00, '2023-11-01'),
	(1704, 173, 1, 2000.00, '2022-12-01'),
	(1705, 173, 1, 2000.00, '2022-12-01'),
	(1706, 369, 1, 7500.00, '2024-01-20'),
	(1707, 369, 1, 9500.00, '2024-01-20'),
	(1708, 352, 1, 2975.00, '2022-12-01'),
	(1709, 154, 1, 8500.00, '2022-09-15'),
	(1710, 342, 1, 2380.00, '2023-05-01'),
	(1711, 342, 1, 3570.00, '2023-05-01'),
	(1712, 342, 1, 2380.00, '2023-05-01'),
	(1713, 343, 1, 78713.00, '2023-04-01'),
	(1714, 343, 1, 12100.00, '2023-04-01'),
	(1715, 343, 1, 1210.00, '2023-04-01'),
	(1716, 343, 1, 2420.00, '2023-04-01'),
	(1717, 343, 1, 3585.00, '2024-03-01'),
	(1718, 343, 1, 4874.00, '2023-06-01'),
	(1719, 343, 1, 37861.00, '2023-06-01'),
	(1720, 343, 1, 5314.00, '2023-06-01'),
	(1721, 343, 1, 41528.00, '2023-06-01'),
	(1722, 343, 1, 89643.00, '2023-06-01'),
	(1723, 348, 1, 6000.00, '2023-05-19'),
	(1724, 348, 1, 7000.00, '2023-05-19'),
	(1725, 348, 1, 10000.00, '2023-10-25'),
	(1726, 348, 1, 700.00, '2023-10-25'),
	(1727, 348, 1, 1000.00, '2023-10-25'),
	(1729, 348, 1, 400.00, '2024-03-01'),
	(1730, 348, 1, 700.00, '2024-03-23'),
	(1731, 348, 1, 300.00, '2023-05-12'),
	(1732, 348, 1, 15000.00, '2023-11-24'),
	(1733, 348, 1, 20000.00, '2023-05-12'),
	(1734, 343, 1, 300.00, '2024-02-01'),
	(1735, 291, 1, 20000.00, '2023-03-14'),
	(1736, 291, 1, 5950.00, '2024-03-31'),
	(1737, 291, 1, 4760.00, '2024-03-31'),
	(1738, 291, 1, 4165.00, '2024-03-31'),
	(1739, 291, 1, 3570.00, '2024-03-31'),
	(1740, 291, 1, 16660.00, '2024-03-31'),
	(1741, 291, 1, 14280.00, '2024-03-31'),
	(1742, 291, 1, 10710.00, '2024-03-31'),
	(1743, 291, 1, 8330.00, '2024-03-31'),
	(1744, 401, 1, 5950.00, '2023-02-09'),
	(1745, 401, 1, 4760.00, '2023-02-09'),
	(1746, 401, 1, 4165.00, '2023-02-09'),
	(1748, 343, 1, 25000.00, '2024-02-01'),
	(1749, 343, 1, 50000.00, '2024-02-01'),
	(1750, 197, 1, 47600.00, '2023-01-16'),
	(1751, 332, 1, 1000000.00, '2023-09-11'),
	(1752, 343, 1, 1800000.00, '2023-06-01'),
	(1753, 343, 1, 2500000.00, '2023-06-01'),
	(1754, 343, 1, 1600000.00, '2023-06-01'),
	(1755, 343, 1, 125000.00, '2023-06-01'),
	(1756, 343, 1, 160000.00, '2024-02-01'),
	(1757, 343, 1, 180000.00, '2024-02-01'),
	(1758, 343, 1, 5000.00, '2023-05-01'),
	(1759, 343, 1, 70000.00, '2023-05-01'),
	(1760, 343, 1, 10000.00, '2023-05-01'),
	(1761, 272, 1, 78000.00, '2024-05-01'),
	(1762, 272, 1, 58500.00, '2024-05-01'),
	(1763, 272, 1, 43300.00, '2024-05-01'),
	(1764, 272, 1, 80400.00, '2024-05-01'),
	(1765, 272, 1, 61942.00, '2024-05-01'),
	(1766, 272, 1, 10300.00, '2023-11-01'),
	(1767, 272, 1, 6800.00, '2023-11-01'),
	(1768, 272, 1, 10800.00, '2024-05-01'),
	(1769, 272, 1, 22000.00, '2024-05-01'),
	(1770, 272, 1, 4800.00, '2024-05-01'),
	(1771, 272, 1, 3900.00, '2023-09-08'),
	(1772, 272, 1, 4800.00, '2024-05-01'),
	(1773, 272, 1, 10450.00, '2024-05-01'),
	(1774, 272, 1, 10600.00, '2023-09-08'),
	(1775, 272, 1, 14000.00, '2023-09-08'),
	(1776, 134, 1, 5400.00, '2023-08-30'),
	(1777, 337, 1, 26000.00, '2023-08-30'),
	(1778, 326, 1, 835000.00, '2023-11-01'),
	(1779, 326, 1, 180000.00, '2023-11-01'),
	(1780, 296, 1, 248000.00, '2024-05-01'),
	(1781, 272, 1, 140000.00, '2023-09-08'),
	(1782, 296, 1, 53000.00, '2023-11-01'),
	(1783, 297, 1, 624750.00, '2023-08-25'),
	(1784, 297, 1, 65000.00, '2023-08-25'),
	(1785, 297, 1, 1500.00, '2023-08-25'),
	(1786, 397, 1, 1641050.00, '2023-10-30'),
	(1787, 383, 1, 7500.00, '2023-11-01'),
	(1787, 421, 2, 8800.00, '2023-11-01'),
	(1788, 385, 1, 42000.00, '2023-01-17'),
	(1789, 385, 1, 47600.00, '2023-01-17'),
	(1790, 385, 1, 47600.00, '2023-01-17'),
	(1791, 385, 1, 95200.00, '2023-01-17'),
	(1792, 385, 1, 47600.00, '2023-01-17'),
	(1793, 276, 1, 1785000.00, '2023-01-25'),
	(1793, 423, 2, 2142000.00, '2023-01-25'),
	(1794, 276, 1, 2796500.00, '2023-01-25'),
	(1794, 423, 2, 2856000.00, '2023-01-25'),
	(1795, 88, 1, 196350.00, '2024-03-05'),
	(1796, 88, 1, 145.00, '2024-03-05'),
	(1797, 339, 1, 154700.00, '2024-06-29'),
	(1798, 339, 1, 3000.00, '2023-03-01'),
	(1799, 339, 1, 4760.00, '2024-05-17'),
	(1799, 419, 2, 7140.00, '2024-02-09'),
	(1799, 425, 3, 5950.00, '2024-01-01'),
	(1800, 14, 1, 500.00, '2023-03-01'),
	(1801, 168, 1, 5464.00, '2023-03-01'),
	(1802, 14, 1, 1500.00, '2023-03-01'),
	(1803, 168, 1, 11000.00, '2024-01-01'),
	(1804, 168, 1, 17000.00, '2024-01-01'),
	(1805, 61, 1, 16898.00, '2023-05-19'),
	(1806, 14, 3, 6307.00, '2023-06-10'),
	(1806, 390, 1, 4522.00, '2023-06-15'),
	(1806, 435, 2, 4000.00, '2023-06-10'),
	(1807, 14, 3, 170000.00, '2023-06-10'),
	(1807, 390, 1, 140000.00, '2023-02-04'),
	(1807, 391, 2, 129710.00, '2023-06-14'),
	(1808, 168, 1, 195993.00, '2023-06-14'),
	(1809, 390, 1, 8000.00, '2023-06-10'),
	(1809, 435, 2, 8000.00, NULL),
	(1810, 343, 1, 250.00, '2023-06-10'),
	(1811, 390, 1, 21420.00, '2023-06-10'),
	(1811, 391, 2, 18000.00, '2023-06-10'),
	(1812, 28, 1, 833.00, '2024-04-01'),
	(1813, 28, 1, 940.00, '2024-04-01'),
	(1814, 28, 1, 1094.00, '2024-04-01'),
	(1815, 28, 1, 1309.00, '2024-04-01'),
	(1816, 28, 1, 1439.00, '2024-04-01'),
	(1817, 28, 1, 1570.00, '2024-04-01'),
	(1818, 28, 1, 2618.00, '2024-04-01'),
	(1819, 28, 1, 3272.00, '2024-04-01'),
	(1820, 381, 1, 12495.00, '2024-02-01'),
	(1824, 26, 1, 154.00, '2023-05-01'),
	(1825, 380, 1, 4000.00, '2024-05-07'),
	(1826, 380, 1, 6800.00, '2024-05-07'),
	(1827, 380, 1, 2200.00, '2024-05-07'),
	(1828, 380, 1, 4000.00, '2024-05-07'),
	(1830, 274, 1, 20000.00, '2023-06-09'),
	(1831, 274, 1, 18000.00, '2023-06-09'),
	(1832, 274, 1, 15000.00, '2023-06-09'),
	(1833, 274, 1, 1500.00, '2023-06-09'),
	(1834, 274, 1, 500.00, '2023-06-09'),
	(1835, 337, 1, 90000.00, '2023-05-12'),
	(1836, 337, 1, 350000.00, '2023-05-12'),
	(1837, 337, 1, 190000.00, '2023-05-12'),
	(1838, 337, 1, 130000.00, '2023-05-12'),
	(1839, 218, 2, 95200.00, '2023-03-20'),
	(1839, 316, 1, 101150.00, '2023-03-25'),
	(1839, 432, 3, 119000.00, '2023-03-20'),
	(1840, 316, 1, 83300.00, '2023-03-25'),
	(1841, 168, 1, 89845.00, '2023-09-27'),
	(1842, 407, 1, 40000.00, '2023-08-25'),
	(1843, 302, 1, 19716000.00, '2023-10-06'),
	(1844, 360, 1, 10900000.00, '2023-10-06');

-- Volcando estructura para tabla software_innova.items
CREATE TABLE IF NOT EXISTS `items` (
  `item_id` int(11) NOT NULL AUTO_INCREMENT,
  `nombre` varchar(255) NOT NULL,
  `categoria_id` int(11) DEFAULT NULL,
  `unidad` varchar(255) DEFAULT NULL,
  `tipo` enum('Materia Prima','Consumibles','Servicios','Transportes','Mano de Obra e Instalacion') DEFAULT NULL,
  `tiene_precios_escalonados` tinyint(1) DEFAULT 0,
  PRIMARY KEY (`item_id`),
  KEY `categoria_id` (`categoria_id`),
  KEY `idx_nombre` (`nombre`),
  CONSTRAINT `items_ibfk_1` FOREIGN KEY (`categoria_id`) REFERENCES `categoria` (`CATEGORIA_ID`)
) ENGINE=InnoDB AUTO_INCREMENT=1872 DEFAULT CHARSET=utf8mb4 COLLATE=utf8mb4_general_ci;

-- Volcando datos para la tabla software_innova.items: ~1.844 rows (aproximadamente)
INSERT INTO `items` (`item_id`, `nombre`, `categoria_id`, `unidad`, `tipo`, `tiene_precios_escalonados`) VALUES
	(1, '**Banner con Impresion  10 Onzas  ', 1, 'M2', 'Materia Prima', 0),
	(2, '**Banner con Impresion  13 Onzas  ', 1, 'M2', 'Materia Prima', 0),
	(3, '**Banner Black Out - Doble Cara con Impresion  13 Onzas  ', 1, 'M2', 'Materia Prima', 0),
	(4, '**Banner Respaldo Negro con Impresion  13 Onzas  ', 1, 'M2', 'Materia Prima', 0),
	(5, '**Banner Mesh Microperforado con Impresion  13 Onzas  ', 1, 'M2', 'Materia Prima', 0),
	(6, '**Panaflex Brillante con Impresion  12 Onzas  ', 1, 'M2', 'Materia Prima', 0),
	(7, '*Vinilo Blanco con Impresion    ', 1, 'M2', 'Materia Prima', 0),
	(8, '**Vinilo Blanco Laminado con Impresion    ', 1, 'M2', 'Materia Prima', 0),
	(9, '*Vinilo Transparente con Impresion    ', 1, 'M2', 'Materia Prima', 0),
	(10, '**Vinilo Transparente Laminado con Impresion    ', 1, 'M2', 'Materia Prima', 0),
	(11, '*Vinilo Black Out-Respaldo Negro con Impresion    ', 1, 'M2', 'Materia Prima', 0),
	(12, '**Vinilo Black Out-Respaldo Negro Laminado con Impresion    ', 1, 'M2', 'Materia Prima', 0),
	(13, '*Vinilo Microperforado Blanco con Impresion    ', 1, 'M2', 'Materia Prima', 0),
	(14, '*Vinilo Removible con Impresion    ', 1, 'M2', 'Materia Prima', 0),
	(15, '*Vinilo Permanente P4 con Impresion    ', 1, 'M2', 'Materia Prima', 0),
	(16, '**Vinilo Permanente P4 Laminado con Impresion    ', 1, 'M2', 'Materia Prima', 0),
	(17, '*Vinilo Conformable con Impresion    ', 1, 'M2', 'Materia Prima', 0),
	(18, '**Vinilo Conformable Laminado con Impresion    ', 1, 'M2', 'Materia Prima', 0),
	(19, '*Vinilo Semi-Conformable con Impresion    ', 1, 'M2', 'Materia Prima', 0),
	(20, '**Vinilo Semi-Conformable Laminado con Impresion    ', 1, 'M2', 'Materia Prima', 0),
	(21, '*Duratrans Backlit con Impresion    ', 1, 'M2', 'Materia Prima', 0),
	(22, '*Papel Propalcote con Impresion  240g  ', 1, 'M2', 'Materia Prima', 0),
	(23, '*Papel Bond con Impresion  75g  ', 1, 'M2', 'Materia Prima', 0),
	(24, '*Vinilo Estatico con Impresion    ', 1, 'M2', 'Materia Prima', 0),
	(25, 'Banner Mate Rollo 50 m Anchos 10 Onzas  ', 1, 'M2', 'Materia Prima', 0),
	(26, 'Banner Mate Rollo 50 m Anchos 12 Onzas  ', 1, 'M2', 'Materia Prima', 0),
	(27, 'Banner Brillante Rollo 50 m Anchos 13 Onzas  ', 1, 'M2', 'Materia Prima', 0),
	(28, 'Banner Black Out - Doble Cara Rollo 50 m Anchos 16 Onzas   ', 1, 'M2', 'Materia Prima', 0),
	(29, 'Banner Respaldo Negro Rollo 50 m 320 cm 13 Onzas  ', 1, 'M2', 'Materia Prima', 0),
	(30, 'Banner Mesh Microperforado Rollo 50 m 152 cm 13 Onzas  ', 1, 'M2', 'Materia Prima', 0),
	(31, 'Panaflex Brillante Rollo 50 m Anchos 12 Onzas  ', 1, 'M2', 'Materia Prima', 0),
	(32, 'Duratrans Backlit Rollo 30 m 127, 152 125 Micras  ', 1, 'M2', 'Materia Prima', 0),
	(33, 'Vinilo Blanco Rollo 50 m Anchos   ', 1, 'M2', 'Materia Prima', 0),
	(34, 'Vinilo Transparente Rollo 50 m Anchos   ', 1, 'M2', 'Materia Prima', 0),
	(35, 'Vinilo Black Out-Respaldo Negro Rollo 50 m 152 cm   ', 1, 'M2', 'Materia Prima', 0),
	(36, 'Vinilo Microperforado Blanco Rollo 50 m Anchos   ', 1, 'M2', 'Materia Prima', 0),
	(37, 'Vinilo Removible Blanco Respaldo Gris Rollo 50 m Anchos   Arclad', 1, 'M2', 'Materia Prima', 0),
	(38, 'Vinilo Removible Transparente Rollo 50 m 106, 127   General Formulations', 1, 'M2', 'Materia Prima', 0),
	(39, 'Vinilo Permanente P4 Rollo 50 m Anchos   ', 1, 'M2', 'Materia Prima', 0),
	(40, 'Vinilo Conformable Blanco Rollo 50 m 137, 152   Avery ', 1, 'M2', 'Materia Prima', 0),
	(41, 'Vinilo Conformable Laminado Rollo 50 m 137, 152   Avery ', 1, 'M2', 'Materia Prima', 0),
	(42, 'Vinilo Semi Conformable Blanco Rollo 50 m 137, 152   Avery ', 1, 'M2', 'Materia Prima', 0),
	(43, 'Vinilo Semi Conformable Laminado Rollo 50 m 137, 152   Avery ', 1, 'M2', 'Materia Prima', 0),
	(44, 'Vinilo Estatico Blanco Rollo 22,8 m 137 cm   General Formulations', 1, 'M2', 'Materia Prima', 0),
	(45, 'Vinilo Estatico Transparente Rollo 22,8 m 137 cm   General Formulations', 1, 'M2', 'Materia Prima', 0),
	(46, 'Vinilo Transparente Para Laminar Rollo 50 m Anchos   ', 1, 'M2', 'Materia Prima', 0),
	(47, 'Papel Propalcote Rollo 50 m 140 cm 240g  ', 1, 'M2', 'Materia Prima', 0),
	(48, 'Papel Bond Rollo 50 m 72 cm 75g  ', 1, 'M2', 'Materia Prima', 0),
	(49, 'Vinilo Tablero Marcador Para Laminar Borrable 137 cm   Industrial', 1, 'Metro Lineal', 'Materia Prima', 0),
	(50, 'Vinilo Tablero Marcador Para Laminar Borrable 137 cm   Promocional', 1, 'Metro Lineal', 'Materia Prima', 0),
	(51, 'Vinilo Tablero Tiza Negro Borrable 60 cm   ', 1, 'Metro Lineal', 'Materia Prima', 0),
	(52, 'Vinilo Tablero Tiza Negro Borrable 120 cm   ', 1, 'Metro Lineal', 'Materia Prima', 0),
	(53, 'Vinilo Florgrafic Transparente Metro 140 cm   Arclad', 1, 'Metro Lineal', 'Materia Prima', 0),
	(54, 'Vinilo Florgrafic Transparente Metro 152 cm   Avery ', 1, 'Metro Lineal', 'Materia Prima', 0),
	(55, 'Vinilo Florgrafic Transparente Metro 152 cm   Dgcal', 1, 'Metro Lineal', 'Materia Prima', 0),
	(56, 'Vinilo Florgrafic Transparente Rollo 50 m 152 cm   Sky Colors', 1, 'Rollo x 50 m ', 'Materia Prima', 0),
	(57, 'Vinilo Adhesivo Corte Color  60 cm   Sky Colors', 1, 'Metro Lineal', 'Materia Prima', 0),
	(58, 'Vinilo Adhesivo Corte Color  120 cm   Sky Colors', 1, 'Metro Lineal', 'Materia Prima', 0),
	(59, 'Vinilo Adhesivo Corte Color  60 cm   Avery ', 1, 'Metro Lineal', 'Materia Prima', 0),
	(60, 'Vinilo Adhesivo Corte Color  120 cm   Avery ', 1, 'Metro Lineal', 'Materia Prima', 0),
	(61, 'Vinilo Traslucido  121cm   ', 1, 'Metro Lineal', 'Materia Prima', 0),
	(62, 'Vinilo Traslucido Rollo 10 m 121cm   ', 1, 'Rollo x 10 m ', 'Materia Prima', 0),
	(63, 'Vinilo Transfer Corte Con Linner 60 cm   ', 1, 'Metro Lineal', 'Materia Prima', 0),
	(64, 'Vinilo Traslucido Rollo 121cm   ', 1, 'Rollo x 50 m ', 'Materia Prima', 0),
	(65, 'Vinilo de Corte Brillante: Ver Catalogo  61 cm   Vinyl Colors ', 1, 'Rollo x 50 m ', 'Materia Prima', 0),
	(66, 'Vinilo de Corte Brillante: Ver Catalogo  61 cm   Vinyl Colors ', 1, 'Rollo x 50 m ', 'Materia Prima', 0),
	(67, 'Vinilo de Corte Brillante: Ver Catalogo  122 cm   Vinyl Colors ', 1, 'Rollo x 50 m ', 'Materia Prima', 0),
	(68, 'Vinilo de Corte Brillante: Ver Catalogo  122 cm   Vinyl Colors ', 1, 'Rollo x 50 m ', 'Materia Prima', 0),
	(69, 'Vinilo de Corte Mate  61 cm   Vinyl Colors ', 1, 'Rollo x 50 m ', 'Materia Prima', 0),
	(70, 'Vinilo Transfer Corte  60 cm   ', 1, 'Rollo x 50 m ', 'Materia Prima', 0),
	(71, 'Vinilo Brush   60 cm   ', 1, 'Metro Lineal', 'Materia Prima', 0),
	(72, 'Vinilo Metalizado Tipo Espejo Metro 60 cm   Taiwanés', 1, 'Metro Lineal', 'Materia Prima', 0),
	(73, 'Vinilo Metalizado Tipo Espejo Metro 60 cm   Rtape', 1, 'Metro Lineal', 'Materia Prima', 0),
	(74, 'Vinilo Metalizado Tipo Espejo  60 cm   Avery', 1, 'Metro Lineal', 'Materia Prima', 0),
	(75, 'Vinilo Mailan Metro 60 cm   ', 1, 'Metro Lineal', 'Materia Prima', 0),
	(76, 'Vinilo Mailan Rollo 60 cm   ', 1, 'Rollo x 47 m', 'Materia Prima', 0),
	(77, 'Película de Seguridad Transparente Control UV al 99% 152 cm   Sky Color', 1, 'Metro Lineal', 'Materia Prima', 0),
	(78, 'Película de Seguridad Transparente  152 cm   ', 1, 'Rollo x 30 m', 'Materia Prima', 0),
	(79, 'Pelicula Polarizado Metro 150 cm   ', 1, 'Metro Lineal', 'Materia Prima', 0),
	(80, 'Pelicula Polarizado Espejo Metro 150 cm   ', 1, 'Metro Lineal', 'Materia Prima', 0),
	(81, 'Pelicula Polarizado Espejo Rollo 60 m 150 cm   ', 1, 'Rollo x 60 m', 'Materia Prima', 0),
	(82, 'Pelicula de control Solar Nanoceramina Automotriz Metro 152 cm   Spectra', 1, 'Metro Lineal', 'Materia Prima', 0),
	(83, 'Pelicula de control Solar Nanoceramina Hanita Metro 152 cm   Avery', 1, 'Metro Lineal', 'Materia Prima', 0),
	(84, 'Pelicula de control Solar Nanoceramina   152 cm   American Prime Vision', 1, 'Rollo x 30 m', 'Materia Prima', 0),
	(85, 'Vinilo Frosted Metro 60 cm  Adhesivo ', 1, 'Metro Lineal', 'Materia Prima', 0),
	(86, 'Vinilo Frosted Metro 120 cm  Adhesivo ', 1, 'Metro Lineal', 'Materia Prima', 0),
	(87, 'Vinilo Frosted Metro 150 cm  Adhesivo ', 1, 'Metro Lineal', 'Materia Prima', 0),
	(88, 'Vinilo Frosted Rollo 61 cm  Adhesivo ', 1, 'Rollo x 50 m ', 'Materia Prima', 0),
	(89, 'Vinilo Frosted Rollo 122 cm  Adhesivo ', 1, 'Rollo x 50 m ', 'Materia Prima', 0),
	(90, 'Vinilo Frosted  152 cm  Adhesivo ', 1, 'Rollo x 50 m ', 'Materia Prima', 0),
	(91, 'Vinilo Frosted - White  122 cm  Adhesivo ', 1, 'Rollo x 50 m ', 'Materia Prima', 0),
	(92, 'Vinilo Esmerilado  Sanblasting 70 cm  Adhesivo Arclad', 1, 'Metro Lineal', 'Materia Prima', 0),
	(93, 'Vinilo Esmerilado  Sanblasting 140 cm  Adhesivo Arclad', 1, 'Metro Lineal', 'Materia Prima', 0),
	(94, 'Vinilo Reflectivo Metro 61 cm  Adhesivo Sheeting', 1, 'Metro Lineal', 'Materia Prima', 0),
	(95, 'Vinilo Reflectivo Rollo 61 cm  Adhesivo Sheeting', 1, 'Rollo', 'Materia Prima', 0),
	(96, 'Vinilo Reflectivo Metro 122 cm  Adhesivo Sheeting', 1, 'Metro Lineal', 'Materia Prima', 0),
	(97, 'Vinilo Reflectivo Rollo 122 cm  Adhesivo Sheeting', 1, 'Rollo', 'Materia Prima', 0),
	(98, 'Vinilo Reflectivo Grado Ingenieria Metro 60 cm  Adhesivo 3M', 1, 'Metro Lineal', 'Materia Prima', 0),
	(99, 'Vinilo Reflectivo Grado Ingenieria Rollo 60 cm  Adhesivo 3M', 1, 'Rollo', 'Materia Prima', 0),
	(100, 'Vinilo Reflectivo Comercial Metro 60 cm  Adhesivo Avery', 1, 'Metro Lineal', 'Materia Prima', 0),
	(101, 'Vinilo Reflectivo Comercial Rollo 60 cm  Adhesivo Avery', 1, 'Rollo', 'Materia Prima', 0),
	(102, 'Vinilo Reflectivo Tipo 1 Prismatico Metro 60 cm  Adhesivo Avery', 1, 'Metro Lineal', 'Materia Prima', 0),
	(103, 'Vinilo Reflectivo Tipo 1 Prismatico Rollo 60 cm  Adhesivo Avery', 1, 'Rollo', 'Materia Prima', 0),
	(104, 'Vinilo Reflectivo Tipo 4 Prismatico Metro 60 cm  Adhesivo Avery', 1, 'Metro Lineal', 'Materia Prima', 0),
	(105, 'Vinilo Reflectivo Tipo 4 Prismatico Rollo 60 cm  Adhesivo Avery', 1, 'Rollo', 'Materia Prima', 0),
	(106, 'Vinilo Fotoluminicente 5 Horas 60 cm  Adhesivo ', 1, 'Metro Lineal', 'Materia Prima', 0),
	(107, 'Vinilo Fotoluminicente 10 Horas 60 cm  Adhesivo ', 1, 'Metro Lineal', 'Materia Prima', 0),
	(108, 'Vinilo Fotoluminicente 5 Horas 120 cm  Adhesivo ', 1, 'Metro Lineal', 'Materia Prima', 0),
	(109, 'Vinilo Fotoluminicente 10 Horas 120 cm  Adhesivo ', 1, 'Metro Lineal', 'Materia Prima', 0),
	(110, 'Fotoluminiscente Laminado Brillante 5 Horas 61 cm  Adhesivo ', 1, 'Rollo x 45.7 m', 'Materia Prima', 0),
	(111, 'Fotoluminiscente Impresión Mate 5 Horas 61 cm  Adhesivo ', 1, 'Rollo x 45.7 m', 'Materia Prima', 0),
	(112, 'Vinilo Fotoluminicente 10 Horas 61 cm  Adhesivo ', 1, 'Rollo x 45.7 m', 'Materia Prima', 0),
	(113, 'Fotoluminiscente Impresión Mate 5 Horas 122 cm  Adhesivo ', 1, 'Rollo x 45.7 m', 'Materia Prima', 0),
	(114, 'Vinilo Reflectivo de Alta  124 cm   ', 1, 'Rollo x 45.7 m', 'Materia Prima', 0),
	(115, 'Vinilo Reflectivo de Alta  124 cm   ', 1, 'Rollo x 45.7 m', 'Materia Prima', 0),
	(116, 'Vinilo de Alta 9200  124 cm   Sheeting', 1, 'Rollo x 45.7 m', 'Materia Prima', 0),
	(117, 'Reflectivo de Alta Linea Economica  124 cm   Sheeting', 1, 'Rollo x 45.7 m', 'Materia Prima', 0),
	(118, 'Reflectivo de Alta Linea Economica  124 cm   Sheeting', 1, 'Rollo x 45.7 m', 'Materia Prima', 0),
	(119, 'Vinillo Reflectivo de Alta 9200  124 cm   ', 1, 'Rollo x 45.7 m', 'Materia Prima', 0),
	(120, 'Vinilos Traslucidos  122 cm    SM5', 1, 'Rollo x 50 m ', 'Materia Prima', 0),
	(121, 'Vinilo Textil Semimate 50 cm   Coreano', 1, 'Metro Lineal', 'Materia Prima', 0),
	(122, 'Vinilo Textil Semimate 50 cm   Italiano', 1, 'Metro Lineal', 'Materia Prima', 0),
	(123, 'Vinilo Antigrafitti Especial Reflectivo Metro 122 cm  Adhesivo Avery', 1, 'Metro Lineal', 'Materia Prima', 0),
	(124, 'Vinilo Antigrafitti Especial Graphics Metro 137 cm  Adhesivo Aslan', 1, 'Metro Lineal', 'Materia Prima', 0),
	(125, 'Tubo Tipo Mueble Redondo 1,1/4" Cal. 20 Hierro ', 2, '6 Metros', 'Materia Prima', 0),
	(126, 'Tubo Tipo Mueble Redondo 1,1/2" Cal. 20 Hierro ', 2, '6 Metros', 'Materia Prima', 0),
	(127, 'Tubo Tipo Mueble Redondo 1/2" Cal. 18 Hierro ', 2, '6 Metros', 'Materia Prima', 0),
	(128, 'Tubo Tipo Mueble Redondo  5/8" Cal. 18 Hierro ', 2, '6 Metros', 'Materia Prima', 0),
	(129, 'Tubo Tipo Mueble Redondo  3/4" Cal. 18 Hierro ', 2, '6 Metros', 'Materia Prima', 0),
	(130, 'Tubo Tipo Mueble Redondo  7/8" Cal. 18 Hierro ', 2, '6 Metros', 'Materia Prima', 0),
	(131, 'Tubo Tipo Mueble Redondo 1" Cal. 18 Hierro ', 2, '6 Metros', 'Materia Prima', 0),
	(132, 'Tubo Tipo Mueble Redondo 1,1/2" Cal. 18 Hierro ', 2, '6 Metros', 'Materia Prima', 0),
	(133, 'Tubo Tipo Mueble Redondo 2" Cal. 18 Hierro ', 2, '6 Metros', 'Materia Prima', 0),
	(134, 'Tubo Tipo Mueble Redondo 1/2" Cal. 16 Hierro ', 2, '6 Metros', 'Materia Prima', 0),
	(135, 'Tubo Tipo Mueble Redondo  5/8" Cal. 16 Hierro ', 2, '6 Metros', 'Materia Prima', 0),
	(136, 'Tubo Tipo Mueble Redondo  3/4" Cal. 16 Hierro ', 2, '6 Metros', 'Materia Prima', 0),
	(137, 'Tubo Tipo Mueble Redondo  7/8" Cal. 16 Hierro ', 2, '6 Metros', 'Materia Prima', 0),
	(138, 'Tubo Tipo Mueble Redondo 1" Cal. 16 Hierro ', 2, '6 Metros', 'Materia Prima', 0),
	(139, 'Tubo Tipo Mueble Redondo 1,1/2" Cal. 16 Hierro ', 2, '6 Metros', 'Materia Prima', 0),
	(140, 'Tubo Tipo Mueble Redondo 2" Cal. 16 Hierro ', 2, '6 Metros', 'Materia Prima', 0),
	(141, 'Tubo Tipo Mueble Cuadrado 2" Cal. 20 Hierro ', 2, '6 Metros', 'Materia Prima', 0),
	(142, 'Tubo Tipo Mueble Cuadrado 1/2" Cal. 18 Hierro ', 2, '6 Metros', 'Materia Prima', 0),
	(143, 'Tubo Tipo Mueble Cuadrado  3/4" Cal. 18 Hierro ', 2, '6 Metros', 'Materia Prima', 0),
	(144, 'Tubo Tipo Mueble Cuadrado 1" Cal. 18 Hierro ', 2, '6 Metros', 'Materia Prima', 0),
	(145, 'Tubo Tipo Mueble Cuadrado 1,1/2" Cal. 18 Hierro ', 2, '6 Metros', 'Materia Prima', 0),
	(146, 'Tubo Tipo Mueble Cuadrado 2" Cal. 18 Hierro ', 2, '6 Metros', 'Materia Prima', 0),
	(147, 'Tubo Tipo Mueble Cuadrado 1" Cal. 16 Hierro ', 2, '6 Metros', 'Materia Prima', 0),
	(148, 'Tubo Tipo Mueble Cuadrado 1,1/2" Cal. 16 Hierro ', 2, '6 Metros', 'Materia Prima', 0),
	(149, 'Tubo Tipo Mueble Cuadrado 2" Cal. 16 Hierro ', 2, '6 Metros', 'Materia Prima', 0),
	(150, 'Tubo Tipo Mueble Cuadrado 1,1/2" Cal. 14 Hierro ', 2, '6 Metros', 'Materia Prima', 0),
	(151, 'Tubo Tipo Mueble Rectangular 38*76 mm Cal. 20 Hierro ', 2, '6 Metros', 'Materia Prima', 0),
	(152, 'Tubo Tipo Mueble Rectangular 12*25 mm Cal. 18 Hierro ', 2, '6 Metros', 'Materia Prima', 0),
	(153, 'Tubo Tipo Mueble Rectangular 20*40 mm Cal. 18 Hierro ', 2, '6 Metros', 'Materia Prima', 0),
	(154, 'Tubo Tipo Mueble Rectangular 25*50 mm Cal. 18 Hierro ', 2, '6 Metros', 'Materia Prima', 0),
	(155, 'Tubo Tipo Mueble Rectangular 25*76 mm Cal. 18 Hierro ', 2, '6 Metros', 'Materia Prima', 0),
	(156, 'Tubo Tipo Mueble Rectangular 38*76 mm Cal. 18 Hierro ', 2, '6 Metros', 'Materia Prima', 0),
	(157, 'Tubo Tipo Mueble Rectangular 38*100 mm Cal. 18 Hierro ', 2, '6 Metros', 'Materia Prima', 0),
	(158, 'Tubo Tipo Mueble Rectangular 4*8 cm Cal. 18 Hierro ', 2, '6 Metros', 'Materia Prima', 0),
	(159, 'Tubo Tipo Mueble Rectangular 20*40 mm Cal. 16 Hierro ', 2, '6 Metros', 'Materia Prima', 0),
	(160, 'Tubo Tipo Mueble Rectangular 38*100 mm Cal. 16 Hierro ', 2, '6 Metros', 'Materia Prima', 0),
	(161, 'Tubo Tipo Mueble Rectangular 4*8 cm Cal. 16 Hierro ', 2, '6 Metros', 'Materia Prima', 0),
	(162, 'Tubo Agua Negra Redondo 1/2" Cal. 0,80 - 2,0 mm Acero al Carbon  ', 2, '6 Metros', 'Materia Prima', 0),
	(163, 'Tubo Agua Negra Redondo 3/4" Cal. 0,80 - 2,0 mm Acero al Carbon  ', 2, '6 Metros', 'Materia Prima', 0),
	(164, 'Tubo Agua Negra Redondo 1" Cal. 0,80 - 2,0 mm Acero al Carbon  ', 2, '6 Metros', 'Materia Prima', 0),
	(165, 'Tubo Agua Negra Redondo 1,1/4" Cal. 0,80 - 2,0 mm Acero al Carbon  ', 2, '6 Metros', 'Materia Prima', 0),
	(166, 'Tubo Agua Negra Redondo 1,1/2" Cal. 0,80 - 2,0 mm Acero al Carbon  ', 2, '6 Metros', 'Materia Prima', 0),
	(167, 'Tubo Agua Negra Redondo 2" Cal. 0,80 - 2,0 mm Acero al Carbon  ', 2, '6 Metros', 'Materia Prima', 0),
	(168, 'Tubo Agua Negra Redondo 2,1/2" Cal. 0,80 - 2,0 mm Acero al Carbon  ', 2, '6 Metros', 'Materia Prima', 0),
	(169, 'Tubo Agua Negra Redondo 1/2" Cal. 0,90 - 2,3 mm Acero al Carbon  ', 2, '6 Metros', 'Materia Prima', 0),
	(170, 'Tubo Agua Negra Redondo 3/4" Cal. 0,90 - 2,3 mm Acero al Carbon  ', 2, '6 Metros', 'Materia Prima', 0),
	(171, 'Tubo Agua Negra Redondo 1" Cal. 0,90 - 2,3 mm Acero al Carbon  ', 2, '6 Metros', 'Materia Prima', 0),
	(172, 'Tubo Agua Negra Redondo 1,1/4" Cal. 0,90 - 2,3 mm Acero al Carbon  ', 2, '6 Metros', 'Materia Prima', 0),
	(173, 'Tubo Agua Negra Redondo 1,1/2" Cal. 0,90 - 2,3 mm Acero al Carbon  ', 2, '6 Metros', 'Materia Prima', 0),
	(174, 'Tubo Agua Negra Redondo 2" Cal. 0,90 - 2,3 mm Acero al Carbon  ', 2, '6 Metros', 'Materia Prima', 0),
	(175, 'Tubo Agua Negra Redondo 2,1/2" Cal. 0,90 - 2,3 mm Acero al Carbon  ', 2, '6 Metros', 'Materia Prima', 0),
	(176, 'Tubo Agua Negra Redondo 3" Cal. 0,90 - 2,3 mm Acero al Carbon  ', 2, '6 Metros', 'Materia Prima', 0),
	(177, 'Tubo Agua Negra Redondo 1/2" Cal. 0,98 - 2,5 mm Acero al Carbon  ', 2, '6 Metros', 'Materia Prima', 0),
	(178, 'Tubo Agua Negra Redondo 3/4" Cal. 0,98 - 2,5 mm Acero al Carbon  ', 2, '6 Metros', 'Materia Prima', 0),
	(179, 'Tubo Agua Negra Redondo 1" Cal. 0,98 - 2,5 mm Acero al Carbon  ', 2, '6 Metros', 'Materia Prima', 0),
	(180, 'Tubo Agua Negra Redondo 1,1/4" Cal. 0,98 - 2,5 mm Acero al Carbon  ', 2, '6 Metros', 'Materia Prima', 0),
	(181, 'Tubo Agua Negra Redondo 1,1/2" Cal. 0,98 - 2,5 mm Acero al Carbon  ', 2, '6 Metros', 'Materia Prima', 0),
	(182, 'Tubo Agua Negra Redondo 2" Cal. 0,98 - 2,5 mm Acero al Carbon  ', 2, '6 Metros', 'Materia Prima', 0),
	(183, 'Tubo Agua Negra Redondo 2,1/2" Cal. 0,98 - 2,5 mm Acero al Carbon  ', 2, '6 Metros', 'Materia Prima', 0),
	(184, 'Tubo Agua Negra Redondo 3" Cal. 0,98 - 2,5 mm Acero al Carbon  ', 2, '6 Metros', 'Materia Prima', 0),
	(185, 'Tubo Agua Negra Redondo 2" Cal. 1,16 - 2,9 mm Acero al Carbon  ', 2, '6 Metros', 'Materia Prima', 0),
	(186, 'Tubo Agua Negra Redondo 2,1/2" Cal. 1,16 - 2,9 mm Acero al Carbon  ', 2, '6 Metros', 'Materia Prima', 0),
	(187, 'Tubo Agua Negra Redondo 3" Cal. 1,16 - 2,9 mm Acero al Carbon  ', 2, '6 Metros', 'Materia Prima', 0),
	(188, 'Tubo Estructural Cuadrado 70 mm Cal. 2 mm Acero al Carbon  ', 2, '6 Metros', 'Materia Prima', 0),
	(189, 'Tubo Estructural Cuadrado 100 mm Cal. 2 mm Acero al Carbon  ', 2, '6 Metros', 'Materia Prima', 0),
	(190, 'Tubo Estructural Cuadrado 60 mm Cal. 3 mm Acero al Carbon  ', 2, '6 Metros', 'Materia Prima', 0),
	(191, 'Tubo Estructural Cuadrado 70 mm Cal. 3 mm Acero al Carbon  ', 2, '6 Metros', 'Materia Prima', 0),
	(192, 'Tubo Estructural Cuadrado 100 mm Cal. 3 mm Acero al Carbon  ', 2, '6 Metros', 'Materia Prima', 0),
	(193, 'Tubo Estructural Rectangular 40*60 mm Cal. 2 mm Acero al Carbon  ', 2, '6 Metros', 'Materia Prima', 0),
	(194, 'Tubo Estructural Rectangular 50*100 mm Cal. 2 mm Acero al Carbon  ', 2, '6 Metros', 'Materia Prima', 0),
	(195, 'Tubo Estructural Rectangular 100*150 mm Cal. 3 mm Acero al Carbon  ', 2, '6 Metros', 'Materia Prima', 0),
	(196, 'Tubo Estructural Rectangular 100*200 mm Cal. 3 mm Acero al Carbon  ', 2, '6 Metros', 'Materia Prima', 0),
	(197, 'Tubo Cerramiento Cuadrado 50 mm Cal. 18 Acero al Carbon  ', 2, '6 Metros', 'Materia Prima', 0),
	(198, 'Tubo Cerramiento Cuadrado 1" Cal. 16 Acero al Carbon  ', 2, '6 Metros', 'Materia Prima', 0),
	(199, 'Tubo Cerramiento Cuadrado 1,1/2" Cal. 16 Acero al Carbon  ', 2, '6 Metros', 'Materia Prima', 0),
	(200, 'Tubo Cerramiento Cuadrado 40 mm Cal. 16 Acero al Carbon  ', 2, '6 Metros', 'Materia Prima', 0),
	(201, 'Tubo Cerramiento Cuadrado 50 mm Cal. 16 Acero al Carbon  ', 2, '6 Metros', 'Materia Prima', 0),
	(202, 'Tubo Cerramiento Cuadrado 100 mm Cal. 16 Acero al Carbon  ', 2, '6 Metros', 'Materia Prima', 0),
	(203, 'Tubo Cerramiento Cuadrado 1" Cal. 14 Acero al Carbon  ', 2, '6 Metros', 'Materia Prima', 0),
	(204, 'Tubo Cerramiento Cuadrado 1,1/2" Cal. 14 Acero al Carbon  ', 2, '6 Metros', 'Materia Prima', 0),
	(205, 'Tubo Cerramiento Cuadrado 40 mm Cal. 14 Acero al Carbon  ', 2, '6 Metros', 'Materia Prima', 0),
	(206, 'Tubo Cerramiento Cuadrado 50 mm Cal. 14 Acero al Carbon  ', 2, '6 Metros', 'Materia Prima', 0),
	(207, 'Tubo Cerramiento Cuadrado 100 mm Cal. 14 Acero al Carbon  ', 2, '6 Metros', 'Materia Prima', 0),
	(208, 'Angulo Plana  3/4" Cal. 1/8" Acero Estructural ', 2, '6 Metros', 'Materia Prima', 0),
	(209, 'Angulo Diaco Plana  3/4" Cal. 1/8" Acero Estructural ', 2, '6 Metros', 'Materia Prima', 0),
	(210, 'Angulo Plana 1" Cal. 1/8" Acero Estructural ', 2, '6 Metros', 'Materia Prima', 0),
	(211, 'Angulo Diaco Plana 1" Cal. 1/8" Acero Estructural ', 2, '6 Metros', 'Materia Prima', 0),
	(212, 'Angulo Plana 1,1/4" Cal. 1/8" Acero Estructural ', 2, '6 Metros', 'Materia Prima', 0),
	(213, 'Angulo Plana 1,1/2" Cal. 1/8" Acero Estructural ', 2, '6 Metros', 'Materia Prima', 0),
	(214, 'Angulo Plana 2" Cal. 1/8" Acero Estructural ', 2, '6 Metros', 'Materia Prima', 0),
	(215, 'Angulo Plana 1" Cal. 3/16" Acero Estructural ', 2, '6 Metros', 'Materia Prima', 0),
	(216, 'Angulo Plana 1,1/4" Cal. 3/16" Acero Estructural ', 2, '6 Metros', 'Materia Prima', 0),
	(217, 'Angulo Plana 1,1/2" Cal. 3/16" Acero Estructural ', 2, '6 Metros', 'Materia Prima', 0),
	(218, 'Angulo Plana 2" Cal. 3/16" Acero Estructural ', 2, '6 Metros', 'Materia Prima', 0),
	(219, 'Angulo Plana 2,1/2" Cal. 3/16" Acero Estructural ', 2, '6 Metros', 'Materia Prima', 0),
	(220, 'Angulo Plana 3" Cal. 3/16" Acero Estructural ', 2, '6 Metros', 'Materia Prima', 0),
	(221, 'Angulo Plana 1,1/2" Cal. 1/4" Acero Estructural ', 2, '6 Metros', 'Materia Prima', 0),
	(222, 'Angulo  Plana 2" Cal. 1/4" Acero Estructural ', 2, '6 Metros', 'Materia Prima', 0),
	(223, 'Angulo Plana 2,1/2" Cal. 1/4" Acero Estructural ', 2, '6 Metros', 'Materia Prima', 0),
	(224, 'Angulo Plana 3" Cal. 1/4" Acero Estructural ', 2, '6 Metros', 'Materia Prima', 0),
	(225, 'Angulo Plana 4" Cal. 1/4" Acero Estructural ', 2, '6 Metros', 'Materia Prima', 0),
	(226, 'Platina Plana 3/4" Cal. 1/8" Acero Estructural ', 2, '6 Metros', 'Materia Prima', 0),
	(227, 'Platina Plana 1" Cal. 1/8" Acero Estructural ', 2, '6 Metros', 'Materia Prima', 0),
	(228, 'Platina Plana 1,1/4" Cal. 1/8" Acero Estructural ', 2, '6 Metros', 'Materia Prima', 0),
	(229, 'Platina Plana 1,1/2" Cal. 1/8" Acero Estructural ', 2, '6 Metros', 'Materia Prima', 0),
	(230, 'Platina Plana 2" Cal. 1/8" Acero Estructural ', 2, '6 Metros', 'Materia Prima', 0),
	(231, 'Platina Plana 1" Cal. 3/16" Acero Estructural ', 2, '6 Metros', 'Materia Prima', 0),
	(232, 'Platina Plana 1,1/4" Cal. 3/16" Acero Estructural ', 2, '6 Metros', 'Materia Prima', 0),
	(233, 'Platina Plana 1,1/2" Cal. 3/16" Acero Estructural ', 2, '6 Metros', 'Materia Prima', 0),
	(234, 'Platina Plana 2" Cal. 3/16" Acero Estructural ', 2, '6 Metros', 'Materia Prima', 0),
	(235, 'Platina Plana 2,1/2" Cal. 3/16" Acero Estructural ', 2, '6 Metros', 'Materia Prima', 0),
	(236, 'Platina Plana 3" Cal. 3/16" Acero Estructural ', 2, '6 Metros', 'Materia Prima', 0),
	(237, 'Platina Plana 1" Cal. 1/4" Acero Estructural ', 2, '6 Metros', 'Materia Prima', 0),
	(238, 'Platina Plana 1,1/2" Cal. 1/4" Acero Estructural ', 2, '6 Metros', 'Materia Prima', 0),
	(239, 'Platina Plana 2" Cal. 1/4" Acero Estructural ', 2, '6 Metros', 'Materia Prima', 0),
	(240, 'Platina Plana 2,1/2" Cal. 1/4" Acero Estructural ', 2, '6 Metros', 'Materia Prima', 0),
	(241, 'Platina Plana 3" Cal. 1/4" Acero Estructural ', 2, '6 Metros', 'Materia Prima', 0),
	(242, 'Platina Plana 40*28 mm Cal. 1/4" Acero Estructural ', 2, '6 Metros', 'Materia Prima', 0),
	(243, 'Tubo Galvanizado Redondo 1" Cal. 18 Galvanizado ', 2, '6 Metros', 'Materia Prima', 0),
	(244, 'Tubo Galvanizado Redondo 1,1/4 Cal. 18 Galvanizado ', 2, '6 Metros', 'Materia Prima', 0),
	(245, 'Tubo Galvanizado Redondo 1,1/2" Cal. 18 Galvanizado ', 2, '6 Metros', 'Materia Prima', 0),
	(246, 'Tubo Galvanizado Redondo 2" Cal. 18 Galvanizado ', 2, '6 Metros', 'Materia Prima', 0),
	(247, 'Tubo Galvanizado Redondo 1" Cal. 16 Galvanizado ', 2, '6 Metros', 'Materia Prima', 0),
	(248, 'Tubo Galvanizado Redondo 1,1/4 Cal. 16 Galvanizado ', 2, '6 Metros', 'Materia Prima', 0),
	(249, 'Tubo Galvanizado Redondo 1,1/2" Cal. 16 Galvanizado ', 2, '6 Metros', 'Materia Prima', 0),
	(250, 'Tubo Galvanizado Redondo 2" Cal. 16 Galvanizado ', 2, '6 Metros', 'Materia Prima', 0),
	(251, 'Lamina Galvanizada - 2*1 Cal. 30 Galvanizado ', 2, 'Lamina', 'Materia Prima', 0),
	(252, 'Lamina Galvanizada - 2*1 Cal. 29 Galvanizado ', 2, 'Lamina', 'Materia Prima', 0),
	(253, 'Lamina Galvanizada - 2*1 Cal. 26 Galvanizado ', 2, 'Lamina', 'Materia Prima', 0),
	(254, 'Lamina Galvanizada - 2*1 Cal. 24 Galvanizado ', 2, 'Lamina', 'Materia Prima', 0),
	(255, 'Lamina Galvanizada - 2*1 Cal. 22 Galvanizado ', 2, 'Lamina', 'Materia Prima', 0),
	(256, 'Lamina Galvanizada - 2*1 Cal. 20 Galvanizado ', 2, 'Lamina', 'Materia Prima', 0),
	(257, 'Lamina Galvanizada - 2*1 Cal. 18 Galvanizado ', 2, 'Lamina', 'Materia Prima', 0),
	(258, 'Lamina Galvanizada - 2*1 Cal. 16 Galvanizado ', 2, 'Lamina', 'Materia Prima', 0),
	(259, 'Lamina Galvanizada - 2*1 Cal. 14 Galvanizado ', 2, 'Lamina', 'Materia Prima', 0),
	(260, 'Lamina Galvanizada - 4*8 Cal. 29 Galvanizado ', 2, 'Lamina', 'Materia Prima', 0),
	(261, 'Lamina Galvanizada - 4*8 Cal. 26 Galvanizado ', 2, 'Lamina', 'Materia Prima', 0),
	(262, 'Lamina Galvanizada - 4*8 Cal. 24 Galvanizado ', 2, 'Lamina', 'Materia Prima', 0),
	(263, 'Lamina Galvanizada - 4*8 Cal. 22 Galvanizado ', 2, 'Lamina', 'Materia Prima', 0),
	(264, 'Lamina Galvanizada - 4*8 Cal. 20 Galvanizado ', 2, 'Lamina', 'Materia Prima', 0),
	(265, 'Lamina Galvanizada - 4*8 Cal. 18 Galvanizado ', 2, 'Lamina', 'Materia Prima', 0),
	(266, 'Lamina Galvanizada - 4*8 Cal. 16 Galvanizado ', 2, 'Lamina', 'Materia Prima', 0),
	(267, 'Lamina Galvanizada - 4*8 Cal. 14 Galvanizado ', 2, 'Lamina', 'Materia Prima', 0),
	(268, 'Lamina Galvanizada - 4*8 Cal. 12 Galvanizado ', 2, 'Lamina', 'Materia Prima', 0),
	(269, 'Lamina Cold Rolled - 2*1 Cal. 26 Acero al Carbon  ', 2, 'Lamina', 'Materia Prima', 0),
	(270, 'Lamina Cold Rolled - 2*1 Cal. 24 Acero al Carbon  ', 2, 'Lamina', 'Materia Prima', 0),
	(271, 'Lamina Cold Rolled - 2*1 Cal. 22 Acero al Carbon  ', 2, 'Lamina', 'Materia Prima', 0),
	(272, 'Lamina Cold Rolled - 2*1 Cal. 20 Acero al Carbon  ', 2, 'Lamina', 'Materia Prima', 0),
	(273, 'Lamina Cold Rolled - 2*1 Cal. 18 Acero al Carbon  ', 2, 'Lamina', 'Materia Prima', 0),
	(274, 'Lamina Cold Rolled - 2*1 Cal. 16 Acero al Carbon  ', 2, 'Lamina', 'Materia Prima', 0),
	(275, 'Lamina Cold Rolled - 2*1 Cal. 14 Acero al Carbon  ', 2, 'Lamina', 'Materia Prima', 0),
	(276, 'Lamina Cold Rolled - 4*8 Cal. 26 Acero al Carbon  ', 2, 'Lamina', 'Materia Prima', 0),
	(277, 'Lamina Cold Rolled - 4*8 Cal. 24 Acero al Carbon  ', 2, 'Lamina', 'Materia Prima', 0),
	(278, 'Lamina Cold Rolled - 4*8 Cal. 22 Acero al Carbon  ', 2, 'Lamina', 'Materia Prima', 0),
	(279, 'Lamina Cold Rolled - 4*8 Cal. 20 Acero al Carbon  ', 2, 'Lamina', 'Materia Prima', 0),
	(280, 'Lamina Cold Rolled - 4*8 Cal. 18 Acero al Carbon  ', 2, 'Lamina', 'Materia Prima', 0),
	(281, 'Lamina Cold Rolled - 4*8 Cal. 16 Acero al Carbon  ', 2, 'Lamina', 'Materia Prima', 0),
	(282, 'Lamina Cold Rolled - 4*8 Cal. 14 Acero al Carbon  ', 2, 'Lamina', 'Materia Prima', 0),
	(283, 'Lamina Alfajor - 3*1 Cal. 2,5 mm Hierro ', 2, 'Lamina', 'Materia Prima', 0),
	(284, 'Lamina Alfajor - 4*8 Cal. 3 mm Hierro ', 2, 'Lamina', 'Materia Prima', 0),
	(285, 'Teja de Zinc - 214*80 cm Cal. 38 Galvanizado ', 2, 'Lamina', 'Materia Prima', 0),
	(286, 'Teja de Zinc - 305*80 cm Cal. 38 Galvanizado ', 2, 'Lamina', 'Materia Prima', 0),
	(287, 'Teja de Zinc - 214*80 cm Cal. 34 Galvanizado ', 2, 'Lamina', 'Materia Prima', 0),
	(288, 'Teja de Zinc - 305*80 cm Cal. 34 Galvanizado ', 2, 'Lamina', 'Materia Prima', 0),
	(289, 'Cubierta Trapezoidal 600*100 cm Cal. 26 Galvanizado ', 2, 'Lamina', 'Materia Prima', 0),
	(290, 'Malla Expandida EXR 40 100 cm Cal. 18 Acero al Carbon  ', 2, 'Metro', 'Materia Prima', 0),
	(291, 'Malla Expandida EXR 30 100 cm Cal. 18 Acero al Carbon  ', 2, 'Metro', 'Materia Prima', 0),
	(292, 'Malla Expandida EXR 20 100 cm Cal. 18 Acero al Carbon  ', 2, 'Metro', 'Materia Prima', 0),
	(293, 'Malla Expandida EXR 16 100 cm Cal. 18 Acero al Carbon  ', 2, 'Metro', 'Materia Prima', 0),
	(294, 'Malla Expandida EXR 40 100 cm Cal. 14 Acero al Carbon  ', 2, 'Metro', 'Materia Prima', 0),
	(295, 'Malla Expandida EXR 40 122 cm Cal. 14 Acero al Carbon  ', 2, 'Metro', 'Materia Prima', 0),
	(296, 'Malla Expandida EXR 40 100 cm Cal. 12 Acero al Carbon  ', 2, 'Metro', 'Materia Prima', 0),
	(297, 'Malla Expandida EXR 40 122 cm Cal. 12 Acero al Carbon  ', 2, 'Metro', 'Materia Prima', 0),
	(298, 'Malla Ondulada Hueco 1" 100 cm Cal. 10,5 Alambre Galvanizado ', 2, 'M2', 'Materia Prima', 0),
	(299, 'Malla Ondulada Hueco 1,1/2" 100 cm Cal. 10,5 Alambre Galvanizado ', 2, 'M2', 'Materia Prima', 0),
	(300, 'Malla Eslabonada Rombo 2,1/4 200 cm Cal. 10,5 Alambre Galvanizado ', 2, 'M2', 'Materia Prima', 0),
	(301, 'Varilla  Lisa 4 mm  Hierro ', 2, '6 Metros', 'Materia Prima', 0),
	(302, 'Varilla  Lisa 5 mm   Hierro ', 2, '6 Metros', 'Materia Prima', 0),
	(303, 'Varilla  Lisa 5.5 mm  Hierro ', 2, '6 Metros', 'Materia Prima', 0),
	(304, 'Varilla  Lisa 6 mm  Hierro ', 2, '6 Metros', 'Materia Prima', 0),
	(305, 'Varilla  Lisa 8 mm  Hierro ', 2, '6 Metros', 'Materia Prima', 0),
	(306, 'Varilla Lisa 9 mm  Hierro ', 2, '6 Metros', 'Materia Prima', 0),
	(307, 'Varilla Lisa 12 mm  Hierro ', 2, '6 Metros', 'Materia Prima', 0),
	(308, 'Varilla Lisa 1/2"  Hierro ', 2, '6 Metros', 'Materia Prima', 0),
	(309, 'Varilla Corrugada 1/4"  Hierro ', 2, '6 Metros', 'Materia Prima', 0),
	(310, 'Varilla Corrugada 1/2"  Hierro ', 2, '6 Metros', 'Materia Prima', 0),
	(311, 'Varilla Corrugada 5/8"  Hierro ', 2, '6 Metros', 'Materia Prima', 0),
	(312, 'Varilla Roscada Zincada   Cal 1/2  Galvanizada ', 2, 'Metro', 'Materia Prima', 0),
	(313, 'Tubo Petrolero Redondo 3" Cal. 1/4 Acero al Carbon  ', 2, 'Metro', 'Materia Prima', 0),
	(314, 'Tubo Petrolero Redondo 4" Cal. 1/4 Acero al Carbon  ', 2, 'Metro', 'Materia Prima', 0),
	(315, 'Tubo Petrolero Redondo 6" Cal. 1/4 Acero al Carbon  ', 2, 'Metro', 'Materia Prima', 0),
	(316, 'Tubo Petrolero Redondo 8" Cal. 5/16 Acero al Carbon  ', 2, 'Metro', 'Materia Prima', 0),
	(317, 'Tubo Petrolero Redondo 10" Cal. 3/8 Acero al Carbon  ', 2, 'Metro', 'Materia Prima', 0),
	(318, 'Tubo Petrolero Redondo 12" Cal. 3/8 Acero al Carbon  ', 2, 'Metro', 'Materia Prima', 0),
	(319, 'Tubo Petrolero Redondo 20" Cal. 1/2 Acero al Carbon  ', 2, 'Metro', 'Materia Prima', 0),
	(320, 'Tubo Petrolero Redondo 24" Cal. 1/2 Acero al Carbon  ', 2, 'Metro', 'Materia Prima', 0),
	(321, 'Copa Reductor Redondo 4"- 3" Cal 40 Acero al Carbon  ', 2, 'Unidad', 'Materia Prima', 0),
	(322, 'Copa Reductor Redondo 6"- 4" Cal 41 Acero al Carbon  ', 2, 'Unidad', 'Materia Prima', 0),
	(323, 'Copa Reductor Redondo 8"- 6" Cal 42 Acero al Carbon  ', 2, 'Unidad', 'Materia Prima', 0),
	(324, 'Canal Tipo Americano U 4"  Acero Estructural ', 2, 'Metro', 'Materia Prima', 0),
	(325, 'Canal Tipo Americano U 4"  Acero Estructural ', 2, '6 Metros', 'Materia Prima', 0),
	(326, 'Platina Redonda 2" Cal. 3 mm Acero Estructural ', 2, 'Unidad', 'Materia Prima', 0),
	(327, 'Platina Cuadrada 12*12 cm Cal. 1/8" Acero Estructural ', 2, 'Unidad', 'Materia Prima', 0),
	(328, 'Platina Cuadrada 9*9 cm Cal. 1/4" Acero Estructural ', 2, 'Unidad', 'Materia Prima', 0),
	(329, 'Platina Cuadrada 15*15 cm Cal. 1/4" Acero Estructural ', 2, 'Unidad', 'Materia Prima', 0),
	(330, 'Platina Cuadrada 40*40 cm Cal. 1/4" Acero Estructural ', 2, 'Unidad', 'Materia Prima', 0),
	(331, 'Brida Redondo 40 Cal. 3/4" Acero al Carbon  ', 2, 'Unidad', 'Materia Prima', 0),
	(332, 'Brida Redondo 80 cm Cal. 1" Acero al Carbon  ', 2, 'Unidad', 'Materia Prima', 0),
	(333, 'Brida Redondo 100 cm Cal. 1" Acero al Carbon  ', 2, 'Unidad', 'Materia Prima', 0),
	(334, 'Platina Pie de Amigo 50x15 cm Cal. 5/8" Acero al Carbon  ', 2, 'Unidad', 'Materia Prima', 0),
	(335, 'Platina Pie de Amigo 20x10 cm Cal. 5/8" Acero al Carbon  ', 2, 'Unidad', 'Materia Prima', 0),
	(336, 'Platina Media Luna 55x35 cm Cal. 5/8" Acero al Carbon  ', 2, 'Unidad', 'Materia Prima', 0),
	(337, '*Estructura Valla Tubular 29" + Bridas de 115 / 98 cm + Avion en Tubo de 12" + Pasarelas - 19,3 m - 11,7 m Cal. 20 mm Acero al Carbon  ', 2, 'Unidad', 'Materia Prima', 0),
	(338, 'Poliestileno  70*100 cm Cal. 15 Termoplástico ', 3, 'Lamina', 'Materia Prima', 0),
	(339, 'Poliestileno  100*200 cm Cal. 15 Termoplástico ', 3, 'Lamina', 'Materia Prima', 0),
	(340, 'Poliestileno  100*200 cm Cal. 20 Termoplástico ', 3, 'Lamina', 'Materia Prima', 0),
	(341, 'Poliestileno  100*200 cm Cal. 30 Termoplástico ', 3, 'Lamina', 'Materia Prima', 0),
	(342, 'Poliestileno  100*200 cm Cal. 40 Termoplástico ', 3, 'Lamina', 'Materia Prima', 0),
	(343, 'Poliestileno  100*200 cm Cal. 50 Termoplástico ', 3, 'Lamina', 'Materia Prima', 0),
	(344, 'Poliestileno  100*200 cm Cal. 60 Termoplástico ', 3, 'Lamina', 'Materia Prima', 0),
	(345, 'Poliestileno  100*200 cm Cal. 80 Termoplástico ', 3, 'Lamina', 'Materia Prima', 0),
	(346, 'Poliestileno  100*200 cm Cal. 100 Termoplástico ', 3, 'Lamina', 'Materia Prima', 0),
	(347, 'Poliestileno  100*200 cm Cal. 120 Termoplástico ', 3, 'Lamina', 'Materia Prima', 0),
	(348, 'Poliestileno  100*200 cm Cal. 150 Termoplástico ', 3, 'Lamina', 'Materia Prima', 0),
	(349, 'Poliestileno  100*200 cm Cal. 180 Termoplástico ', 3, 'Lamina', 'Materia Prima', 0),
	(350, 'Poliestileno  120*180 cm Cal. 60 Termoplástico ', 3, 'Lamina', 'Materia Prima', 0),
	(351, 'Poliestileno  120*180 cm Cal. 80 Termoplástico ', 3, 'Lamina', 'Materia Prima', 0),
	(352, 'Poliestileno  120*180 cm Cal. 100 Termoplástico ', 3, 'Lamina', 'Materia Prima', 0),
	(353, 'Poliestileno  100*300 cm Cal. 20 Termoplástico ', 3, 'Lamina', 'Materia Prima', 0),
	(354, 'Poliestileno  100*300 cm Cal. 30 Termoplástico ', 3, 'Lamina', 'Materia Prima', 0),
	(355, 'Poliestileno  100*300 cm Cal. 40 Termoplástico ', 3, 'Lamina', 'Materia Prima', 0),
	(356, 'Poliestileno  100*300 cm Cal. 60 Termoplástico ', 3, 'Lamina', 'Materia Prima', 0),
	(357, 'Poliestileno  100*300 cm Cal. 80 Termoplástico ', 3, 'Lamina', 'Materia Prima', 0),
	(358, 'Poliestileno  100*300 cm Cal. 100 Termoplástico ', 3, 'Lamina', 'Materia Prima', 0),
	(359, 'Poliestileno  120*300 cm Cal. 20 Termoplástico ', 3, 'Lamina', 'Materia Prima', 0),
	(360, 'Poliestileno  120*300 cm Cal. 30 Termoplástico ', 3, 'Lamina', 'Materia Prima', 0),
	(361, 'Poliestileno  120*300 cm Cal. 40 Termoplástico ', 3, 'Lamina', 'Materia Prima', 0),
	(362, 'Poliestileno  120*300 cm Cal. 60 Termoplástico ', 3, 'Lamina', 'Materia Prima', 0),
	(363, 'Poliestileno  120*300 cm Cal. 80 Termoplástico ', 3, 'Lamina', 'Materia Prima', 0),
	(364, 'Poliestileno  120*300 cm Cal. 100 Termoplástico ', 3, 'Lamina', 'Materia Prima', 0),
	(365, 'Poliestileno  120*240 cm Cal. 40 Termoplástico ', 3, 'Lamina', 'Materia Prima', 0),
	(366, 'Poliestileno  120*240 cm Cal. 60 Termoplástico ', 3, 'Lamina', 'Materia Prima', 0),
	(367, 'Poliestileno  120*240 cm Cal. 80 Termoplástico ', 3, 'Lamina', 'Materia Prima', 0),
	(368, 'Poliestileno  121*177 cm Cal. 20 Termoplástico ', 3, 'Lamina', 'Materia Prima', 0),
	(369, 'Acrilico Cristal Recuperado 120*180 cm 2 mm Metacrilato ', 3, 'Lamina', 'Materia Prima', 0),
	(370, 'Acrilico Cristal Recuperado 90*120 cm 2 mm Metacrilato ', 3, 'Lamina', 'Materia Prima', 0),
	(371, 'Acrilico Cristal Recuperado 60*90 cm 2 mm Metacrilato ', 3, 'Lamina', 'Materia Prima', 0),
	(372, 'Acrilico Cristal Recuperado 45*60 cm 2 mm Metacrilato ', 3, 'Lamina', 'Materia Prima', 0),
	(373, 'Acrilico Cristal Recuperado 120*180 cm 3 mm Metacrilato ', 3, 'Lamina', 'Materia Prima', 0),
	(374, 'Acrilico Cristal Recuperado 90*120 cm 3 mm Metacrilato ', 3, 'Lamina', 'Materia Prima', 0),
	(375, 'Acrilico Cristal Recuperado 60*90 cm 3 mm Metacrilato ', 3, 'Lamina', 'Materia Prima', 0),
	(376, 'Acrilico Cristal Recuperado 45*60 cm 3 mm Metacrilato ', 3, 'Lamina', 'Materia Prima', 0),
	(377, 'Acrilico Cristal Recuperado 120*180 cm 4 mm Metacrilato ', 3, 'Lamina', 'Materia Prima', 0),
	(378, 'Acrilico Cristal Recuperado 90*120 cm 4 mm Metacrilato ', 3, 'Lamina', 'Materia Prima', 0),
	(379, 'Acrilico Cristal Recuperado 60*90 cm 4 mm Metacrilato ', 3, 'Lamina', 'Materia Prima', 0),
	(380, 'Acrilico Cristal Recuperado 45*60 cm 4 mm Metacrilato ', 3, 'Lamina', 'Materia Prima', 0),
	(381, 'Acrilico Cristal Recuperado 120*180 cm 5 mm Metacrilato ', 3, 'Lamina', 'Materia Prima', 0),
	(382, 'Acrilico Cristal Recuperado 90*120 cm 5 mm Metacrilato ', 3, 'Lamina', 'Materia Prima', 0),
	(383, 'Acrilico Cristal Recuperado 60*90 cm 5 mm Metacrilato ', 3, 'Lamina', 'Materia Prima', 0),
	(384, 'Acrilico Cristal Recuperado 45*60 cm 5 mm Metacrilato ', 3, 'Lamina', 'Materia Prima', 0),
	(385, 'Acrilico Cristal Recuperado 120*180 cm 6 mm Metacrilato ', 3, 'Lamina', 'Materia Prima', 0),
	(386, 'Acrilico Cristal Recuperado 120*180 cm 8 mm Metacrilato ', 3, 'Lamina', 'Materia Prima', 0),
	(387, 'Acrilico Cristal Recuperado 90*120 cm 8 mm Metacrilato ', 3, 'Lamina', 'Materia Prima', 0),
	(388, 'Acrilico Cristal Recuperado 60*90 cm 8 mm Metacrilato ', 3, 'Lamina', 'Materia Prima', 0),
	(389, 'Acrilico Cristal Recuperado 45*60 cm 8 mm Metacrilato ', 3, 'Lamina', 'Materia Prima', 0),
	(390, 'Acrilico Cristal Recuperado 120*180 cm 10 mm Metacrilato ', 3, 'Lamina', 'Materia Prima', 0),
	(391, 'Acrilico Cristal Recuperado 90*120 cm 10 mm Metacrilato ', 3, 'Lamina', 'Materia Prima', 0),
	(392, 'Acrilico Cristal Recuperado 60*90 cm 10 mm Metacrilato ', 3, 'Lamina', 'Materia Prima', 0),
	(393, 'Acrilico Cristal Recuperado 45*60 cm 10 mm Metacrilato ', 3, 'Lamina', 'Materia Prima', 0),
	(394, 'Acrilico Opal Recuperado 120*180 cm 2 mm Metacrilato ', 3, 'Lamina', 'Materia Prima', 0),
	(395, 'Acrilico Opal Recuperado 90*120 cm 2 mm Metacrilato ', 3, 'Lamina', 'Materia Prima', 0),
	(396, 'Acrilico Opal Recuperado 60*90 cm 2 mm Metacrilato ', 3, 'Lamina', 'Materia Prima', 0),
	(397, 'Acrilico Opal Recuperado 45*60 cm 2 mm Metacrilato ', 3, 'Lamina', 'Materia Prima', 0),
	(398, 'Acrilico Opal Recuperado 120*180 cm 3 mm Metacrilato ', 3, 'Lamina', 'Materia Prima', 0),
	(399, 'Acrilico Opal Recuperado 90*120 cm 3 mm Metacrilato ', 3, 'Lamina', 'Materia Prima', 0),
	(400, 'Acrilico Opal Recuperado 60*90 cm 3 mm Metacrilato ', 3, 'Lamina', 'Materia Prima', 0),
	(401, 'Acrilico Opal Recuperado 45*60 cm 3 mm Metacrilato ', 3, 'Lamina', 'Materia Prima', 0),
	(402, 'Acrilico Opal Recuperado 120*180 cm 4 mm Metacrilato ', 3, 'Lamina', 'Materia Prima', 0),
	(403, 'Acrilico Opal Recuperado 90*120 cm 4 mm Metacrilato ', 3, 'Lamina', 'Materia Prima', 0),
	(404, 'Acrilico Opal Recuperado 60*90 cm 4 mm Metacrilato ', 3, 'Lamina', 'Materia Prima', 0),
	(405, 'Acrilico Opal Recuperado 45*60 cm 4 mm Metacrilato ', 3, 'Lamina', 'Materia Prima', 0),
	(406, 'Acrilico Opal Recuperado 120*180 cm 5 mm Metacrilato ', 3, 'Lamina', 'Materia Prima', 0),
	(407, 'Acrilico Opal Recuperado 90*120 cm 5 mm Metacrilato ', 3, 'Lamina', 'Materia Prima', 0),
	(408, 'Acrilico Opal Recuperado 60*90 cm 5 mm Metacrilato ', 3, 'Lamina', 'Materia Prima', 0),
	(409, 'Acrilico Opal Recuperado 45*60 cm 5 mm Metacrilato ', 3, 'Lamina', 'Materia Prima', 0),
	(410, 'Acrilico Opal Recuperado 120*180 cm 8 mm Metacrilato ', 3, 'Lamina', 'Materia Prima', 0),
	(411, 'Acrilico Opal Recuperado 90*120 cm 8 mm Metacrilato ', 3, 'Lamina', 'Materia Prima', 0),
	(412, 'Acrilico Opal Recuperado 60*90 cm 8 mm Metacrilato ', 3, 'Lamina', 'Materia Prima', 0),
	(413, 'Acrilico Opal Recuperado 45*60 cm 8 mm Metacrilato ', 3, 'Lamina', 'Materia Prima', 0),
	(414, 'Acrilico Opal Recuperado 120*180 cm 10 mm Metacrilato ', 3, 'Lamina', 'Materia Prima', 0),
	(415, 'Acrilico Opal Recuperado 90*120 cm 10 mm Metacrilato ', 3, 'Lamina', 'Materia Prima', 0),
	(416, 'Acrilico Opal Recuperado 60*90 cm 10 mm Metacrilato ', 3, 'Lamina', 'Materia Prima', 0),
	(417, 'Acrilico Opal Recuperado 45*60 cm 10 mm Metacrilato ', 3, 'Lamina', 'Materia Prima', 0),
	(418, 'Acrilico Color Recuperado 120*180 cm 2 mm Metacrilato ', 3, 'Lamina', 'Materia Prima', 0),
	(419, 'Acrilico Color Recuperado 90*120 cm 2 mm Metacrilato ', 3, 'Lamina', 'Materia Prima', 0),
	(420, 'Acrilico Color Recuperado 60*90 cm 2 mm Metacrilato ', 3, 'Lamina', 'Materia Prima', 0),
	(421, 'Acrilico Color Recuperado 45*60 cm 2 mm Metacrilato ', 3, 'Lamina', 'Materia Prima', 0),
	(422, 'Acrilico Color Recuperado 120*180 cm 3 mm Metacrilato ', 3, 'Lamina', 'Materia Prima', 0),
	(423, 'Acrilico Color Recuperado 90*120 cm 3 mm Metacrilato ', 3, 'Lamina', 'Materia Prima', 0),
	(424, 'Acrilico Color Recuperado 60*90 cm 3 mm Metacrilato ', 3, 'Lamina', 'Materia Prima', 0),
	(425, 'Acrilico Color Recuperado 45*60 cm 3 mm Metacrilato ', 3, 'Lamina', 'Materia Prima', 0),
	(426, 'Acrilico Color Recuperado 120*180 cm 4 mm Metacrilato ', 3, 'Lamina', 'Materia Prima', 0),
	(427, 'Acrilico Color Recuperado 90*120 cm 4 mm Metacrilato ', 3, 'Lamina', 'Materia Prima', 0),
	(428, 'Acrilico Color Recuperado 60*90 cm 4 mm Metacrilato ', 3, 'Lamina', 'Materia Prima', 0),
	(429, 'Acrilico Color Recuperado 45*60 cm 4 mm Metacrilato ', 3, 'Lamina', 'Materia Prima', 0),
	(430, 'Acrilico Color Recuperado 120*180 cm 5 mm Metacrilato ', 3, 'Lamina', 'Materia Prima', 0),
	(431, 'Acrilico Color Recuperado 90*120 cm 5 mm Metacrilato ', 3, 'Lamina', 'Materia Prima', 0),
	(432, 'Acrilico Color Recuperado 60*90 cm 5 mm Metacrilato ', 3, 'Lamina', 'Materia Prima', 0),
	(433, 'Acrilico Color Recuperado 45*60 cm 5 mm Metacrilato ', 3, 'Lamina', 'Materia Prima', 0),
	(434, 'Acrilico Color Recuperado 120*180 cm 8 mm Metacrilato ', 3, 'Lamina', 'Materia Prima', 0),
	(435, 'Acrilico Color Recuperado 90*120 cm 8 mm Metacrilato ', 3, 'Lamina', 'Materia Prima', 0),
	(436, 'Acrilico Color Recuperado 60*90 cm 8 mm Metacrilato ', 3, 'Lamina', 'Materia Prima', 0),
	(437, 'Acrilico Color Recuperado 45*60 cm 8 mm Metacrilato ', 3, 'Lamina', 'Materia Prima', 0),
	(438, 'Acrilico Color Recuperado 120*180 cm 10 mm Metacrilato ', 3, 'Lamina', 'Materia Prima', 0),
	(439, 'Acrilico Color Recuperado 90*120 cm 10 mm Metacrilato ', 3, 'Lamina', 'Materia Prima', 0),
	(440, 'Acrilico Color Recuperado 60*90 cm 10 mm Metacrilato ', 3, 'Lamina', 'Materia Prima', 0),
	(441, 'Acrilico Color Recuperado 45*60 cm 10 mm Metacrilato ', 3, 'Lamina', 'Materia Prima', 0),
	(442, 'Acrilico Opal  Recuperado 150*250 cm 3 mm Metacrilato ', 3, 'Lamina', 'Materia Prima', 0),
	(443, 'Acrilico Opal  Recuperado 150*250 cm 4 mm Metacrilato ', 3, 'Lamina', 'Materia Prima', 0),
	(444, 'Acrilico Opal  Recuperado 150*250 cm 5 mm Metacrilato ', 3, 'Lamina', 'Materia Prima', 0),
	(445, 'Acrilico Cristal Original 120*180 cm 2 mm Metacrilato ', 3, 'Lamina', 'Materia Prima', 0),
	(446, 'Acrilico Cristal Original 120*180 cm 3 mm Metacrilato ', 3, 'Lamina', 'Materia Prima', 0),
	(447, 'Acrilico Cristal Original 120*180 cm 4 mm Metacrilato ', 3, 'Lamina', 'Materia Prima', 0),
	(448, 'Acrilico Cristal Original 120*180 cm 5 mm Metacrilato ', 3, 'Lamina', 'Materia Prima', 0),
	(449, 'Acrilico Cristal Original 120*180 cm 6 mm Metacrilato ', 3, 'Lamina', 'Materia Prima', 0),
	(450, 'Acrilico Cristal Original 120*180 cm 8 mm Metacrilato ', 3, 'Lamina', 'Materia Prima', 0),
	(451, 'Acrilico Cristal Original 120*180 cm 10 mm Metacrilato ', 3, 'Lamina', 'Materia Prima', 0),
	(452, 'Acrilico Opal  Original 120*180 cm 2 mm Metacrilato ', 3, 'Lamina', 'Materia Prima', 0),
	(453, 'Acrilico Opal  Original 120*180 cm 3 mm Metacrilato ', 3, 'Lamina', 'Materia Prima', 0),
	(454, 'Acrilico Opal  Original 120*180 cm 4 mm Metacrilato ', 3, 'Lamina', 'Materia Prima', 0),
	(455, 'Acrilico Espejo Original 120*180 cm 3 mm Metacrilato ', 3, 'Lamina', 'Materia Prima', 0),
	(456, 'Acrilico Espejo Original 90*120 cm 3 mm Metacrilato ', 3, 'Lamina', 'Materia Prima', 0),
	(457, 'Acrilico Espejo Original 60*90 cm 3 mm Metacrilato ', 3, 'Lamina', 'Materia Prima', 0),
	(458, 'Acrilico Espejo Original 45*60 cm 3 mm Metacrilato ', 3, 'Lamina', 'Materia Prima', 0),
	(459, 'Acrilico Silver Original 120*180 cm 3 mm Metacrilato ', 3, 'Lamina', 'Materia Prima', 0),
	(460, 'Acrilico Silver Original 90*120 cm 3 mm Metacrilato ', 3, 'Lamina', 'Materia Prima', 0),
	(461, 'Acrilico Silver Original 60*90 cm 3 mm Metacrilato ', 3, 'Lamina', 'Materia Prima', 0),
	(462, 'Acrilico Silver Original 45*60 cm 3 mm Metacrilato ', 3, 'Lamina', 'Materia Prima', 0),
	(463, 'Acrilico Gold Original 120*180 cm 3 mm Metacrilato ', 3, 'Lamina', 'Materia Prima', 0),
	(464, 'Acrilico Gold Original 90*120 cm 3 mm Metacrilato ', 3, 'Lamina', 'Materia Prima', 0),
	(465, 'Acrilico Gold Original 60*90 cm 3 mm Metacrilato ', 3, 'Lamina', 'Materia Prima', 0),
	(466, 'Acrilico Gold Original 45*60 cm 3 mm Metacrilato ', 3, 'Lamina', 'Materia Prima', 0),
	(467, 'Acrilico Cristal Original 120*240 cm 2 mm Metacrilato ', 3, 'Lamina', 'Materia Prima', 0),
	(468, 'Acrilico Cristal Original 120*120 cm 2 mm Metacrilato ', 3, 'Lamina', 'Materia Prima', 0),
	(469, 'Acrilico Cristal Original 60*120 cm 2 mm Metacrilato ', 3, 'Lamina', 'Materia Prima', 0),
	(470, 'Acrilico Cristal Original 60*60 cm 2 mm Metacrilato ', 3, 'Lamina', 'Materia Prima', 0),
	(471, 'Acrilico Cristal Original 120*240 cm 3 mm Metacrilato ', 3, 'Lamina', 'Materia Prima', 0),
	(472, 'Acrilico Cristal Original 120*120 cm 3 mm Metacrilato ', 3, 'Lamina', 'Materia Prima', 0),
	(473, 'Acrilico Cristal Original 60*120 cm 3 mm Metacrilato ', 3, 'Lamina', 'Materia Prima', 0),
	(474, 'Acrilico Cristal Original 60*60 cm 3 mm Metacrilato ', 3, 'Lamina', 'Materia Prima', 0),
	(475, 'Acrilico Cristal Original 120*240 cm 4 mm Metacrilato ', 3, 'Lamina', 'Materia Prima', 0),
	(476, 'Acrilico Cristal Original 120*120 cm 4 mm Metacrilato ', 3, 'Lamina', 'Materia Prima', 0),
	(477, 'Acrilico Cristal Original 60*120 cm 4 mm Metacrilato ', 3, 'Lamina', 'Materia Prima', 0),
	(478, 'Acrilico Cristal Original 60*60 cm 4 mm Metacrilato ', 3, 'Lamina', 'Materia Prima', 0),
	(479, 'Acrilico Cristal Original 120*240 cm 5 mm Metacrilato ', 3, 'Lamina', 'Materia Prima', 0),
	(480, 'Acrilico Cristal Original 120*120 cm 5 mm Metacrilato ', 3, 'Lamina', 'Materia Prima', 0),
	(481, 'Acrilico Cristal Original 60*120 cm 5 mm Metacrilato ', 3, 'Lamina', 'Materia Prima', 0),
	(482, 'Acrilico Cristal Original 60*60 cm 5 mm Metacrilato ', 3, 'Lamina', 'Materia Prima', 0),
	(483, 'Acrilico Cristal Original 120*240 cm 10 mm Metacrilato ', 3, 'Lamina', 'Materia Prima', 0),
	(484, 'Acrilico Cristal Original 120*120 cm 10 mm Metacrilato ', 3, 'Lamina', 'Materia Prima', 0),
	(485, 'Acrilico Cristal Original 60*120 cm 10 mm Metacrilato ', 3, 'Lamina', 'Materia Prima', 0),
	(486, 'Acrilico Cristal Original 60*60 cm 10 mm Metacrilato ', 3, 'Lamina', 'Materia Prima', 0),
	(487, 'Acrilico Blanco Opal Original 120*240 cm 2 mm Metacrilato ', 3, 'Lamina', 'Materia Prima', 0),
	(488, 'Acrilico Blanco Opal Original 120*120 cm 2 mm Metacrilato ', 3, 'Lamina', 'Materia Prima', 0),
	(489, 'Acrilico Blanco Opal Original 60*120 cm 2 mm Metacrilato ', 3, 'Lamina', 'Materia Prima', 0),
	(490, 'Acrilico Blanco Opal Original 60*60 cm 2 mm Metacrilato ', 3, 'Lamina', 'Materia Prima', 0),
	(491, 'Acrilico Blanco Opal Original 120*240 cm 3 mm Metacrilato ', 3, 'Lamina', 'Materia Prima', 0),
	(492, 'Acrilico Blanco Opal Original 120*120 cm 3 mm Metacrilato ', 3, 'Lamina', 'Materia Prima', 0),
	(493, 'Acrilico Blanco Opal Original 60*120 cm 3 mm Metacrilato ', 3, 'Lamina', 'Materia Prima', 0),
	(494, 'Acrilico Blanco Opal Original 60*60 cm 3 mm Metacrilato ', 3, 'Lamina', 'Materia Prima', 0),
	(495, 'Acrilico Blanco Opal Original 120*240 cm 4 mm Metacrilato ', 3, 'Lamina', 'Materia Prima', 0),
	(496, 'Acrilico Blanco Opal Original 120*120 cm 4 mm Metacrilato ', 3, 'Lamina', 'Materia Prima', 0),
	(497, 'Acrilico Blanco Opal Original 60*120 cm 4 mm Metacrilato ', 3, 'Lamina', 'Materia Prima', 0),
	(498, 'Acrilico Blanco Opal Original 60*60 cm 4 mm Metacrilato ', 3, 'Lamina', 'Materia Prima', 0),
	(499, 'Acrilico Blanco Opal Original 120*240 cm 3 mm Metacrilato ', 3, 'Lamina', 'Materia Prima', 0),
	(500, 'Acrilico Blanco Opal Original 120*120 cm 3 mm Metacrilato ', 3, 'Lamina', 'Materia Prima', 0),
	(501, 'Acrilico Blanco Opal Original 60*120 cm 3 mm Metacrilato ', 3, 'Lamina', 'Materia Prima', 0),
	(502, 'Acrilico Blanco Opal Original 60*60 cm 3 mm Metacrilato ', 3, 'Lamina', 'Materia Prima', 0),
	(503, 'Acrilico Color Original 120*240 cm 3 mm Metacrilato ', 3, 'Lamina', 'Materia Prima', 0),
	(504, 'Acrilico Color Original 120*120 cm 3 mm Metacrilato ', 3, 'Lamina', 'Materia Prima', 0),
	(505, 'Acrilico Color Original 60*120 cm 3 mm Metacrilato ', 3, 'Lamina', 'Materia Prima', 0),
	(506, 'Acrilico Color Original 60*60 cm 3 mm Metacrilato ', 3, 'Lamina', 'Materia Prima', 0),
	(507, 'Acrilico Color Original 120*180 cm 10 mm Metacrilato ', 3, 'Lamina', 'Materia Prima', 0),
	(508, 'Acrilico Opal  Original 150*250 cm 3 mm Metacrilato ', 3, 'Lamina', 'Materia Prima', 0),
	(509, 'Acrilico Opal  Original 150*250 cm 4 mm Metacrilato ', 3, 'Lamina', 'Materia Prima', 0),
	(510, 'Acrilico Opal  Original 150*250 cm 5 mm Metacrilato ', 3, 'Lamina', 'Materia Prima', 0),
	(511, 'Esmalte Negro  Liquido Unidad   Indupin', 4, 'Galon', 'Materia Prima', 0),
	(512, 'Esmalte Blanco Liquido Unidad   Indupin', 4, 'Galon', 'Materia Prima', 0),
	(513, 'Esmalte de Color  Liquido Unidad   Indupin', 4, 'Galon', 'Materia Prima', 0),
	(514, 'Esmalte Tipo 1 Liquido Unidad   Tito Pabon', 4, 'Galon', 'Materia Prima', 0),
	(515, 'Esmalte Tipo 1 Liquido Caneca   Tito Pabon', 4, 'Caneca 5 Gal', 'Materia Prima', 0),
	(516, 'Esmalte Negro 3 en 1 Liquido Unidad   Pintulux', 4, 'Galon', 'Materia Prima', 0),
	(517, 'Fondo Negro Liquido Unidad   Indupin', 4, 'Galon', 'Materia Prima', 0),
	(518, 'Fondo Blanco Liquido Unidad   Indupin', 4, 'Galon', 'Materia Prima', 0),
	(519, 'Vinilo Tipo 1 Liquido Unidad   Indupin', 4, 'Galon', 'Materia Prima', 0),
	(520, 'Vinilo Tipo 1 Liquido Medio   Indupin', 4, '1/2 Galon ', 'Materia Prima', 0),
	(521, 'Vinilo Tipo 1 Liquido Cuarto   Indupin', 4, '1/4 Galon ', 'Materia Prima', 0),
	(522, 'Vinilo Tipo 1 Liquido Octavo   Indupin', 4, '1/8 Galon ', 'Materia Prima', 0),
	(523, 'Vinilo Tipo 1 Liquido Dieciseisavo   Indupin', 4, '1/16 Galon ', 'Materia Prima', 0),
	(524, 'Vinilo Tipo 1 Liquido Unidad   Bler', 4, 'Galon', 'Materia Prima', 0),
	(525, 'Vinilo Tipo 2 Liquido Unidad   Indupin', 4, 'Galon', 'Materia Prima', 0),
	(526, 'Vinilo Tipo Koraza Liquido Unidad   Pintuco', 4, 'Galon', 'Materia Prima', 0),
	(527, 'Vinilo Koraza Para Exterior Liquido Caneca   Pintuco', 4, 'Caneca 5 Gal', 'Materia Prima', 0),
	(528, 'Trafico Blanco Liquido Caneca   Indupin', 4, 'Caneca 5 Gal', 'Materia Prima', 0),
	(529, 'Trafico Negro Liquido Caneca   Indupin', 4, 'Caneca 5 Gal', 'Materia Prima', 0),
	(530, 'Trafico Amarillo Liquido Caneca   Indupin', 4, 'Caneca 5 Gal', 'Materia Prima', 0),
	(531, 'Trafico Azul Liquido Galon   Indupin', 4, 'Galon ', 'Materia Prima', 0),
	(532, 'Trafico Acrilico Liquido Galon   Bler', 4, 'Galon ', 'Materia Prima', 0),
	(533, 'Trafico Acrilico Liquido Galon   Pintuco', 4, 'Galon ', 'Materia Prima', 0),
	(534, 'Imprimante Acrílico Liquido Galon   Pintuco', 4, 'Galon ', 'Materia Prima', 0),
	(535, 'Pintutrafico Plastico en Frio en Llana Liquido Galon   Pintuco', 4, 'Galon ', 'Materia Prima', 0),
	(536, 'Pintura Epoxica Amarilla Liquido Galon   Indupin', 4, 'Galon', 'Materia Prima', 0),
	(537, 'Pintura Epoxica Azul Liquido Galon   Indupin', 4, 'Galon', 'Materia Prima', 0),
	(538, 'Pintura Epoxica Amarilla Liquido Galon   Bler', 4, 'Galon', 'Materia Prima', 0),
	(539, 'Pintura Epoxica Azul Liquido Galon   Bler', 4, 'Galon', 'Materia Prima', 0),
	(540, 'Primer Epoxi fenólico 100 % Solidos Liquido Galon   Real Flex', 4, 'Galon', 'Materia Prima', 0),
	(541, 'Poliuretano Color Liquido Cuarto   ', 4, '1/4 Galon', 'Materia Prima', 0),
	(542, 'Poliuretano Color Liquido Octavo   ', 4, '1/8 Galon', 'Materia Prima', 0),
	(543, 'Polvo Electrostatico Amarillo Brillante Polvo Kilo  Liso ', 4, 'Kilo', 'Materia Prima', 0),
	(544, 'Polvo Electrostatico Azul Brillante Polvo Kilo  Liso ', 4, 'Kilo', 'Materia Prima', 0),
	(545, 'Polvo Electrostatico Negro Brillante Polvo Kilo  Liso ', 4, 'Kilo', 'Materia Prima', 0),
	(546, 'Cromato de Zinc Liquido Galon   Indupin', 4, 'Galon', 'Materia Prima', 0),
	(547, 'Pintura en Aerosol  Spray 300ml   Pintuco', 4, 'Unidad', 'Materia Prima', 0),
	(548, 'Pintura en Aerosol  Spray 400ml   Pintuco', 4, 'Unidad', 'Materia Prima', 0),
	(549, 'Pintura en Aerosol  Spray 400ml    D\'Turin', 4, 'Unidad', 'Materia Prima', 0),
	(550, 'Pintura en Aerosol  Spray 400ml   Ultra Color', 4, 'Unidad', 'Materia Prima', 0),
	(551, 'Pintura en Aerosol  Spray 400ml   Toolcraft', 4, 'Unidad', 'Materia Prima', 0),
	(552, 'Pintura en Aerosol Anticorrosivo  Spray 400ml   Bull Dog ', 4, 'Unidad', 'Materia Prima', 0),
	(553, 'Pintura 3 en 1 Anticorrosivo y Esmalte Mate Liquido Galon   Bler', 4, 'Galon', 'Materia Prima', 0),
	(554, 'Pintura 3 en 1 Anticorrosivo y Esmalte Brillante Liquido Galon   Bler', 4, 'Galon', 'Materia Prima', 0),
	(555, 'Pintura 3 en 1 Anticorrosivo y Esmalte Liquido Galon   Pintulux', 4, 'Galon', 'Materia Prima', 0),
	(556, 'Anticorrosivo Liquido Galon   Indupin', 4, 'Galon', 'Materia Prima', 0),
	(557, 'Anticorrosivo Liquido Caneca   Indupin', 4, 'Caneca 5 Gal', 'Materia Prima', 0),
	(558, 'Barniz Poliuretano "Tres Componentes" Liquido  Unidad   ', 4, 'Galon ', 'Materia Prima', 0),
	(559, 'Barniz Poliuretano "Tres Componentes" Liquido  Medio   ', 4, '1/2 Galon', 'Materia Prima', 0),
	(560, 'Barniz Poliuretano "Tres Componentes" Liquido  Cuarto   ', 4, '1/4 Galon', 'Materia Prima', 0),
	(561, 'Pintura Laminado Antigraffiti Liquido Galon   Monto', 4, 'Galon', 'Materia Prima', 0),
	(562, 'Laca Negra  Liquido Unidad   Indupin', 4, 'Galon', 'Materia Prima', 0),
	(563, 'Laca Mate Negra  Liquido Unidad   Indupin', 4, 'Galon', 'Materia Prima', 0),
	(564, 'Laca Brillante Negra  Liquido Unidad   Indupin', 4, 'Galon', 'Materia Prima', 0),
	(565, 'Laca Mate Blanca Liquido Unidad   Indupin', 4, 'Galon', 'Materia Prima', 0),
	(566, 'Laca Brillante Blanca Liquido Unidad   Indupin', 4, 'Galon', 'Materia Prima', 0),
	(567, 'Laca Colores  Liquido Unidad   Indupin', 4, 'Galon', 'Materia Prima', 0),
	(568, 'Laca Colores  Liquido Medio   Indupin', 4, '1/2 Galon', 'Materia Prima', 0),
	(569, 'Laca Colores  Liquido Cuarto   Indupin', 4, '1/4 Galon', 'Materia Prima', 0),
	(570, 'Laca Fondo Liquido Unidad   Indupin', 4, 'Galon', 'Materia Prima', 0),
	(571, 'Laca Fondo Negro Liquido Unidad   Indupin/Tonner', 4, 'Galon', 'Materia Prima', 0),
	(572, 'Laca Fondo Negro Liquido Medio   Indupin', 4, '1/2 Galon', 'Materia Prima', 0),
	(573, 'Laca Fondo Negro Liquido Cuarto   Indupin', 4, '1/4 Galon', 'Materia Prima', 0),
	(574, 'Laca Negro Concentración Liquido Unidad   Indupin/Tonner', 4, 'Galon', 'Materia Prima', 0),
	(575, 'Laca Negro Concentración Liquido Medio   Indupin', 4, '1/2 Galon', 'Materia Prima', 0),
	(576, 'Laca Negro Concentración Liquido Cuarto   Indupin', 4, '1/4 Galon', 'Materia Prima', 0),
	(577, 'Laca Fondo Blanco Liquido Unidad   Indupin/Tonner', 4, 'Galon', 'Materia Prima', 0),
	(578, 'Laca Fondo Blanco Liquido Medio   Indupin', 4, '1/2 Galon', 'Materia Prima', 0),
	(579, 'Laca Fondo Blanco Liquido Cuarto   Indupin', 4, '1/4 Galon', 'Materia Prima', 0),
	(580, 'Laca Blanco Concentración Liquido Unidad   Indupin/Tonner', 4, 'Galon', 'Materia Prima', 0),
	(581, 'Laca Blanco Concentración Liquido Medio   Indupin', 4, '1/2 Galon', 'Materia Prima', 0),
	(582, 'Laca Blanco Concentración Liquido Cuarto   Indupin', 4, '1/4 Galon', 'Materia Prima', 0),
	(583, 'Laca Aluminio Fino Liquido Unidad   Indupin', 4, '1/2 Galon', 'Materia Prima', 0),
	(584, 'Laca Fasdry Liquido Kilo   Plasticel', 4, 'Kilo', 'Materia Prima', 0),
	(585, 'Solvil Liquido Botella   Plasticel', 4, '750 ml', 'Materia Prima', 0),
	(586, 'Wash Primer A y B Liquido Unidad   Indupin', 4, 'Galon', 'Materia Prima', 0),
	(587, 'Wash Primer A y B Liquido Cuarto   Indupin', 4, '1/4 Galon', 'Materia Prima', 0),
	(588, 'Tinte de Madera Liquido Cuarto   Tonner', 4, '1/4 Galon', 'Materia Prima', 0),
	(589, 'Tinte de Madera Liquido 200 cc   Tonner', 4, '1/20 Galon', 'Materia Prima', 0),
	(590, 'Tarimex Liquido Unidad   Deva', 4, 'Galon', 'Materia Prima', 0),
	(591, 'Quideter Liquido Unidad   Deva', 4, 'Galon', 'Materia Prima', 0),
	(592, 'Microesferas Pintura Trafico  Polvo  Unidad   ', 4, 'Kilo', 'Materia Prima', 0),
	(593, 'Microesferas Pintura Trafico  Polvo  Galon   Pintuco', 4, 'Galon', 'Materia Prima', 0),
	(594, 'Masilla Roja Continental Plastico Octavo   ', 4, '1/8 Galon ', 'Materia Prima', 0),
	(595, 'Masilla Roja Continental Plastico Cuarto   ', 4, '1/4 Galon', 'Materia Prima', 0),
	(596, 'Masilla Roja Continental Plastico Unidad    ', 4, 'Galon', 'Materia Prima', 0),
	(597, 'Thinner Liquido Galón   Solvente ', 5, 'Galon', 'Consumibles', 0),
	(598, 'Thinner Liquido Garrafa   Solvente ', 5, 'Garrafa 5 Gal', 'Consumibles', 0),
	(599, 'Thinner Liquido Caneca   Solvente ', 5, 'Caneca 50 G', 'Consumibles', 0),
	(600, 'Varsol Liquido Galón   Solvente ', 5, 'Galon', 'Consumibles', 0),
	(601, 'Varsol Liquido Garrafa   Solvente ', 5, 'Garrafa 5 Gal', 'Consumibles', 0),
	(602, 'Xilol Liquido Galón   Solvente ', 5, 'Galon', 'Consumibles', 0),
	(603, 'Thinner Acrilico Liquido Galón   Solvente ', 5, 'Galon', 'Consumibles', 0),
	(604, 'Hipoclorito de Sodio 13% Liquido Garrafa   Limpiesa ', 5, 'Garrafa 5 Gal', 'Consumibles', 0),
	(605, 'Hipoclorito de Sodio 13% Liquido Galón   Limpiesa ', 5, 'Galón ', 'Consumibles', 0),
	(606, 'Silicona Liquida  Liquido Galón   Limpiesa ', 5, 'Tarro', 'Consumibles', 0),
	(607, 'Gel Atibacterial Liquido Galón   Limpiesa ', 5, 'Tarro', 'Consumibles', 0),
	(608, 'Ambientador  Liquido Galón   Limpiesa ', 5, 'Tarro', 'Consumibles', 0),
	(609, 'Jabon Azul Liquido Garrafa   Limpiesa ', 5, 'Garrafa 5 Gal', 'Consumibles', 0),
	(610, 'Jabon Rey Barra  Barra 500 g  Limpiesa ', 5, 'Barra ', 'Consumibles', 0),
	(611, 'Desengrasante Liquido Galón   Limpiesa ', 5, 'Tarro', 'Consumibles', 0),
	(612, 'Fosfex Liquido Garrafa   Limpiesa ', 5, 'Garrafa 5 Gal', 'Consumibles', 0),
	(613, 'Alcohol Etilico 96% Liquido Galón   Limpiesa ', 5, 'Galon', 'Consumibles', 0),
	(614, 'Alcohol Etilico 96% Liquido Garrafa   Limpiesa ', 5, 'Garrafa 5 Gal', 'Consumibles', 0),
	(615, 'Jabon Multiusos Liquido Garrafa   Limpiesa ', 5, 'Garrafa 5 Gal', 'Consumibles', 0),
	(616, 'Alcohol Isopropilico Liquido Botella   Limpiesa ', 5, 'Botella ', 'Consumibles', 0),
	(617, 'Alcohol Isopropilico Liquido Galón   Limpiesa ', 5, 'Galón', 'Consumibles', 0),
	(618, 'Jabón Antibacterial Liquido Galón  Limpiesa ', 5, 'Galón', 'Consumibles', 0),
	(619, 'Pegante Acrílico Liquido Galón  Limpiesa ', 5, 'Galón', 'Consumibles', 0),
	(620, 'Suavizante Liquido Garrafa   Limpiesa ', 5, 'Garrafa 5 Gal', 'Consumibles', 0),
	(621, 'Limpia Vidrios Liquido  1/2  Limpiesa ', 5, '1/2 Galón', 'Consumibles', 0),
	(622, 'Refrigerante  Liquido Galon    ', 5, 'Galon ', 'Consumibles', 0),
	(623, 'Acido Nitrico Liquido Galon   Acido ', 5, 'Galon ', 'Consumibles', 0),
	(624, 'Gasolina Liquido Galon   Combustible ', 5, 'Galon ', 'Consumibles', 0),
	(625, 'Lamina de MDF  122*244 cm Cal. 5,5 mm Fibra de Madera ', 6, 'Lamina', 'Materia Prima', 0),
	(626, 'Lamina de MDF  122*244 cm Cal. 9 mm Fibra de Madera ', 6, 'Lamina', 'Materia Prima', 0),
	(627, 'Lamina de MDF  122*244 cm Cal. 12 mm Fibra de Madera ', 6, 'Lamina', 'Materia Prima', 0),
	(628, 'Lamina de MDF  122*244 cm Cal. 15 mm Fibra de Madera ', 6, 'Lamina', 'Materia Prima', 0),
	(629, 'Lamina de MDF  122*244 cm Cal. 18 mm Fibra de Madera ', 6, 'Lamina', 'Materia Prima', 0),
	(630, 'Lamina de MDF  122*244 cm Cal. 25 mm Fibra de Madera ', 6, 'Lamina', 'Materia Prima', 0),
	(631, 'Lamina de MDF  122*244 cm Cal. 30 mm Fibra de Madera ', 6, 'Lamina', 'Materia Prima', 0),
	(632, 'Lamina de MDF  153*244 cm Cal. 4 mm Fibra de Madera ', 6, 'Lamina', 'Materia Prima', 0),
	(633, 'Lamina de MDF  153*244 cm Cal. 5,5 mm Fibra de Madera ', 6, 'Lamina', 'Materia Prima', 0),
	(634, 'Lamina de MDF  153*244 cm Cal. 9 mm Fibra de Madera ', 6, 'Lamina', 'Materia Prima', 0),
	(635, 'Lamina de MDF  153*244 cm Cal. 12 mm Fibra de Madera ', 6, 'Lamina', 'Materia Prima', 0),
	(636, 'Lamina de MDF  153*244 cm Cal. 15 mm Fibra de Madera ', 6, 'Lamina', 'Materia Prima', 0),
	(637, 'Lamina de MDF  153*244 cm Cal. 18 mm Fibra de Madera ', 6, 'Lamina', 'Materia Prima', 0),
	(638, 'Lamina de MDF  153*244 cm Cal. 25 mm Fibra de Madera ', 6, 'Lamina', 'Materia Prima', 0),
	(639, 'Lamina de MDF  153*244 cm Cal. 30 mm Fibra de Madera ', 6, 'Lamina', 'Materia Prima', 0),
	(640, 'Lamina de MDF  183*244 cm Cal. 2,5 mm Fibra de Madera ', 6, 'Lamina', 'Materia Prima', 0),
	(641, 'Lamina de MDF  183*244 cm Cal. 2,7 mm Fibra de Madera ', 6, 'Lamina', 'Materia Prima', 0),
	(642, 'Lamina de MDF  183*244 cm Cal. 3 mm Fibra de Madera ', 6, 'Lamina', 'Materia Prima', 0),
	(643, 'Lamina de MDF  183*244 cm Cal. 4 mm Fibra de Madera ', 6, 'Lamina', 'Materia Prima', 0),
	(644, 'Lamina de MDF  183*244 cm Cal. 5,5 mm Fibra de Madera ', 6, 'Lamina', 'Materia Prima', 0),
	(645, 'Lamina de MDF  183*244 cm Cal. 9 mm Fibra de Madera ', 6, 'Lamina', 'Materia Prima', 0),
	(646, 'Lamina de MDF  183*244 cm Cal. 12 mm Fibra de Madera ', 6, 'Lamina', 'Materia Prima', 0),
	(647, 'Lamina de MDF  183*244 cm Cal. 15 mm Fibra de Madera ', 6, 'Lamina', 'Materia Prima', 0),
	(648, 'Lamina de MDF  183*244 cm Cal. 18 mm Fibra de Madera ', 6, 'Lamina', 'Materia Prima', 0),
	(649, 'Lamina de MDF  183*244 cm Cal. 25 mm Fibra de Madera ', 6, 'Lamina', 'Materia Prima', 0),
	(650, 'Lamina de MDF  183*244 cm Cal. 30 mm Fibra de Madera ', 6, 'Lamina', 'Materia Prima', 0),
	(651, 'Lamina de MDF Cara Blanca 183*244 cm Cal. 3 mm Fibra de Madera ', 6, 'Lamina', 'Materia Prima', 0),
	(652, 'Lamina de MDF Cara Blanca 215*244 cm Cal. 6 mm Fibra de Madera ', 6, 'Lamina', 'Materia Prima', 0),
	(653, 'Lamina de MDF Cara Blanca 183*244 cm Cal. 9 mm Fibra de Madera ', 6, 'Lamina', 'Materia Prima', 0),
	(654, 'Lamina de MDF Cara Blanca 183*244 cm Cal. 12 mm Fibra de Madera ', 6, 'Lamina', 'Materia Prima', 0),
	(655, 'Lamina de MDF Cara Blanca 183*244 cm Cal. 15 mm Fibra de Madera ', 6, 'Lamina', 'Materia Prima', 0),
	(656, 'Lamina de Aglomerado Crudo  183*244 cm Cal. 12 mm Madera Encolada ', 6, 'Lamina', 'Materia Prima', 0),
	(657, 'Lamina de Aglomerado Crudo  183*244 cm Cal. 15 mm Madera Encolada Primaplex ', 6, 'Lamina', 'Materia Prima', 0),
	(658, 'Lamina de Aglomerado Crudo  183*244 cm Cal. 18 mm Madera Encolada ', 6, 'Lamina', 'Materia Prima', 0),
	(659, 'Lamina de Aglomerado Crudo  183*244 cm Cal. 25 mm Madera Encolada Primaplex ', 6, 'Lamina', 'Materia Prima', 0),
	(660, 'Lamina de Aglomerado Crudo  183*244 cm Cal. 30 mm Madera Encolada Primaplex ', 6, 'Lamina', 'Materia Prima', 0),
	(661, 'Lamina de Triplex  122*244 cm Cal. 3 mm Madera ', 6, 'Lamina', 'Materia Prima', 0),
	(662, 'Lamina de Triplex  122*244 cm Cal. 6 mm Madera ', 6, 'Lamina', 'Materia Prima', 0),
	(663, 'Lamina de Triplex  122*244 cm Cal. 9 mm Madera ', 6, 'Lamina', 'Materia Prima', 0),
	(664, 'Lamina de Triplex  122*244 cm Cal. 12 mm Madera ', 6, 'Lamina', 'Materia Prima', 0),
	(665, 'Lamina de Triplex  122*244 cm Cal. 15 mm Madera ', 6, 'Lamina', 'Materia Prima', 0),
	(666, 'Lamina de Triplex  122*244 cm Cal. 18 mm Madera ', 6, 'Lamina', 'Materia Prima', 0),
	(667, 'Lamina de Formica Blanco  122*244 cm   Generika', 6, 'Lamina', 'Materia Prima', 0),
	(668, 'Lamina de Formica Color Plano  122*244 cm   ', 6, 'Lamina', 'Materia Prima', 0),
	(669, 'Lamina de Formica Negro Brillante  122*244 cm   ', 6, 'Lamina', 'Materia Prima', 0),
	(670, 'Lamina de Formica Negro Mate  122*244 cm   ', 6, 'Lamina', 'Materia Prima', 0),
	(671, 'Lamina de Formica Textura Madera  122*244 cm   ', 6, 'Lamina', 'Materia Prima', 0),
	(672, 'Lamina de Formica Textura Metalizada  122*244 cm   ', 6, 'Lamina', 'Materia Prima', 0),
	(673, 'Liston en Madera Cepillado 1*2 cm  Chingale ', 6, '2,90 Metros', 'Materia Prima', 0),
	(674, 'Liston en Madera Cepillado 1*3 cm  Chingale ', 6, '2,90 Metros', 'Materia Prima', 0),
	(675, 'Liston en Madera Cepillado 2*2 cm  Chingale ', 6, '2,90 Metros', 'Materia Prima', 0),
	(676, 'Liston en Madera Cepillado 2*3 cm  Chingale ', 6, '2,90 Metros', 'Materia Prima', 0),
	(677, 'Liston en Madera Cepillado 2*4 cm  Pino ', 6, '2,90 Metros', 'Materia Prima', 0),
	(678, 'Liston en Madera Cepillado 2*4 cm  Cedro ', 6, '2,90 Metros', 'Materia Prima', 0),
	(679, 'Liston en Madera Cepillado 3*3 cm  Chingale ', 6, '2,90 Metros', 'Materia Prima', 0),
	(680, 'Liston en Madera Cepillado 3*3 cm  Pino ', 6, '2,90 Metros', 'Materia Prima', 0),
	(681, 'Liston en Madera Cepillado 3*3 cm  Cedro ', 6, '2,90 Metros', 'Materia Prima', 0),
	(682, 'Liston en Madera Cepillado 4*4 cm  Madera ', 6, '2,90 Metros', 'Materia Prima', 0),
	(683, 'Liston en Madera Cepillado 4*8 cm  Pino ', 6, '2,90 Metros', 'Materia Prima', 0),
	(684, 'Liston en Madera Cepillado 4*8 cm  Cedro ', 6, '3,00 Metros', 'Materia Prima', 0),
	(685, 'Liston en Madera Crudo 2*2 cm  Madera ', 6, '2,90 Metros', 'Materia Prima', 0),
	(686, 'Liston en Madera Crudo 3*3 cm  Madera ', 6, '2,90 Metros', 'Materia Prima', 0),
	(687, 'Liston en Madera Crudo 4*4 cm  Madera ', 6, '2,90 Metros', 'Materia Prima', 0),
	(688, 'Bolillo Cepillado Redondo 3*3 cm  Chingale ', 6, '2,90 Metros', 'Materia Prima', 0),
	(689, 'Asta en Madera de Escritorio  Pintada 40 cm  Madera ', 6, 'Unidad', 'Materia Prima', 0),
	(690, 'Asta en Madera de Escritorio Doble  Pintada 40 cm  Madera ', 6, 'Unidad', 'Materia Prima', 0),
	(691, 'Asta en Madera de Escritorio Sin Pintar 40 cm  Madera ', 6, 'Unidad', 'Materia Prima', 0),
	(692, 'Tabla Burra  20*2.5*300 cm  Madera ', 6, 'Unidad', 'Materia Prima', 0),
	(693, 'Planchon  20*4.0*300 cm  Madera ', 6, 'Unidad', 'Materia Prima', 0),
	(694, 'Planchon  25*4.0*300 cm  Madera ', 6, 'Unidad', 'Materia Prima', 0),
	(695, 'Tabla Cepillada 11*1.7*300 cm  Zapan ', 6, 'Unidad', 'Materia Prima', 0),
	(696, 'Vara Cerco 8.0*8.0*300 cm  Zapan ', 6, 'Unidad', 'Materia Prima', 0),
	(697, 'Vara Repisa 8.0*4.0*300 cm  Zapan ', 6, 'Unidad', 'Materia Prima', 0),
	(698, 'Vara limaton Rolliza 8 cm  Eucalipto ', 6, 'Vara 6 mts.', 'Materia Prima', 0),
	(699, 'Vara Corredor Rolliza 6 cm  Eucalipto ', 6, 'Vara 3 mts.', 'Materia Prima', 0),
	(700, 'Lamina Tablero Para Marcador Borrable  122*244 cm  MDF ', 6, 'Lamina', 'Materia Prima', 0),
	(701, 'Lamina de Corcho   90*60 cm  Cal. 1 mm  Corcho  ', 6, 'Lamina', 'Materia Prima', 0),
	(702, 'Lamina de Corcho   90*60 cm  Cal. 1.5 mm  Corcho  ', 6, 'Lamina', 'Materia Prima', 0),
	(703, 'Lamina de Corcho   90*60 cm  Cal. 2 mm  Corcho  ', 6, 'Lamina', 'Materia Prima', 0),
	(704, 'Lamina de Corcho   90*60 cm  Cal. 3 mm  Corcho  ', 6, 'Lamina', 'Materia Prima', 0),
	(705, 'Lamina de Corcho   90*60 cm  Cal. 4 mm  Corcho  ', 6, 'Lamina', 'Materia Prima', 0),
	(706, 'Lamina de Corcho   90*60 cm  Cal. 5 mm  Corcho  ', 6, 'Lamina', 'Materia Prima', 0),
	(707, 'Lamina de Corcho   90*60 cm  Cal. 6 mm  Corcho  ', 6, 'Lamina', 'Materia Prima', 0),
	(708, 'Lamina de Corcho   90*60 cm  Cal. 7 mm  Corcho  ', 6, 'Lamina', 'Materia Prima', 0),
	(709, 'Lamina de Corcho   90*60 cm  Cal. 8 mm  Corcho  ', 6, 'Lamina', 'Materia Prima', 0),
	(710, 'Lamina de Corcho   90*60 cm  Cal. 9 mm  Corcho  ', 6, 'Lamina', 'Materia Prima', 0),
	(711, 'Lamina de Corcho   90*60 cm  Cal. 10 mm  Corcho  ', 6, 'Lamina', 'Materia Prima', 0),
	(712, 'Lamina de Corcho   100 cm  Cal. 2 mm  Corcho  ', 6, 'Rollo x 10 m', 'Materia Prima', 0),
	(713, 'Lamina de Corcho   100 cm  Cal. 3 mm  Corcho  ', 6, 'Rollo x 6 m', 'Materia Prima', 0),
	(714, 'Lamina de Corcho   100 cm  Cal. 4 mm  Corcho  ', 6, 'Rollo x 5 m', 'Materia Prima', 0),
	(715, 'Lamina de Corcho   100 cm  Cal. 5 mm  Corcho  ', 6, 'Rollo x 4 m', 'Materia Prima', 0),
	(716, 'Lamina de Corcho   100 cm  Cal. 6 mm  Corcho  ', 6, 'Rollo x 3 m', 'Materia Prima', 0),
	(717, 'Lamina de Aluminio - 100 cm Cal. 0,3 Aluminio ', 7, 'Metro Lineal', 'Materia Prima', 0),
	(718, 'Lamina de Aluminio - 100 cm Cal. 0,4 Aluminio ', 7, 'Metro Lineal', 'Materia Prima', 0),
	(719, 'Lamina de Aluminio - 100 cm Cal. 0,5 Aluminio ', 7, 'Metro Lineal', 'Materia Prima', 0),
	(720, 'Lamina de Aluminio - 100 cm Cal. 0,6 Aluminio ', 7, 'Metro Lineal', 'Materia Prima', 0),
	(721, 'Lamina de Aluminio - 200 x 100 Cal. 0,7 Aluminio ', 7, 'Lamina', 'Materia Prima', 0),
	(722, 'Lamina de Aluminio - 200 x 100 Cal. 0,9 Aluminio ', 7, 'Lamina', 'Materia Prima', 0),
	(723, 'Lamina de Aluminio - 200 x 100 Cal. 1,0 Aluminio ', 7, 'Lamina', 'Materia Prima', 0),
	(724, 'Lamina de Aluminio - 200 x 100 Cal. 1,2 Aluminio ', 7, 'Lamina', 'Materia Prima', 0),
	(725, 'Lamina de Aluminio - 200 x 100 Cal. 1,5 Aluminio ', 7, 'Lamina', 'Materia Prima', 0),
	(726, 'Lamina de Aluminio - 200 x 100 Cal. 2,0 Aluminio ', 7, 'Lamina', 'Materia Prima', 0),
	(727, 'Lamina de Aluminio - 200 x 100 Cal. 2,5 Aluminio ', 7, 'Lamina', 'Materia Prima', 0),
	(728, 'Lamina de Aluminio - 200 x 100 Cal. 3,0 Aluminio ', 7, 'Lamina', 'Materia Prima', 0),
	(729, 'Lamina de Aluminio - 200 x 100 Cal. 4,0 Aluminio ', 7, 'Lamina', 'Materia Prima', 0),
	(730, 'Lamina de Aluminio - 200 x 100 Cal. 5,0 Aluminio ', 7, 'Lamina', 'Materia Prima', 0),
	(731, 'Lamina de Aluminio - 200 x 100 Cal. 6,0 Aluminio ', 7, 'Lamina', 'Materia Prima', 0),
	(732, 'Lamina de Aluminio - 244 x 122 Cal. 0,7 Aluminio ', 7, 'Lamina', 'Materia Prima', 0),
	(733, 'Lamina de Aluminio - 244 x 122 Cal. 0,9 Aluminio ', 7, 'Lamina', 'Materia Prima', 0),
	(734, 'Lamina de Aluminio - 244 x 122 Cal. 1,0 Aluminio ', 7, 'Lamina', 'Materia Prima', 0),
	(735, 'Tubo de Aluminio Cuadrado 1/2"  Aluminio ', 7, '6 Metros', 'Materia Prima', 0),
	(736, 'Tubo de Aluminio Cuadrado 3/4"  Aluminio ', 7, '6 Metros', 'Materia Prima', 0),
	(737, 'Tubo de Aluminio con Aleta Cuadrado 3/4"  Aluminio ', 7, '6 Metros', 'Materia Prima', 0),
	(738, 'Tubo de Aluminio Cuadrado 1"  Aluminio ', 7, '6 Metros', 'Materia Prima', 0),
	(739, 'Tubo de Aluminio con Aleta Cuadrado 1"  Aluminio ', 7, '6 Metros', 'Materia Prima', 0),
	(740, 'Tubo de Aluminio Cuadrado 1,1/2"  Aluminio ', 7, '6 Metros', 'Materia Prima', 0),
	(741, 'Tubo de Aluminio Rectangular 7*3 cm  Aluminio ', 7, '6 Metros', 'Materia Prima', 0),
	(742, 'Tubo de Aluminio Rectangular 8*4 cm   Aluminio ', 7, '6 Metros', 'Materia Prima', 0),
	(743, 'Tubo de Aluminio Redondo 1/2"  Aluminio ', 7, '6 Metros', 'Materia Prima', 0),
	(744, 'Tubo de Aluminio Redondo 1" 1,2 mm Aluminio ', 7, '6 Metros', 'Materia Prima', 0),
	(745, 'Tubo de Aluminio Redondo 1" 1,7 mm Aluminio ', 7, '6 Metros', 'Materia Prima', 0),
	(746, 'Tubo de Aluminio Redondo 1,1/2" 1,2 mm Aluminio ', 7, '6 Metros', 'Materia Prima', 0),
	(747, 'Tubo de Aluminio 1/4 Circulo 1"  Aluminio ', 7, '6 Metros', 'Materia Prima', 0),
	(748, 'Tubo de Aluminio 1/4 Circulo 1"  Aluminio ', 7, '6 Metros', 'Materia Prima', 0),
	(749, 'Angulo de Aluminio  3/4" 1/16" Aluminio ', 7, '6 Metros', 'Materia Prima', 0),
	(750, 'Angulo de Aluminio  3/4" 1/8" Aluminio ', 7, '6 Metros', 'Materia Prima', 0),
	(751, 'Angulo de Aluminio  1" 1/8" Aluminio ', 7, '6 Metros', 'Materia Prima', 0),
	(752, 'Angulo de Aluminio  1" 3/16" Aluminio ', 7, '6 Metros', 'Materia Prima', 0),
	(753, 'Alambron de Aluminio  4,7 mm 1/4" Aluminio ', 7, '6 Metros', 'Materia Prima', 0),
	(754, 'Alambron de Aluminio  6,3 mm 3/16" Aluminio ', 7, '6 Metros', 'Materia Prima', 0),
	(755, 'Alambron de Aluminio  7,9 mm 5/16" Aluminio ', 7, '6 Metros', 'Materia Prima', 0),
	(756, 'Alambron de Aluminio  9,5 mm 3/8" Aluminio ', 7, '6 Metros', 'Materia Prima', 0),
	(757, 'Cantonero en Aluminio Mate 10 cm  Aluminio ', 7, '6 Metros', 'Materia Prima', 0),
	(758, 'Cantonero en Aluminio Anodizado 16 cm  Aluminio ', 7, '6 Metros', 'Materia Prima', 0),
	(759, 'Zocalo Superior    Aluminio ', 7, '6 Metros', 'Materia Prima', 0),
	(760, 'Zocalo Inferior    Aluminio ', 7, '6 Metros', 'Materia Prima', 0),
	(761, 'Cabezal de Zocalo    Aluminio ', 7, '6 Metros', 'Materia Prima', 0),
	(762, 'Riel de Zocalo    Aluminio ', 7, '6 Metros', 'Materia Prima', 0),
	(763, 'Tubo Cortinero    1/2" Aluminio ', 7, '6 Metros', 'Materia Prima', 0),
	(764, 'Tubo Cortinero   5/8" Aluminio ', 7, '6 Metros', 'Materia Prima', 0),
	(765, 'Tubo Cortinero   3/4" Aluminio ', 7, '6 Metros', 'Materia Prima', 0),
	(766, 'Tapones para Cortinero   1/2" Aluminio  ', 7, 'Unidad ', 'Materia Prima', 0),
	(767, 'Tapones para Cortinero   5/8" Aluminio  ', 7, 'Unidad ', 'Materia Prima', 0),
	(768, 'Tapones para Cortinero   3/4" Aluminio  ', 7, 'Unidad ', 'Materia Prima', 0),
	(769, 'Dilatador  1,1/2"*1"  Aluminio  ', 7, 'Unidad ', 'Materia Prima', 0),
	(770, 'Perfil Marco Abatible Tapa y Base 25 mm  Aluminio  ', 7, '6 Metros', 'Materia Prima', 0),
	(771, 'Perfil Marco Abatible Tapa y Base 35 mm  Aluminio  ', 7, '6 Metros', 'Materia Prima', 0),
	(772, 'Perfil Marco Abatible Tapa y Base 70 mm  Aluminio  ', 7, '6 Metros', 'Materia Prima', 0),
	(773, 'Perfil Marco Ultra Sencillo 18*4 mm  Aluminio  ', 7, '6 Metros', 'Materia Prima', 0),
	(774, 'Perfil Marco Ultra Doble 18*12 mm  Aluminio  ', 7, '6 Metros', 'Materia Prima', 0),
	(775, 'Perfil Marco Lateral Sencillo 22*8,5 mm  Aluminio  ', 7, '6 Metros', 'Materia Prima', 0),
	(776, 'Perfil Marco Lateral Doble 22*23 mm  Aluminio  ', 7, '6 Metros', 'Materia Prima', 0),
	(777, 'Perfil Style con Aleta Triangulo 25*19 mm  Aluminio  ', 7, '6 Metros', 'Materia Prima', 0),
	(778, 'Perfil Bold con Aleta Rectangular 40*25 mm  Aluminio  ', 7, '6 Metros', 'Materia Prima', 0),
	(779, 'Esquinera para Abatible Redondo 25 mm  Aluminio  ', 7, 'Unidad ', 'Materia Prima', 0),
	(780, 'Esquinera para Abatible Redondo 35 mm  Aluminio  ', 7, 'Unidad ', 'Materia Prima', 0),
	(781, 'Esquina Lateral (PAR) Redondo   Plastico ', 7, 'Unidad ', 'Materia Prima', 0),
	(782, 'Esquina Bold Redondo   Plastico ', 7, 'Unidad ', 'Materia Prima', 0),
	(783, 'Anclaje "L" 25 mm  Aluminio  ', 7, 'Unidad ', 'Materia Prima', 0),
	(784, 'Anclaje "L" 35 mm  Aluminio  ', 7, 'Unidad ', 'Materia Prima', 0),
	(785, 'Anclaje "L" 70 mm  Aluminio  ', 7, 'Unidad ', 'Materia Prima', 0),
	(786, 'Resorte para Abatible "C"   Aluminio  ', 7, 'Unidad ', 'Materia Prima', 0),
	(787, 'Gancho  "S"   Aluminio  ', 7, 'Unidad ', 'Materia Prima', 0),
	(788, 'Ángulo Style "L"   Aluminio  ', 7, 'Unidad ', 'Materia Prima', 0),
	(789, 'Sujetador Porta Pendón Estandar   Plastico ', 7, 'Unidad ', 'Materia Prima', 0),
	(790, 'Lamina de Acero Brillante - 244*122 Cal. 24 Inoxidable 430 ', 8, 'Lamina', 'Materia Prima', 0),
	(791, 'Lamina de Acero Brillante - 244*122 Cal. 22 Inoxidable 430 ', 8, 'Lamina', 'Materia Prima', 0),
	(792, 'Lamina de Acero Brillante - 244*122 Cal. 20 Inoxidable 430 ', 8, 'Lamina', 'Materia Prima', 0),
	(793, 'Lamina de Acero Brillante - 244*122 Cal. 18 Inoxidable 430 ', 8, 'Lamina', 'Materia Prima', 0),
	(794, 'Lamina de Acero Brillante - 244*122 Cal. 16 Inoxidable 430 ', 8, 'Lamina', 'Materia Prima', 0),
	(795, 'Lamina de Acero Brillante - 244*122 Cal. 14 Inoxidable 430 ', 8, 'Lamina', 'Materia Prima', 0),
	(796, 'Lamina de Acero Brillante - 244*122 Cal. 12 Inoxidable 430 ', 8, 'Lamina', 'Materia Prima', 0),
	(797, 'Lamina de Acero Brillante - 305*152 Cal. 24 Inoxidable 430 ', 8, 'Lamina', 'Materia Prima', 0),
	(798, 'Lamina de Acero Brillante - 305*152 Cal. 22 Inoxidable 430 ', 8, 'Lamina', 'Materia Prima', 0),
	(799, 'Lamina de Acero Brillante - 305*152 Cal. 20 Inoxidable 430 ', 8, 'Lamina', 'Materia Prima', 0),
	(800, 'Lamina de Acero Brillante - 305*152 Cal. 18 Inoxidable 430 ', 8, 'Lamina', 'Materia Prima', 0),
	(801, 'Lamina de Acero Brillante - 305*152 Cal. 16 Inoxidable 430 ', 8, 'Lamina', 'Materia Prima', 0),
	(802, 'Lamina de Acero Brillante - 305*152 Cal. 14 Inoxidable 430 ', 8, 'Lamina', 'Materia Prima', 0),
	(803, 'Lamina de Acero Brillante - 305*152 Cal. 12 Inoxidable 430 ', 8, 'Lamina', 'Materia Prima', 0),
	(804, 'Lamina de Acero Opaco  244*122 Cal. 24 Inoxidable 304 ', 8, 'Lamina', 'Materia Prima', 0),
	(805, 'Lamina de Acero Opaco  244*122 Cal. 22 Inoxidable 304 ', 8, 'Lamina', 'Materia Prima', 0),
	(806, 'Lamina de Acero Opaco  244*122 Cal. 20 Inoxidable 304 ', 8, 'Lamina', 'Materia Prima', 0),
	(807, 'Lamina de Acero Opaco  244*122 Cal. 18 Inoxidable 304 ', 8, 'Lamina', 'Materia Prima', 0),
	(808, 'Lamina de Acero Opaco  244*122 Cal. 16 Inoxidable 304 ', 8, 'Lamina', 'Materia Prima', 0),
	(809, 'Lamina de Acero Opaco  244*122 Cal. 14 Inoxidable 304 ', 8, 'Lamina', 'Materia Prima', 0),
	(810, 'Lamina de Acero Opaco  244*122 Cal. 12 Inoxidable 304 ', 8, 'Lamina', 'Materia Prima', 0),
	(811, 'Lamina de Acero Opaco  305*152 Cal. 24 Inoxidable 304 ', 8, 'Lamina', 'Materia Prima', 0),
	(812, 'Lamina de Acero Opaco  305*152 Cal. 22 Inoxidable 304 ', 8, 'Lamina', 'Materia Prima', 0),
	(813, 'Lamina de Acero Opaco  305*152 Cal. 20 Inoxidable 304 ', 8, 'Lamina', 'Materia Prima', 0),
	(814, 'Lamina de Acero Opaco  305*152 Cal. 18 Inoxidable 304 ', 8, 'Lamina', 'Materia Prima', 0),
	(815, 'Lamina de Acero Opaco  305*152 Cal. 16 Inoxidable 304 ', 8, 'Lamina', 'Materia Prima', 0),
	(816, 'Lamina de Acero Opaco  305*152 Cal. 14 Inoxidable 304 ', 8, 'Lamina', 'Materia Prima', 0),
	(817, 'Lamina de Acero Opaco  305*152 Cal. 12 Inoxidable 304 ', 8, 'Lamina', 'Materia Prima', 0),
	(818, 'Lamina de Acero Satinado  244*122 Cal. 24 Inoxidable 304 ', 8, 'Lamina', 'Materia Prima', 0),
	(819, 'Lamina de Acero Satinado  244*122 Cal. 22 Inoxidable 304 ', 8, 'Lamina', 'Materia Prima', 0),
	(820, 'Lamina de Acero Satinado  244*122 Cal. 20 Inoxidable 304 ', 8, 'Lamina', 'Materia Prima', 0),
	(821, 'Lamina de Acero Satinado  244*122 Cal. 18 Inoxidable 304 ', 8, 'Lamina', 'Materia Prima', 0),
	(822, 'Lamina de Acero Satinado  244*122 Cal. 16 Inoxidable 304 ', 8, 'Lamina', 'Materia Prima', 0),
	(823, 'Lamina de Acero Satinado  244*122 Cal. 14 Inoxidable 304 ', 8, 'Lamina', 'Materia Prima', 0),
	(824, 'Lamina de Acero Satinado  244*122 Cal. 12 Inoxidable 304 ', 8, 'Lamina', 'Materia Prima', 0),
	(825, 'Lamina de Acero Satinado  305*152 Cal. 24 Inoxidable 304 ', 8, 'Lamina', 'Materia Prima', 0),
	(826, 'Lamina de Acero Satinado  305*152 Cal. 22 Inoxidable 304 ', 8, 'Lamina', 'Materia Prima', 0),
	(827, 'Lamina de Acero Satinado  305*152 Cal. 20 Inoxidable 304 ', 8, 'Lamina', 'Materia Prima', 0),
	(828, 'Lamina de Acero Satinado  305*152 Cal. 18 Inoxidable 304 ', 8, 'Lamina', 'Materia Prima', 0),
	(829, 'Lamina de Acero Satinado  305*152 Cal. 16 Inoxidable 304 ', 8, 'Lamina', 'Materia Prima', 0),
	(830, 'Lamina de Acero Satinado  305*152 Cal. 14 Inoxidable 304 ', 8, 'Lamina', 'Materia Prima', 0),
	(831, 'Lamina de Acero Satinado  305*152 Cal. 12 Inoxidable 304 ', 8, 'Lamina', 'Materia Prima', 0),
	(832, 'Tubo de Acero  2" Cal. 18 Acero Inoxidable ', 8, '6 Metros', 'Materia Prima', 0),
	(833, 'Tubo de Acero  2" Cal. 16 Acero Inoxidable ', 8, '6 Metros', 'Materia Prima', 0),
	(834, 'Varilla de Acero   1/2"  Acero Inoxidable ', 8, 'Metro', 'Materia Prima', 0),
	(835, 'Varilla Roscada  1/2"  Acero Inoxidable ', 8, 'Metro', 'Materia Prima', 0),
	(836, 'Varilla Roscada  1/4"  Acero Inoxidable ', 8, 'Metro', 'Materia Prima', 0),
	(837, 'Varilla Roscada Zincada  1/4"   Galvanizado ', 8, 'Metro', 'Materia Prima', 0),
	(838, 'Platina   2" Cal 3/16 Acero Inoxidable ', 8, '6 Metros', 'Materia Prima', 0),
	(839, 'Dilatador  1/2"* 2cm  Acero Inoxidable ', 8, 'Unidad', 'Materia Prima', 0),
	(840, 'Dilatador  1/2"* 2,5cm  Acero Inoxidable ', 8, 'Unidad', 'Materia Prima', 0),
	(841, 'Dilatador  3/4"* 3cm  Acero Inoxidable ', 8, 'Unidad', 'Materia Prima', 0),
	(842, 'Dilatador  1"* 3cm  Acero Inoxidable ', 8, 'Unidad', 'Materia Prima', 0),
	(843, 'Dilatador Pie de Amigo Estandar 1"* 3cm  Acero Inoxidable ', 8, 'Unidad', 'Materia Prima', 0),
	(844, 'Dilatador Pie de Amigo 2 Puntos 1"* 3cm  Acero Inoxidable ', 8, 'Unidad', 'Materia Prima', 0),
	(845, 'Paral Tubular para Vidrio Hueco 2"  Acero Inoxidable ', 8, 'Unidad', 'Materia Prima', 0),
	(846, 'Paral Platina para Vidrio    Acero Inoxidable ', 8, 'Unidad', 'Materia Prima', 0),
	(847, 'Tubo redondo Acanalado 2" Cal. 18 Acero Inoxidable ', 8, 'Metro', 'Materia Prima', 0),
	(848, 'Tubo redondo Acanalado 2" Cal. 20 Acero Inoxidable ', 8, 'Metro', 'Materia Prima', 0),
	(849, 'Codo para Baranda  2"  Acero Inoxidable ', 8, 'Unidad', 'Materia Prima', 0),
	(850, 'Tapa Terminal  2"  Acero Inoxidable ', 8, 'Unidad', 'Materia Prima', 0),
	(851, 'Lamina Alucobond Color  1.5*5.5 m 3 mm Aluminio Compuesto ', 9, 'Lamina', 'Materia Prima', 0),
	(852, 'Lamina Alucobond Blanco - Negro  1.5*5.5 m 3 mm Aluminio Compuesto ', 9, 'Lamina', 'Materia Prima', 0),
	(853, 'Lamina Alucobond  1.5*5.5 m 4 mm Aluminio Compuesto ', 9, 'Lamina', 'Materia Prima', 0),
	(854, 'Lamina Alucobond  122*244 cm 3 mm Aluminio Compuesto ', 9, 'Lamina', 'Materia Prima', 0),
	(855, 'Lamina Alucobond Espejo  122*244 cm 3 mm Aluminio Compuesto ', 9, 'Lamina', 'Materia Prima', 0),
	(856, 'Microporosa Rollo 150 cm 8 mm Espuma ', 9, 'Rollo x 24 m', 'Materia Prima', 0),
	(857, 'Microporosa Metro 150 cm 8 mm Espuma ', 9, 'Metro', 'Materia Prima', 0),
	(858, 'Foam Board Blanco  122*244 cm 5 mm Espuma de Poliestileno ', 9, 'Lamina', 'Materia Prima', 0),
	(859, 'Foam Board Blanco  122*244 cm 10 mm Espuma de Poliestileno ', 9, 'Lamina', 'Materia Prima', 0),
	(860, 'PVC Board  122*244 cm 5 mm PVC Trent', 9, 'Lamina', 'Materia Prima', 0),
	(861, 'Carton Doble Pared 249*198 cm  Carton ', 9, 'Lamina', 'Materia Prima', 0),
	(862, 'Carton Doble Pared 262*135 cm  Carton ', 9, 'Lamina', 'Materia Prima', 0),
	(863, 'Carton Doble Pared 245*135 cm  Carton ', 9, 'Lamina', 'Materia Prima', 0),
	(864, 'Carton C-620 BL/KRAF 240*180 cm  Carton ', 9, 'Lamina', 'Materia Prima', 0),
	(865, 'Carton C-620 KRAF 240*180 cm  Carton ', 9, 'Lamina', 'Materia Prima', 0),
	(866, 'Carton Micro BL/KRAF 200*140 cm  Carton ', 9, 'Lamina', 'Materia Prima', 0),
	(867, 'Carton Micro KRAF 190*150 cm  Carton ', 9, 'Lamina', 'Materia Prima', 0),
	(868, 'Carton Tipo Colmena 122*244 cm 16 mm Carton ', 9, 'Lamina', 'Materia Prima', 0),
	(869, 'Vidrio Templado Menor 1 M2 4 mm  ', 9, 'M2', 'Materia Prima', 0),
	(870, 'Vidrio Templado Menor 1 M2 5 mm  ', 9, 'M2', 'Materia Prima', 0),
	(871, 'Vidrio Templado Menor 1 M2 6 mm  ', 9, 'M2', 'Materia Prima', 0),
	(872, 'Vidrio Templado Menor 1 M2 8 mm  ', 9, 'M2', 'Materia Prima', 0),
	(873, 'Vidrio Templado Menor 1 M2 10 mm  ', 9, 'M2', 'Materia Prima', 0),
	(874, 'Vidrio Templado Menor 1 M2 12 mm  ', 9, 'M2', 'Materia Prima', 0),
	(875, 'Vidrio Templado Mayor 1 M2 4 mm  ', 9, 'M2', 'Materia Prima', 0),
	(876, 'Vidrio Templado Mayor 1 M2 5 mm  ', 9, 'M2', 'Materia Prima', 0),
	(877, 'Vidrio Templado Mayor 1 M2 6 mm  ', 9, 'M2', 'Materia Prima', 0),
	(878, 'Vidrio Templado Mayor 1 M2 8 mm  ', 9, 'M2', 'Materia Prima', 0),
	(879, 'Vidrio Templado Mayor 1 M2 10 mm  ', 9, 'M2', 'Materia Prima', 0),
	(880, 'Vidrio Templado Mayor 1 M2 12 mm  ', 9, 'M2', 'Materia Prima', 0),
	(881, 'Vidrio Crudo   3 mm  ', 9, 'M2', 'Materia Prima', 0),
	(882, 'Vidrio Crudo   4 mm  ', 9, 'M2', 'Materia Prima', 0),
	(883, 'Vidrio Crudo   5 mm  ', 9, 'M2', 'Materia Prima', 0),
	(884, 'Vidrio Crudo   6 mm  ', 9, 'M2', 'Materia Prima', 0),
	(885, 'Vidrio Crudo   8 mm  ', 9, 'M2', 'Materia Prima', 0),
	(886, 'Vidrio Crudo   10 mm  ', 9, 'M2', 'Materia Prima', 0),
	(887, 'Lamina Imantada Cruda 60 cm 0.8 mm  ', 9, 'Metro', 'Materia Prima', 0),
	(888, 'Lamina Imantada Blanca 60 cm 0.8 mm  ', 9, 'Metro', 'Materia Prima', 0),
	(889, 'Lamina Imantada Cruda  60 cm 0.5 mm   ', 9, 'Metro', 'Materia Prima', 0),
	(890, 'Lamina Imantada Cruda  60 cm 0,4 mm  ', 9, 'Metro', 'Materia Prima', 0),
	(891, 'Lamina Imantada Cruda  60 cm 0,3 mm  ', 9, 'Metro', 'Materia Prima', 0),
	(892, 'Cinta Imantada Metro 18 mm 3 mm  ', 9, 'Metro', 'Materia Prima', 0),
	(893, 'Cinta Imantada Sin Adhesivo Metro 12 mm 3 mm  ', 9, 'Metro', 'Materia Prima', 0),
	(894, 'Cinta Imantada 30 Metros 9 mm 3 mm  ', 9, 'Rollo x 30 m', 'Materia Prima', 0),
	(895, 'Vinilo Clear Comercial #4 140 cm 80 PVC ', 9, 'Metro', 'Materia Prima', 0),
	(896, 'Vinilo Clear Comercial #6 140 cm 100 PVC ', 9, 'Metro', 'Materia Prima', 0),
	(897, 'Vinilo Clear Comercial #8 140 cm 150 PVC ', 9, 'Metro', 'Materia Prima', 0),
	(898, 'Vinilo Clear Comercial #12 140 cm 200 PVC ', 9, 'Metro', 'Materia Prima', 0),
	(899, 'Vinilo Clear Comercial #15 140 cm 250 PVC ', 9, 'Metro', 'Materia Prima', 0),
	(900, 'Vinilo Clear Comercial #18 140 cm 300 PVC ', 9, 'Metro', 'Materia Prima', 0),
	(901, 'Vinilo Clear Comercial #25 140 cm 500 PVC ', 9, 'Metro', 'Materia Prima', 0),
	(902, 'Pisos Vinílicos Economico Rollo 200 cm  PVC ', 9, 'Metro', 'Materia Prima', 0),
	(903, 'Pisos Vinílicos Ebano Rollo 200 cm  PVC ', 9, 'Metro', 'Materia Prima', 0),
	(904, 'Tornillo Lamina  Cabeza Pan Ran 1/2" 8 Metalico Zincado ', 10, 'Paquete x 100', 'Consumibles', 0),
	(905, 'Tornillo Lamina  Cabeza Pan Ran 3/4" 6 Metalico Zincado ', 10, 'Paquete x 100', 'Consumibles', 0),
	(906, 'Tornillo Lamina  Cabeza Pan Ran 3/4" 8 Metalico Zincado ', 10, 'Paquete x 100', 'Consumibles', 0),
	(907, 'Tornillo Lamina  Cabeza Pan Ran 1" 8 Metalico Zincado ', 10, 'Paquete x 100', 'Consumibles', 0),
	(908, 'Tornillo Lamina  Cabeza Pan Ran 1" 10 Metalico Zincado ', 10, 'Paquete x 100', 'Consumibles', 0),
	(909, 'Tornillo Lamina  Cabeza Pan Ran 1,1/2" 10 Metalico Zincado ', 10, 'Paquete x 100', 'Consumibles', 0),
	(910, 'Tornillo Lamina  Cabeza Pan Ran 2" 10 Metalico Zincado ', 10, 'Paquete x 100', 'Consumibles', 0),
	(911, 'Tornillo Lamina  Cabeza Pan Ran 2" 12 Metalico Zincado ', 10, 'Paquete x 100', 'Consumibles', 0),
	(912, 'Tornillo Cabeza Hexagonal 1" 1/4" Metalico Zincado ', 10, 'Unidad', 'Consumibles', 0),
	(913, 'Tornillo Cabeza Hexagonal 1,1/2" 1/4" Metalico Zincado ', 10, 'Unidad', 'Consumibles', 0),
	(914, 'Tornillo Cabeza Hexagonal 1,1/2" 5/16" Metalico Zincado ', 10, 'Unidad', 'Consumibles', 0),
	(915, 'Tornillo Cabeza Hexagonal 1,1/2" 3/8" Metalico Zincado ', 10, 'Unidad', 'Consumibles', 0),
	(916, 'Tornillo Cabeza Hexagonal 2" 1/4" Metalico Zincado ', 10, 'Unidad', 'Consumibles', 0),
	(917, 'Tornillo Cabeza Hexagonal 2" 5/16" Metalico Zincado ', 10, 'Unidad', 'Consumibles', 0),
	(918, 'Tornillo Cabeza Hexagonal 3" 5/16" Metalico Zincado ', 10, 'Unidad', 'Consumibles', 0),
	(919, 'Tornillo Cabeza Hexagonal 3" 3/8" Metalico Zincado ', 10, 'Unidad', 'Consumibles', 0),
	(920, 'Tornillo Cabeza Hexagonal 1,1/2" 1/2" Acero Estructural ', 10, 'Unidad', 'Consumibles', 0),
	(921, 'Tornillo Cabeza Hexagonal 1,1/2" 5/8" Acero Estructural ', 10, 'Unidad', 'Consumibles', 0),
	(922, 'Tornillo Cabeza Hexagonal 2" 1/2" Acero Estructural ', 10, 'Unidad', 'Consumibles', 0),
	(923, 'Tornillo Cabeza Hexagonal 2" 5/8" Acero Estructural ', 10, 'Unidad', 'Consumibles', 0),
	(924, 'Tornillo Cabeza Hexagonal 2" 3/4" Acero Estructural ', 10, 'Unidad', 'Consumibles', 0),
	(925, 'Tornillo Cabeza Hexagonal 2,1/2" 1/2" Acero Estructural ', 10, 'Unidad', 'Consumibles', 0),
	(926, 'Tornillo Cabeza Hexagonal 2,1/2" 3/4" Acero Estructural ', 10, 'Unidad', 'Consumibles', 0),
	(927, 'Tornillo Cabeza Hexagonal 3" 3/4" Acero Estructural ', 10, 'Unidad', 'Consumibles', 0),
	(928, 'Tornillo Grado 5 Cabeza Hexagonal 2" 1/2" Acero Carbono ', 10, 'Unidad', 'Consumibles', 0),
	(929, 'Tornillo Grado 5 Cabeza Hexagonal 2,1/2" 1/2" Acero Carbono ', 10, 'Unidad', 'Consumibles', 0),
	(930, 'Tornillo Grado 8 Cabeza Hexagonal 2" 1/2" Acero Carbono ', 10, 'Unidad', 'Consumibles', 0),
	(931, 'Tornillo Grado 8 Cabeza Hexagonal 2,1/2" 1/2" Acero Carbono ', 10, 'Unidad', 'Consumibles', 0),
	(932, 'Tornillo de Madera Cabeza plana 1" #6 Metalico ', 10, 'Paquete x 500', 'Consumibles', 0),
	(933, 'Tornillo Drywall  Cabeza plana 1,1/2" #8 Metalico ', 10, 'Unidad', 'Consumibles', 0),
	(934, 'Tornillo Drywall  Cabeza plana 1,1/4" #6 Metalico ', 10, 'Unidad', 'Consumibles', 0),
	(935, 'Tornillo Lamina Auto Perforante  De Copa 1/2" #10 Galvanizado ', 10, 'Paquete x 100', 'Consumibles', 0),
	(936, 'Tornillo Lamina Auto Perforante  De Copa 3/4" #10 Galvanizado ', 10, 'Paquete x 100', 'Consumibles', 0),
	(937, 'Tornillo Lamina Auto Perforante  De Copa 1" #10 Galvanizado ', 10, 'Paquete x 100', 'Consumibles', 0),
	(938, 'Tornillo Lamina Auto Perforante  De Copa 1,1/4" #10 Galvanizado ', 10, 'Paquete x 100', 'Consumibles', 0),
	(939, 'Tornillo Lamina Auto Perforante  De Copa 1,1/2" #10 Galvanizado ', 10, 'Paquete x 100', 'Consumibles', 0),
	(940, 'Tornillo Lamina Auto Perforante  De Copa 3" #12 Galvanizado ', 10, 'Paquete x 100', 'Consumibles', 0),
	(941, 'Tornillo Lamina Auto Perforante  Cabeza Plana 1/2" #8 Galvanizado ', 10, 'Paquete x 100', 'Consumibles', 0),
	(942, 'Tornillo Lamina Auto Perforante  Cabeza Plana 3/4" #8 Galvanizado ', 10, 'Paquete x 100', 'Consumibles', 0),
	(943, 'Tornillo Lamina Auto Perforante  Cabeza Plana 1" #8 Galvanizado ', 10, 'Paquete x 100', 'Consumibles', 0),
	(944, 'Tornillo Lamina Auto Perforante  Cabeza Plana 1,1/4" #8 Galvanizado ', 10, 'Paquete x 100', 'Consumibles', 0),
	(945, 'Tornillo Lamina Auto Perforante  Cabeza Plana 1,1/2" #8 Galvanizado ', 10, 'Paquete x 100', 'Consumibles', 0),
	(946, 'Tornillo Lamina Auto Perforante  Cabeza Plana 2" #8 Galvanizado ', 10, 'Paquete x 100', 'Consumibles', 0),
	(947, 'Tornillo Extraplano Cabeza Extraplana 1/2" #8 Galvanizado ', 10, 'Unidad', 'Consumibles', 0),
	(948, 'Tornillo para Chazo Goloso 1/4"  Galvanizado ', 10, 'Unidad', 'Consumibles', 0),
	(949, 'Varilla Zincada Roscada 1/4"  Galvanizado ', 10, 'Metro', 'Materia Prima', 0),
	(950, 'Varilla Zincada Roscada 3/8"  Galvanizado ', 10, 'Metro', 'Materia Prima', 0),
	(951, 'Varilla Zincada Roscada 1/2"   Galvanizado ', 10, 'Metro', 'Materia Prima', 0),
	(952, 'Varilla Roscada 1/2"  Acero inoxidable ', 10, 'Metro', 'Materia Prima', 0),
	(953, 'Tuerca Zincada   1/2"  Galvanizado ', 10, 'Unidad', 'Consumibles', 0),
	(954, 'Tuerca  1/2"  Acero inoxidable ', 10, 'Unidad', 'Consumibles', 0),
	(955, 'Tuerca Grado 8 7/8"  Acero Carbono ', 10, 'Unidad', 'Consumibles', 0),
	(956, 'Tuerca Grado 8 1,25  Acero Carbono ', 10, 'Unidad', 'Consumibles', 0),
	(957, 'Tuerca Grado 5 1/2"  Acero Carbono ', 10, 'Unidad', 'Consumibles', 0),
	(958, 'Tuerca Grado 5 1/2"  Acero Carbono ', 10, 'Unidad', 'Consumibles', 0),
	(959, 'Tuerca Rosca Fina 1/2"  Galvanizado ', 10, 'Unidad', 'Consumibles', 0),
	(960, 'Tuerca Rosca Fina 1/2"  Galvanizado ', 10, 'Mas de 51', 'Consumibles', 0),
	(961, 'Arandela Zincada 1,1/4*3/16 1/2"  Galvanizado ', 10, 'Unidad', 'Consumibles', 0),
	(962, 'Arandela Zincada 1,1/4*3/16 1/2"  Galvanizado ', 10, 'Mas de 51', 'Consumibles', 0),
	(963, 'Arandela Zincada 1,1/2*1/8 1/2"  Galvanizado ', 10, 'Unidad', 'Consumibles', 0),
	(964, 'Arandela Zincada Negra 1/2"  Acero Carbono ', 10, 'Unidad', 'Consumibles', 0),
	(965, 'Arandela Zincada Negra 7/8"  Acero Carbono ', 10, 'Unidad', 'Consumibles', 0),
	(966, 'Arandela Grado 5 1/2"  Acero Carbono ', 10, 'Unidad', 'Consumibles', 0),
	(967, 'Arandela Grado 8 1/2"  Acero inoxidable ', 10, 'Unidad', 'Consumibles', 0),
	(968, 'Esparrago Grado 5 4" 1,25 Acero Carbono ', 10, 'Unidad', 'Materia Prima', 0),
	(969, 'Esparrago Grado 8 4" 1,25 Acero Carbono ', 10, 'Unidad', 'Materia Prima', 0),
	(970, 'Esparrago Grado 8 5" 1,25 Acero Carbono ', 10, 'Unidad', 'Materia Prima', 0),
	(971, 'Esparrago Grado 8 6" 7/8" Acero Carbono ', 10, 'Unidad', 'Materia Prima', 0),
	(972, 'Chazo Expansivo 2" 5/8" Metalico ', 10, 'Unidad', 'Consumibles', 0),
	(973, 'Chazo Expansivo 3" 5/8" Metalico ', 10, 'Unidad', 'Consumibles', 0),
	(974, 'Chazo Expansivo 2" 1/2" Metalico ', 10, 'Unidad', 'Consumibles', 0),
	(975, 'Chazo Expansivo 2" 3/8" Metalico ', 10, 'Unidad', 'Consumibles', 0),
	(976, 'Chazo Expansivo 3" 1/4" Metalico ', 10, 'Unidad', 'Consumibles', 0),
	(977, 'Chazo Expansivo 4" 3/8" Metalico ', 10, 'Unidad', 'Consumibles', 0),
	(978, 'Chazo Expansivo 4" 1/2" Metalico ', 10, 'Unidad', 'Consumibles', 0),
	(979, 'Chazo Argolla Cerrado  1/4" Metalico ', 10, 'Unidad', 'Consumibles', 0),
	(980, 'Chazo Argolla Cerrado  3/8" Metalico ', 10, 'Unidad', 'Consumibles', 0),
	(981, 'Chazo Argolla Cerrado  1/2" Metalico ', 10, 'Unidad', 'Consumibles', 0),
	(982, 'Chazo Argolla Cerrado  5/8" Metalico ', 10, 'Unidad', 'Consumibles', 0),
	(983, 'Chazo   1/4" Plastico ', 10, 'Unidad', 'Consumibles', 0),
	(984, 'Chazo Maripoza Caiman Supra  1/4" Plastico ', 10, 'Unidad', 'Consumibles', 0),
	(985, 'Chazo Maripoza Caiman Supra  5/16" Plastico ', 10, 'Unidad', 'Consumibles', 0),
	(986, 'Chazo Mariposa   1/4" Plastico ', 10, 'Unidad', 'Consumibles', 0),
	(987, 'Chazo Mariposa   3/8" Plastico ', 10, 'Unidad', 'Consumibles', 0),
	(988, 'Chazo Mariposa   1/4" Metalico ', 10, 'Unidad', 'Consumibles', 0),
	(989, 'Chazo Mariposa   3/8" Metalico ', 10, 'Unidad', 'Consumibles', 0),
	(990, 'Chazo Puntilla 1,1/4" 1/4" Nylon - Acero ', 10, 'Unidad', 'Consumibles', 0),
	(991, 'Chazo Puntilla 2,1/4" 1/4" Nylon - Acero ', 10, 'Unidad', 'Consumibles', 0),
	(992, 'Chazo Puntilla 2,7/8" 1/4" Nylon - Acero ', 10, 'Unidad', 'Consumibles', 0),
	(993, 'Chazo Puntilla 3,1/2" 1/4" Nylon - Acero ', 10, 'Unidad', 'Consumibles', 0),
	(994, 'Remache Cabeza Redonda 3/4" 3/16" Hierro ', 10, 'Kilo', 'Consumibles', 0),
	(995, 'Remache Cabeza Redonda 3/4" 3/16" Hierro ', 10, 'Libra', 'Consumibles', 0),
	(996, 'Puntilla sin Cabeza  1"  Acero ', 10, 'Caja 500 g', 'Consumibles', 0),
	(997, 'Guaza    1,25  ', 10, 'Unidad', 'Consumibles', 0),
	(998, 'Tubo Plastico  1/2"  Plastico ', 11, '3 Metros', 'Consumibles', 0),
	(999, 'Tubo Plastico  5/8"  Plastico ', 11, '3 Metros', 'Consumibles', 0),
	(1000, 'Tubo Aluminio  1/2"  Aluminio ', 11, '3 Metros', 'Consumibles', 0),
	(1001, 'Tapon Plastico  1/2"  Plastico ', 11, 'Unidad', 'Consumibles', 0),
	(1002, 'Tapones Plasticos  1/2"  Plastico ', 11, 'Bolsa x 500', 'Consumibles', 0),
	(1003, 'Tapon Plastico  5/8"  Plastico ', 11, 'Unidad', 'Consumibles', 0),
	(1004, 'Tapones Plasticos  5/8"  Plastico ', 11, 'Bolsa x 500', 'Consumibles', 0),
	(1005, 'Tapón Plástico Cuadrado Interno  3/4"  Plastico ', 11, 'Unidad', 'Consumibles', 0),
	(1006, 'Tapón Caucho Cuadrado Externo  3/4"  Caucho ', 11, 'Unidad', 'Consumibles', 0),
	(1007, 'Ojales Metalico  3/8"  Metalico ', 11, 'Bolsa x 500', 'Consumibles', 0),
	(1008, 'Ojales Metalico  1/2"  Metalico ', 11, 'Unidad', 'Consumibles', 0),
	(1009, 'Ojales Metalico Bolsa 1/2"  Metalico ', 11, 'Bolsa x 500', 'Consumibles', 0),
	(1010, 'Cordon Para Pendones Metro  1,2 mm  ', 11, 'Metro', 'Consumibles', 0),
	(1011, 'Cordon Para Pendones 500 Metros  1,2 mm  ', 11, 'Rollo', 'Consumibles', 0),
	(1012, 'Cordon Poli Para Pendones Metro 2 mm #3 Nylon ', 11, 'Metro', 'Consumibles', 0),
	(1013, 'Cordon Poli Para Pendones 500 Metros 2 mm #3 Nylon ', 11, 'Rollo', 'Consumibles', 0),
	(1014, 'Cordon TrensadoPoli Metro 5 mm  Nylon ', 11, 'Metro', 'Consumibles', 0),
	(1015, 'Manila Metro  #6  ', 11, 'Metro', 'Consumibles', 0),
	(1016, 'Manila 500 Metros  #6  ', 11, 'Rollo', 'Consumibles', 0),
	(1017, 'Amarres Negro  30 cm  Plastico ', 11, 'Paquete x 100', 'Consumibles', 0),
	(1018, 'Amarres Blanco  30 cm  Plastico ', 11, 'Paquete x 100', 'Consumibles', 0),
	(1019, 'Amarres Negro  15 cm  Plastico ', 11, 'Paquete x 100', 'Consumibles', 0),
	(1020, 'Amarres  Blanco  15 cm  Plastico ', 11, 'Paquete x 100', 'Consumibles', 0),
	(1021, 'Escuadra Fuerte Mueble ES-90 L 18 mm  Metalica ', 11, 'Unidad', 'Consumibles', 0),
	(1022, 'Escuadra Fuerte Mueble ES-96 L 30 mm  Metalica ', 11, 'Unidad', 'Consumibles', 0),
	(1023, 'Escuadra Fuerte Mueble ES-100 L 42 mm  Metalica ', 11, 'Unidad', 'Consumibles', 0),
	(1024, 'Guaya   3/16" Acero Galvanizado ', 11, 'Metro', 'Consumibles', 0),
	(1025, 'Alambre Galvanizado   1,5 mm Cal. 16 Acero Galvanizado ', 11, '1 Kilo', 'Consumibles', 0),
	(1026, 'Broca para Muro Fino   5/8" Tuxteno Diager France', 11, 'Unidad', 'Consumibles', 0),
	(1027, 'Broca para Muro Fino   1/2" Tuxteno Diager France', 11, 'Unidad', 'Consumibles', 0),
	(1028, 'Broca para Muro Fino   3/8" Tuxteno Diager France', 11, 'Unidad', 'Consumibles', 0),
	(1029, 'Broca para Muro Fino   1/4" Tuxteno Diager France', 11, 'Unidad', 'Consumibles', 0),
	(1030, 'Broca Para Lamina Fina   5/8" Acero Irwin', 11, 'Unidad', 'Consumibles', 0),
	(1031, 'Broca Para Lamina Fina   1/2" Acero Irwin', 11, 'Unidad', 'Consumibles', 0),
	(1032, 'Broca Para Lamina Fina   3/8" Acero Irwin', 11, 'Unidad', 'Consumibles', 0),
	(1033, 'Broca Para Lamina Fina   1/4" Acero Irwin', 11, 'Unidad', 'Consumibles', 0),
	(1034, 'Broca Para Lamina Fina   3/16" Acero Irwin', 11, 'Unidad', 'Consumibles', 0),
	(1035, 'Broca Para Lamina Fina   5/32" Acero Irwin', 11, 'Unidad', 'Consumibles', 0),
	(1036, 'Broca Para Lamina Fina   1/2" Acero Incolma ', 11, 'Unidad', 'Consumibles', 0),
	(1037, 'Disco de Corte Metal Tronzadora  14"   Dewalt', 11, 'Unidad', 'Consumibles', 0),
	(1038, 'Disco de Corte Metal Tronzadora  16" 3/32"*1"  Dewalt', 11, 'Unidad', 'Consumibles', 0),
	(1039, 'Disco de Corte Metal Tronzadora  16" 3/32"*1"  Dewalt', 11, 'Caja x 10', 'Consumibles', 0),
	(1040, 'Disco de Corte Metal  4,1/2" 1/16"  3M', 11, 'Unidad', 'Consumibles', 0),
	(1041, 'Disco de Pulir  4,1/2" 1/4"*7/8"  Dewalt', 11, 'Unidad', 'Consumibles', 0),
	(1042, 'Disco de Pulir  7" 1/4"*7/8"  Dewalt', 11, 'Unidad', 'Consumibles', 0),
	(1043, 'Disco de Pulir  7" 1/4"*7/8"  Dewalt', 11, 'Caja x 25', 'Consumibles', 0),
	(1044, 'Disco Flap  4,1/2"   Bosch', 11, 'Unidad', 'Consumibles', 0),
	(1045, 'Disco Flap  4,1/2"   Bosch', 11, 'Caja x 10', 'Consumibles', 0),
	(1046, 'Disco Flap  7"   Bosch', 11, 'Unidad', 'Consumibles', 0),
	(1047, 'Disco Flap  7"   Bosch', 11, 'Caja x 10', 'Consumibles', 0),
	(1048, 'Disco Flap   4"   ', 11, 'Unidad', 'Consumibles', 0),
	(1049, 'Discos de Grata Plano  6"   ', 11, 'Unidad', 'Consumibles', 0),
	(1050, 'Grata Copa  5"   ', 11, 'Unidad', 'Consumibles', 0),
	(1051, 'Disco de Desbaste  4" 2"  ', 11, 'Unidad', 'Consumibles', 0),
	(1052, 'Disco de Desbaste  7" 2"  ', 11, 'Unidad', 'Consumibles', 0),
	(1053, 'Lija  Hoja  # 120  Omega', 11, 'Pliego', 'Consumibles', 0),
	(1054, 'Lija Hoja  # 150  Omega', 11, 'Pliego', 'Consumibles', 0),
	(1055, 'Lija Hoja  # 180  Omega', 11, 'Pliego', 'Consumibles', 0),
	(1056, 'Lija Hoja  # 220  Omega', 11, 'Pliego', 'Consumibles', 0),
	(1057, 'Brocha  1/2"    ', 11, 'Unidad ', 'Consumibles', 0),
	(1058, 'Brocha  1"   ', 11, 'Unidad', 'Consumibles', 0),
	(1059, 'Brocha  1",1/2   ', 11, 'Unidad', 'Consumibles', 0),
	(1060, 'Brocha  2"   Profesional', 11, 'Unidad', 'Consumibles', 0),
	(1061, 'Brocha  2,1/2"   Profesional', 11, 'Unidad', 'Consumibles', 0),
	(1062, 'Brocha  3"   Profesional', 11, 'Unidad', 'Consumibles', 0),
	(1063, 'Brocha  3",1/2   ', 11, 'Unidad', 'Consumibles', 0),
	(1064, 'Brocha  4"   ', 11, 'Unidad', 'Consumibles', 0),
	(1065, 'Rodillo de Ovegero  4"   Jamaka', 11, 'Unidad', 'Consumibles', 0),
	(1066, 'Rodillo de Ovegero  9"   Jamaka', 11, 'Unidad', 'Consumibles', 0),
	(1067, 'Rodillo  9"   ', 11, 'Unidad', 'Consumibles', 0),
	(1068, 'Rodillo  6"   ', 11, 'Unidad', 'Consumibles', 0),
	(1069, 'Rodillo  3"   ', 11, 'Unidad', 'Consumibles', 0),
	(1070, 'Rodillo  2"   ', 11, 'Unidad', 'Consumibles', 0),
	(1071, 'Rodillo  1"   ', 11, 'Unidad', 'Consumibles', 0),
	(1072, 'Pincel  #1   ', 11, 'Unidad', 'Consumibles', 0),
	(1073, 'Pincel  #2   ', 11, 'Unidad', 'Consumibles', 0),
	(1074, 'Pincel  #3   ', 11, 'Unidad', 'Consumibles', 0),
	(1075, 'Pincel  #4   ', 11, 'Unidad', 'Consumibles', 0),
	(1076, 'Pincel  #7   ', 11, 'Unidad', 'Consumibles', 0),
	(1077, 'Pincel  #9   ', 11, 'Unidad', 'Consumibles', 0),
	(1078, 'Tipo Lapicero     ', 11, 'Unidad', 'Consumibles', 0),
	(1079, 'Remache Pop  1/2" 5/32" Aluminio ', 11, 'Caja x 500', 'Consumibles', 0),
	(1080, 'Bisturí Metálico     ', 11, 'Unidad', 'Consumibles', 0),
	(1081, 'Bisturí Metálico     ', 11, 'Docena', 'Consumibles', 0),
	(1082, 'Silicona Multiproposito Tubo 290 ml   Sikasil/Fix All', 11, 'Tubo', 'Consumibles', 0),
	(1083, 'Adhesivo Sellador Color Blanco  290 ml   Sika', 11, 'Tubo', 'Consumibles', 0),
	(1084, 'Sikadur Anchorfix-4 Adhesivo -  Tubo 600 ml  Epoxico Sika', 11, '2 Tubos', 'Consumibles', 0),
	(1085, 'Super Bonder  5 Gramos   Loctite', 11, 'Tarro', 'Consumibles', 0),
	(1086, 'Super Bonder  3 Gramos   ', 11, 'Tarro', 'Consumibles', 0),
	(1087, 'Silicona Caliente Barra    ', 11, 'Barra', 'Consumibles', 0),
	(1088, 'Soldadura Alambre 5 Kilos Mig 0,35  ', 11, 'Caja 5 KL', 'Consumibles', 0),
	(1089, 'Soldadura Alambre 15 Kilos Mig 0,35  ', 11, 'Caja 15 KL', 'Consumibles', 0),
	(1090, 'Soldadura 6013 20 Kilos 1/8"  ', 11, 'Caja 20 KL', 'Consumibles', 0),
	(1091, 'Soldadura 6010 5 Kilos 1/8"  ', 11, 'Caja 5 KL', 'Consumibles', 0),
	(1092, 'Soldadura Aluminio  7018 5 Kilos 1/8"  ', 11, 'Caja 5 KL', 'Consumibles', 0),
	(1093, 'Soldadura Aluminio      ', 11, 'Rollo', 'Consumibles', 0),
	(1094, 'Soldadura Acero  Barra  1/8"  ', 11, '1KL', 'Consumibles', 0),
	(1095, 'Cinta de Enmascarar  1/2"   Cintandina', 11, 'Rollo', 'Consumibles', 0),
	(1096, 'Cinta de Enmascarar  18 mm   Cintandina', 11, 'Rollo', 'Consumibles', 0),
	(1097, 'Cinta de Enmascarar  24 mm   Cintandina', 11, 'Rollo', 'Consumibles', 0),
	(1098, 'Cinta de Enmascarar Rollo  40 m 2"  Active Ferretera', 11, 'Rollo', 'Consumibles', 0),
	(1099, 'Cinta de Enmascarar  48 mm 45 micras  ', 11, 'Rollo ', 'Consumibles', 0),
	(1100, 'Cinta Doble Faz Espuma  Metro 22 mm   ', 11, 'Metro', 'Consumibles', 0),
	(1101, 'Cinta Doble Faz Espuma  x 25 Metros 23 mm   ', 11, 'Rollo ', 'Consumibles', 0),
	(1102, 'Cinta Doble Faz Espuma Resistencia Media     ', 11, 'Rollo ', 'Consumibles', 0),
	(1103, 'Cinta Doble Faz Roja Metro 12 mm   ', 11, 'Metro', 'Consumibles', 0),
	(1104, 'Cinta Doble Faz Roja x 30 Metros 12 mm  Poliester Premium', 11, 'Rollo', 'Consumibles', 0),
	(1105, 'Vinipel   12.5 cm   ', 11, 'Rollo 450M', 'Consumibles', 0),
	(1106, 'Vinipel   15 cm   ', 11, 'Rollo 450M', 'Consumibles', 0),
	(1107, 'Vinipel   30 cm   ', 11, 'Rollo 450M', 'Consumibles', 0),
	(1108, 'Vinipel   45 cm   ', 11, 'Rollo 450M', 'Consumibles', 0),
	(1109, 'Vinipel   50 cm    ', 11, 'Rollo 450M', 'Consumibles', 0),
	(1110, 'Cinta Transparente      ', 11, 'Rollo 45 Micras ', 'Consumibles', 0),
	(1111, 'Burbuja   1.50cm   ', 11, 'Rollo 50M', 'Consumibles', 0),
	(1112, 'Carton Corrugado   1.30cm   ', 11, 'Kilo ', 'Consumibles', 0),
	(1113, 'Cinta Amarilla Reflectivo 45.70 m 5 cm Adhesivo Sheeting', 11, 'Rollo 45,7 m', 'Consumibles', 0),
	(1114, 'Cinta Blanca Reflectivo 45.70 m 5 cm Adhesivo ', 11, 'Rollo 45,7 m', 'Consumibles', 0),
	(1115, 'Cinta  Amarilla Reflectivo 45.70 m 10 cm Adhesivo Sheeting', 11, 'Rollo 45,7 m', 'Consumibles', 0),
	(1116, 'Cinta Bicolor Americana 45.70 m 5 cm Adhesivo Conspicuity', 11, 'Rollo 45,7 m', 'Consumibles', 0),
	(1117, 'Cinta Amarilla Limon Reflectivo 45.70 m 5 cm Adhesivo Sheeting', 11, 'Rollo 45,7 m', 'Consumibles', 0),
	(1118, 'Cinta Roja  45.70 m 5 cm Adhesivo ', 11, 'Rollo 45,7 m', 'Consumibles', 0),
	(1119, 'Cinta Roja  45.70 m 5 cm Adhesivo ', 11, 'Rollo 45,7 m', 'Consumibles', 0),
	(1120, 'Cinta Roja Americana 45.70 m 5 cm Adhesivo Sheeting', 11, 'Rollo 45,7 m', 'Consumibles', 0),
	(1121, 'Cinta Antideslizante   10 m 5 cm Adhesivo ', 11, 'Rollo 10 m', 'Consumibles', 0),
	(1122, 'Cinta Antideslizante   30 m 15 cm Adhesivo ', 11, 'Rollo 30 m', 'Consumibles', 0),
	(1123, 'Cinta Antideslizante Foluminiscente   10 m 5 cm Adhesivo ', 11, 'Rollo 10 m', 'Consumibles', 0),
	(1124, 'Cinta Termica  30 m 0,5 cm Adhesivo ', 11, 'Rollo 30 m', 'Consumibles', 0),
	(1125, 'Cinta Termica  30 m 1 cm Adhesivo ', 11, 'Rollo 30 m', 'Consumibles', 0),
	(1126, 'Caja de Empaque    Carton ', 11, 'Unidad', 'Consumibles', 0),
	(1127, 'Velcro Adhesivo   1"  Adhesivo ', 11, 'Rollo 25 m', 'Consumibles', 0),
	(1128, 'Velcro Textil Rollo  1"   ', 11, 'Rollo 25 m', 'Consumibles', 0),
	(1129, 'Aceite 3 en 1 Liquido 30 ml   ', 11, 'Tarro', 'Consumibles', 0),
	(1130, 'Pegante PL  Liquido 2 Litros   Adhesivo ', 11, 'Unidad ', 'Consumibles', 0),
	(1131, 'Pegante PL  Liquido 3 Litros   Adhesivo ', 11, 'Unidad ', 'Consumibles', 0),
	(1132, 'Pegante PL  Liquido 5 Litros   Adhesivo ', 11, 'Unidad ', 'Consumibles', 0),
	(1133, 'Maxon Liquido 4.5 Galones  Adhesivo ', 11, 'Caneca', 'Consumibles', 0),
	(1134, 'Pegante Carpincol Liquido 1 Galon  Adhesivo ', 11, 'Tarro', 'Consumibles', 0),
	(1135, 'Pegante Carpincol Liquido 20 Kilos  Adhesivo ', 11, 'Caneca', 'Consumibles', 0),
	(1136, 'Pegante Epoxico Liquido 1,66 Kilos  Adhesivo Pintuco', 11, '1/4 Galon', 'Consumibles', 0),
	(1137, 'Sellador de Bordes Liquido 500 ml  Adhesivo Avery', 11, 'Tarro', 'Consumibles', 0),
	(1138, 'Recarga Tanque Mescla     ', 11, 'Unidad', 'Consumibles', 0),
	(1139, 'Recarga Tanque de Oxigeno Industrial    ', 11, 'Unidad', 'Consumibles', 0),
	(1140, 'Recarga Tanque de Gas Propano 100 Lb   ', 11, 'Unidad', 'Consumibles', 0),
	(1141, 'Recarga Tanque de Gas  40 Libras   ', 11, 'Unidad', 'Consumibles', 0),
	(1142, 'Bolsas Transparente  30*45 cm   ', 11, 'Paquete x 100', 'Consumibles', 0),
	(1143, 'Extensión Flexible Para Puntas 8"     Makita', 11, 'Unidad', 'Consumibles', 0),
	(1144, 'Punta Destornillador 2"     Stanley', 11, 'Unidad', 'Consumibles', 0),
	(1145, 'Regla 30 cm     ', 11, 'Unidad', 'Consumibles', 0),
	(1146, 'Caja de Repuestos Runji - Hoja de Bisturi     ', 11, 'Caja x 20', 'Consumibles', 0),
	(1147, 'Riel  3 Metros   Plastico  ', 11, 'Tira', 'Consumibles', 0),
	(1148, 'Bisagra  4.5 Cm   Acrilico  ', 11, 'Unidad ', 'Consumibles', 0),
	(1149, 'Bisagra   3.3 Cm   Acrilico  ', 11, 'Unidad ', 'Consumibles', 0),
	(1150, 'Bisagra   2.5 Cm   Acrilico  ', 11, 'Unidad ', 'Consumibles', 0),
	(1151, 'Chapa   Unica    ', 11, 'Unidad  ', 'Consumibles', 0),
	(1152, 'Toner Generica Samsung MLT-D101S     ', 11, 'Unidad', 'Consumibles', 0),
	(1153, 'Tinta Galaxy Original Liquida  Litro   Galaxy', 11, 'Unidad', 'Consumibles', 0),
	(1154, 'Tinta Galaxy Generica  Liquida  Litro   Galaxy', 11, 'Unidad', 'Consumibles', 0),
	(1155, 'Solvente  Liquida  Litro   Solvente ', 11, 'Unidad', 'Consumibles', 0),
	(1156, 'Cuchillas para Plotter de corte     ', 11, 'x 5 Unidades ', 'Consumibles', 0),
	(1157, 'Banda de Teflón de 38,5cm FR-770  38,5 cm  Teflon  ', 11, 'Unidad', 'Consumibles', 0),
	(1158, 'Resistencia de 20 cm y Tira de teflon 20 cm  20 cm  Teflon  ', 11, 'Unidad', 'Consumibles', 0),
	(1159, 'Cinta Teflon   20 Cm   Teflon  ', 11, 'Unidad', 'Consumibles', 0),
	(1160, 'Silvatrim Color 3 Metros 4 mm Plastico ', 11, 'Unidad', 'Consumibles', 0),
	(1161, 'Silvatrim Transparente 3 Metros 4 mm Policarbonato ', 11, 'Unidad', 'Consumibles', 0),
	(1162, 'Canal U Color 3 Metros 9 mm Plastico ', 11, 'Unidad', 'Consumibles', 0),
	(1163, 'Regleta Para Señalizacion Color 3 Metros 1" Plastico ', 11, 'Unidad', 'Consumibles', 0),
	(1164, 'Regleta Para Señalizacion Transparente 3 Metros 1" Policarbonato ', 11, 'Unidad', 'Consumibles', 0),
	(1165, 'Empaque Multiusos Tipo U   Goma ', 11, 'Metro', 'Consumibles', 0),
	(1166, 'Cable Duplex Certificado Rollo  2*18  Centelsa', 12, 'Rollo x 100 m', 'Consumibles', 0),
	(1167, 'Cable Duplex Certificado Metro  2*18  ', 12, 'Metro', 'Consumibles', 0),
	(1168, 'Cable Duplex Certificado Rollo  2*16  Centelsa', 12, 'Rollo x 100 m', 'Consumibles', 0),
	(1169, 'Cable Duplex Certificado Metro  2*16  ', 12, 'Metro', 'Consumibles', 0),
	(1170, 'Cable Duplex Certificado Rollo  2*14  Centelsa', 12, 'Rollo x 100 m', 'Consumibles', 0),
	(1171, 'Cable Duplex Certificado Metro  2*14  ', 12, 'Metro', 'Consumibles', 0),
	(1172, 'Cable Duplex Certificado Rollo  2*12  Centelsa', 12, 'Rollo x 100 m', 'Consumibles', 0),
	(1173, 'Cable Duplex Certificado Metro  2*12  ', 12, 'Metro', 'Consumibles', 0),
	(1174, 'Cable Duplex Certificado Rollo  2*10  Centelsa', 12, 'Rollo x 100 m', 'Consumibles', 0),
	(1175, 'Cable Duplex Certificado Metro  2*10  ', 12, 'Metro', 'Consumibles', 0),
	(1176, 'Cable Oxigenado Metro  2*20 Transparente ', 12, 'Metro', 'Consumibles', 0),
	(1177, 'Cable Oxigenado Rollo  2*18 Transparente ', 12, 'Rollo x 100 m', 'Consumibles', 0),
	(1178, 'Cable Oxigenado Rollo  2*16 Transparente ', 12, 'Rollo x 100 m', 'Consumibles', 0),
	(1179, 'Alambre Timbre Rollo  2*22  ', 12, 'Rollo x 100 m', 'Consumibles', 0),
	(1180, 'Cable Polarizado Metro  2*20  ', 12, 'Metro', 'Consumibles', 0),
	(1181, 'Cable Polarizado Metro  2*16  ', 12, 'Metro', 'Consumibles', 0),
	(1182, 'Cable Triplex Encauchetado Metro  3*16  ', 12, 'Metro', 'Consumibles', 0),
	(1183, 'Cable Triplex Encauchetado Metro  3*14  ', 12, 'Metro', 'Consumibles', 0),
	(1184, 'Cable Triplex Encauchetado Metro  3*12  ', 12, 'Metro', 'Consumibles', 0),
	(1185, 'Cable Triplex Encauchetado Metro  3*10  ', 12, 'Metro', 'Consumibles', 0),
	(1186, 'Cable Duplex Encauchetado Metro  2*14  ', 12, 'Metro', 'Consumibles', 0),
	(1187, 'Cable Duplex Encauchetado Metro  2*12  ', 12, 'Metro', 'Consumibles', 0),
	(1188, 'Alambre Electrico Metro  #10  ', 12, 'Metro', 'Consumibles', 0),
	(1189, 'Alambre Electrico Metro  #12  ', 12, 'Metro', 'Consumibles', 0),
	(1190, 'Clavija Tipo Industrial    Caucho Codelca', 12, 'Unidad', 'Materia Prima', 0),
	(1191, 'Clavija Aérea de 15 Amp Polo Tierra   Caucho Codelca', 12, 'Unidad', 'Materia Prima', 0),
	(1192, 'Toma Aérea Monofásica de 10 Amp    Caucho Codelca', 12, 'Unidad', 'Materia Prima', 0),
	(1193, 'Clavija Economica Hembra y Macho      ', 12, 'Unidad ', 'Materia Prima', 0),
	(1194, 'Socket T8 Rotor Sin Prepuentear 4 Huecos    ', 12, 'Unidad ', 'Materia Prima', 0),
	(1195, 'Socket T8 Rotor Prepuentear 2 Huecos    ', 12, 'Unidad ', 'Materia Prima', 0),
	(1196, 'Socket T8 Antivibracion    ', 12, 'Unidad ', 'Materia Prima', 0),
	(1197, 'Tapa Ciega Para Toma     Plastica  ', 12, 'Unidad ', 'Materia Prima', 0),
	(1198, 'Tubo Led 8W Conectores en los Extremos 120 cm   ', 12, 'Unidad', 'Materia Prima', 0),
	(1199, 'Tubo Led 8W Un Conector 120 cm   ', 12, 'Unidad', 'Materia Prima', 0),
	(1200, 'Tubo Led 8W Conectores en los Extremos 90 cm   ', 12, 'Unidad ', 'Materia Prima', 0),
	(1201, 'Tubo Led 8W Conectores en los Extremos 60 cm   ', 12, 'Unidad ', 'Materia Prima', 0),
	(1202, 'Tubo Led 8W Un Conector 60 cm   ', 12, 'Unidad ', 'Materia Prima', 0),
	(1203, 'Tubo led 17.5W  120 cm   ', 12, 'Unidad ', 'Materia Prima', 0),
	(1204, 'Bombillo Led Luz Blanca  7 W  ', 12, 'Unidad ', 'Materia Prima', 0),
	(1205, 'Bombillo Led Luz Blanca  15 W  ', 12, 'Unidad ', 'Materia Prima', 0),
	(1206, 'Balas Led Luz Blanca 14,8 cm 15 W  ', 12, 'Unidad ', 'Materia Prima', 0),
	(1207, 'Balas Led Luz Calida 15 cm 18 W  ', 12, 'Unidad ', 'Materia Prima', 0),
	(1208, 'Porta Bombillo      ', 12, 'Unidad ', 'Materia Prima', 0),
	(1209, 'Roseta Plastica     Policarbonato ', 12, 'Unidad ', 'Materia Prima', 0),
	(1210, 'Canastilla Bombillo     ', 12, 'Unidad ', 'Materia Prima', 0),
	(1211, 'Modulo Led 4 Ojos Lupa    ', 12, 'Unidad ', 'Materia Prima', 0),
	(1212, 'Modulo Led 3 Ojos Lupa    ', 12, 'Unidad ', 'Materia Prima', 0),
	(1213, 'Modulo Led 2 Ojos Lupa    ', 12, 'Unidad ', 'Materia Prima', 0),
	(1214, 'Cinta LED Baja Intensidad 110 V 1 m   ', 12, 'Metro', 'Materia Prima', 0),
	(1215, 'Cinta LED Alta Intensidad 110 V 1 m   ', 12, 'Metro', 'Materia Prima', 0),
	(1216, 'Cinta LED Alta Intensidad 110 V 10 m   ', 12, 'Rollo x 10 m', 'Materia Prima', 0),
	(1217, 'Cinta Neon Flex  Metro 5mm  ', 12, 'Metro', 'Materia Prima', 0),
	(1218, 'Cinta Neon Flex Rollo  5mm  ', 12, '5 Metros', 'Materia Prima', 0),
	(1219, 'Reflector Proyector LED LED 100W    ', 12, 'Unidad ', 'Materia Prima', 0),
	(1220, 'Reflector Proyector LED LED 150W    ', 12, 'Unidad ', 'Materia Prima', 0),
	(1221, 'Reflector Proyector LED LED 200W    ', 12, 'Unidad ', 'Materia Prima', 0),
	(1222, 'Reflector Proyector LED LED 300W    ', 12, 'Unidad ', 'Materia Prima', 0),
	(1223, 'Reflector con Panel Solar LED 100W    ', 12, 'Unidad ', 'Materia Prima', 0),
	(1224, 'Reflector con Panel Solar LED 200W    ', 12, 'Unidad ', 'Materia Prima', 0),
	(1225, 'Reflector con Panel Solar LED 300W    ', 12, 'Unidad ', 'Materia Prima', 0),
	(1226, 'Reflector con Panel Solar LED 400W    ', 12, 'Unidad ', 'Materia Prima', 0),
	(1227, 'Fuente Led 5 Amp   Plastica  ', 12, 'Unidad ', 'Materia Prima', 0),
	(1228, 'Fuente Led 5 Amp   Metalico ', 12, 'Unidad ', 'Materia Prima', 0),
	(1229, 'Fuente Led 15 Amp   Metalico ', 12, 'Unidad ', 'Materia Prima', 0),
	(1230, 'Fuente Led 20 Amp   Metalico ', 12, 'Unidad ', 'Materia Prima', 0),
	(1231, 'Fuente Led 28 Amp   Metalico ', 12, 'Unidad ', 'Materia Prima', 0),
	(1232, 'Fuente Led 30 Amp   Metalico ', 12, 'Unidad ', 'Materia Prima', 0),
	(1233, 'Fuente Led 33 Amp   Metalico ', 12, 'Unidad ', 'Materia Prima', 0),
	(1234, 'Fuente Led 40 Amp   Metalico ', 12, 'Unidad ', 'Materia Prima', 0),
	(1235, 'Fuente Led 50 Amp   Metalico ', 12, 'Unidad ', 'Materia Prima', 0),
	(1236, 'Fuente de Poder para CPU    ', 12, 'Unidad ', 'Materia Prima', 0),
	(1237, 'Punta Cautin      ', 12, 'Unidad ', 'Materia Prima', 0),
	(1238, 'Temporizador Digital      ', 12, 'Unidad', 'Materia Prima', 0),
	(1239, 'Foto Celda Con Base    ', 12, 'Unidad', 'Materia Prima', 0),
	(1240, 'Canaleta para Cable Rectangular 20x10  Plástica ', 12, '2 metros', 'Materia Prima', 0),
	(1241, 'Tubo PVC Redondo 1"   ', 12, '3 metros', 'Materia Prima', 0),
	(1242, 'Tubo Redondo Recubrimiento 1"  Galvanizado ', 12, '3 metros', 'Materia Prima', 0),
	(1243, 'Uniones Para Tubo Recubrimiento 1"  Galvanizado ', 12, 'Unidad', 'Materia Prima', 0),
	(1244, 'Codo Para Tubo Recubrimiento 1"  Galvanizado ', 12, 'Unidad', 'Materia Prima', 0),
	(1245, 'Terminales EMT 3/4"   ', 12, 'Unidad', 'Materia Prima', 0),
	(1246, 'Interruptor Automático Enchufable  20A  ', 12, 'Unidad', 'Materia Prima', 0),
	(1247, 'Caja Rawelt 5800 3 Salidas 1"   ', 12, 'Unidad', 'Materia Prima', 0),
	(1248, 'Motor para inflable T2 12V    ', 12, 'Unidad', 'Materia Prima', 0),
	(1249, 'Motor para inflable T3    ', 12, 'Unidad', 'Materia Prima', 0),
	(1250, 'Motor para inflable T4    ', 12, 'Unidad', 'Materia Prima', 0),
	(1251, 'Motor para inflable T6 Interno    ', 12, 'Unidad', 'Materia Prima', 0),
	(1252, 'Motor para inflable T6 Externo    ', 12, 'Unidad', 'Materia Prima', 0),
	(1253, 'Motor para inflable T7    ', 12, 'Unidad', 'Materia Prima', 0),
	(1254, 'Motor para inflable T8 Interno    ', 12, 'Unidad', 'Materia Prima', 0),
	(1255, 'Motor para inflable T8 Externo    ', 12, 'Unidad', 'Materia Prima', 0),
	(1256, 'Motor para inflable T10 (1HP)    ', 12, 'Unidad', 'Materia Prima', 0),
	(1257, 'Motor para inflable T12 (1.5HP)    ', 12, 'Unidad', 'Materia Prima', 0),
	(1258, 'Motor Sky Cilindro 38 cm  Metalico ', 12, 'Unidad', 'Materia Prima', 0),
	(1259, 'Guantes Largo con Refuerzo M  Vaqueta  ', 13, 'Unidad', 'Consumibles', 0),
	(1260, 'Guantes   8-9  Nitrilo ', 13, 'Unidad', 'Consumibles', 0),
	(1261, 'Guantes    Poliuretano ', 13, 'Unidad', 'Consumibles', 0),
	(1262, 'Monogafas Transparentes o Negras     Plastico ', 13, 'Unidad', 'Consumibles', 0),
	(1263, 'Vidrio Careta Soldador     Vidrio  ', 13, 'Unidad', 'Consumibles', 0),
	(1264, 'Careta de Esmerilar     Plastico ', 13, 'Unidad', 'Consumibles', 0),
	(1265, 'Tapaoidos Tapón Anillos   Plastico ', 13, 'Unidad', 'Consumibles', 0),
	(1266, 'Tapaoidos Tapón Anillos   Plastico ', 13, 'Caja x 100', 'Consumibles', 0),
	(1267, 'Tapaoidos Copa    ', 13, 'Unidad', 'Consumibles', 0),
	(1268, 'Mascarilla Con Filtro     ', 13, 'Unidad', 'Materia Prima', 0),
	(1269, 'Filtro Mascarilla      ', 13, 'Unidad', 'Consumibles', 0),
	(1270, 'Chaqueta Jean      ', 13, 'Unidad', 'Materia Prima', 0),
	(1271, 'Bota de Seguridad      Indiana', 13, 'Unidad', 'Materia Prima', 0),
	(1272, 'Bota de Seguridad  Talla 44    Kondor', 13, 'Unidad', 'Materia Prima', 0),
	(1273, 'Brazalete Brigadista Transparente     ', 13, 'Unidad', 'Materia Prima', 0),
	(1274, 'Chapa Guantera    ', 13, 'Unidad', 'Materia Prima', 0),
	(1275, 'Chapa Buzon Acrilico    ', 13, 'Unidad', 'Materia Prima', 0),
	(1276, 'Chapa Cerradura Sobreponer   Hierro Inafer', 13, 'Unidad', 'Materia Prima', 0),
	(1277, 'Chapa Pomo 587 Cilindrico   Acero Mobile', 13, 'Unidad', 'Materia Prima', 0),
	(1278, 'Cerradura Palanca Jupiter Cilindrico   Acero - Aluminio Schlage', 13, 'Unidad', 'Materia Prima', 0),
	(1279, 'Cerrojo 170 Multipunto    Yale', 13, 'Unidad', 'Materia Prima', 0),
	(1280, 'Bisagras Amarilla   1,1/2"  ', 13, 'Unidad', 'Materia Prima', 0),
	(1281, 'Bisagras Amarilla   2"  ', 13, 'Unidad', 'Materia Prima', 0),
	(1282, 'Bisagras Omega 3"  Zincada ', 13, 'Unidad', 'Materia Prima', 0),
	(1283, 'Soporte Serrucho para Cuadro      ', 13, 'Unidad', 'Materia Prima', 0),
	(1284, 'Avellanador con Punta    8  ', 13, 'Unidad', 'Materia Prima', 0),
	(1285, 'Lijadora de palma 1/4"     ', 13, 'Unidad', 'Materia Prima', 0),
	(1286, 'Prensa Sargento 60"     ', 13, 'Unidad', 'Materia Prima', 0),
	(1287, 'Extensión Flexible Para Puntas   8"  ', 13, 'Unidad', 'Materia Prima', 0),
	(1288, 'Punta Destornillador   2"  ', 13, 'Unidad', 'Consumibles', 0),
	(1289, 'Llana Lisa Mango Madera  28*12 cm  Acero inoxidable ', 13, 'Unidad', 'Materia Prima', 0),
	(1290, 'Balde Negro Construccion  8 Litros  Plastico ', 13, 'Unidad', 'Materia Prima', 0),
	(1291, 'Chumasera Flanche Cuadrado 1"   ', 13, 'Unidad', 'Materia Prima', 0),
	(1292, 'Concreto Mescla Convencional M3 210 Kl/cm2 Cemento Cemex', 13, 'M3', 'Materia Prima', 0),
	(1293, 'Cemento   Bulto   Argos ', 13, 'Bulto ', 'Materia Prima', 0),
	(1294, 'Cemento   Medio   ', 13, '1/2 Bulto ', 'Materia Prima', 0),
	(1295, 'Mixto    Arena - Gravilla ', 13, 'Lona', 'Materia Prima', 0),
	(1296, 'Arena Rio    ', 13, 'M3', 'Materia Prima', 0),
	(1297, 'Arena Rio    ', 13, 'Lona', 'Materia Prima', 0),
	(1298, 'Gravilla Fina     ', 13, 'M3', 'Materia Prima', 0),
	(1299, 'Arena Pozo    ', 13, 'Lona', 'Materia Prima', 0),
	(1300, 'Arena Peña    ', 13, 'Lona', 'Materia Prima', 0),
	(1301, 'Tierra Negra Abonada    ', 13, 'Volqueta', 'Materia Prima', 0),
	(1302, 'Tierra Negra Abonada 18 Kilos   ', 13, 'Bulto ', 'Materia Prima', 0),
	(1303, 'Cesped  Natural 5 a 10   Varidad Kikuyo', 13, 'M2', 'Materia Prima', 0),
	(1304, 'Cesped  Natural 10 a 30   Varidad Kikuyo', 13, 'M2', 'Materia Prima', 0),
	(1305, 'Cesped  Natural Mas de 30   Varidad Kikuyo', 13, 'M2', 'Materia Prima', 0),
	(1306, 'Polisombra Verde 50 Metros  210 cm 55g  ', 13, 'Rollo', 'Materia Prima', 0),
	(1307, 'Tela Mixta Peligro y Multisombra  2 m   ', 13, 'Metro', 'Materia Prima', 0),
	(1308, 'Polisombra con Demarcacion Peligro  1 m   ', 13, 'Metro', 'Materia Prima', 0),
	(1309, 'Estopa     ', 13, '500 Gr', 'Consumibles', 0),
	(1310, 'Estopa Economica    ', 13, 'Kilo', 'Consumibles', 0),
	(1311, 'Estopa     ', 13, 'Kilo', 'Consumibles', 0),
	(1312, 'Timbre Inalambrico      ', 13, 'Unidad ', 'Materia Prima', 0),
	(1313, 'Tapon de Tubo Interno 1,1/2"  Plastico ', 13, 'Unidad ', 'Materia Prima', 0),
	(1314, 'Tapon de Tubo Interno 2"  Plastico ', 13, 'Unidad ', 'Materia Prima', 0),
	(1315, 'Rodachina Colgante Metalica  Cuatro Ruedas    ', 13, 'Unidad ', 'Materia Prima', 0),
	(1316, 'Rodachina Plataforma Industrial  2"   ', 13, 'Unidad ', 'Materia Prima', 0),
	(1317, 'Rodachina Plataforma Industrial con Freno 2"   ', 13, 'Unidad ', 'Materia Prima', 0),
	(1318, 'Rodachina Plataforma Industrial  4"   ', 13, 'Unidad ', 'Materia Prima', 0),
	(1319, 'Rodachina Plataforma Industrial con Freno 4"   ', 13, 'Unidad ', 'Materia Prima', 0),
	(1320, 'Alambre de Puas Lote 400 Metros Cal. 16  Caballo', 13, 'Rollo', 'Materia Prima', 0),
	(1321, 'Alambre de Puas Lote 500 Metros Cal. 15  Caballo', 13, 'Rollo', 'Materia Prima', 0),
	(1322, 'Alambre de Puas Ganado 500 Metros Cal. 14  Caballo', 13, 'Rollo', 'Materia Prima', 0),
	(1323, 'Alambre de Puas Ganado 400 Metros Cal. 12, 1/2  Caballo', 13, 'Rollo', 'Materia Prima', 0),
	(1324, 'Concertina Doble Filo Rollo 6 Metros 18" Acero Inoxidable Ferrol', 13, 'Rollo', 'Materia Prima', 0),
	(1325, 'Zuncho   1/2" Metalico ', 13, 'Metro', 'Materia Prima', 0),
	(1326, 'Cinta Bandit   1/2" Acero inoxidable ', 13, 'Metro ', 'Materia Prima', 0),
	(1327, 'Hebilla Bandit    1/2" Acero inoxidable ', 13, 'Unidad ', 'Materia Prima', 0),
	(1328, 'Cinta Zuncho Rollo 30 Metros 1/2" Acero inoxidable ', 13, 'Rollo', 'Materia Prima', 0),
	(1329, 'Hebilla Cinta Bandit Bolsa 100 Unidades 1/2" Acero inoxidable ', 13, 'Paquete', 'Materia Prima', 0),
	(1330, 'Guaya Acero  Metro 1/16" Galvanizado ', 13, 'Metro', 'Materia Prima', 0),
	(1331, 'Guaya Acero  Metro 1/8" Galvanizado ', 13, 'Metro', 'Materia Prima', 0),
	(1332, 'Guaya Acero  Metro 3/16" Galvanizado ', 13, 'Metro', 'Materia Prima', 0),
	(1333, 'Guaya Acero  Metro 5/16" Galvanizado ', 13, 'Metro', 'Materia Prima', 0),
	(1334, 'Guaya Acero  Metro 3/8" Galvanizado ', 13, 'Metro', 'Materia Prima', 0),
	(1335, 'Perro para Guaya  3/16"  Galvanizado ', 13, 'Unidad ', 'Materia Prima', 0),
	(1336, 'Perro para Guaya  5/16"  Galvanizado ', 13, 'Unidad ', 'Materia Prima', 0),
	(1337, 'Polea Sencilla 1"  Niquel ', 13, 'Unidad ', 'Materia Prima', 0),
	(1338, 'Polea Doble 1"  Niquel ', 13, 'Unidad ', 'Materia Prima', 0),
	(1339, 'Papel PropalCote  100*70 cm 115g  ', 14, 'Pliego', 'Materia Prima', 0),
	(1340, 'Papel PropalCote  90*60 cm 115g  ', 14, 'Pliego', 'Materia Prima', 0),
	(1341, 'Papel PropalCote  100*70 cm 150g  ', 14, 'Pliego', 'Materia Prima', 0),
	(1342, 'Papel PropalCote  90*60 cm 150g  ', 14, 'Pliego', 'Materia Prima', 0),
	(1343, 'Papel PropalCote  100*70 cm 200g  ', 14, 'Pliego', 'Materia Prima', 0),
	(1344, 'Papel PropalCote  90*60 cm 200g  ', 14, 'Pliego', 'Materia Prima', 0),
	(1345, 'Papel PropalCote  100*70 cm 240g  ', 14, 'Pliego', 'Materia Prima', 0),
	(1346, 'Papel PropalCote  100*70 cm 250g  ', 14, 'Pliego', 'Materia Prima', 0),
	(1347, 'Papel PropalCote  90*60 cm 250g  ', 14, 'Pliego', 'Materia Prima', 0),
	(1348, 'Papel PropalCote  100*70 cm 300g  ', 14, 'Pliego', 'Materia Prima', 0),
	(1349, 'Papel PropalMate  100*70 cm 150g  ', 14, 'Pliego', 'Materia Prima', 0),
	(1350, 'Papel PropalMate  100*70 cm 200g  ', 14, 'Pliego', 'Materia Prima', 0),
	(1351, 'Papel PropalMate  100*70 cm 250g  ', 14, 'Pliego', 'Materia Prima', 0),
	(1352, 'Papel PropalMate  90*60 cm 250g  ', 14, 'Pliego', 'Materia Prima', 0),
	(1353, 'Papel PropalMate  100*70 cm 300g  ', 14, 'Pliego', 'Materia Prima', 0),
	(1354, 'Papel PropalMate  90*60 cm 300g  ', 14, 'Pliego', 'Materia Prima', 0),
	(1355, 'Papel PropalMate  100*70 cm 320g  ', 14, 'Pliego', 'Materia Prima', 0),
	(1356, 'Papel Bond  90*60 cm 90g  ', 14, 'Pliego', 'Materia Prima', 0),
	(1357, 'Papel Bond  100*70 cm 60g  ', 14, 'Pliego', 'Materia Prima', 0),
	(1358, 'Papel Bond  100*70 cm 75g  ', 14, 'Pliego', 'Materia Prima', 0),
	(1359, 'Papel Bond Alta Blancura  100*70 cm 75g  ', 14, 'Pliego', 'Materia Prima', 0),
	(1360, 'Papel Bond  100*70 cm 90g  ', 14, 'Pliego', 'Materia Prima', 0),
	(1361, 'Papel Bond  100*70 cm 115g  ', 14, 'Pliego', 'Materia Prima', 0),
	(1362, 'Resma de Papel Carta 21,5*28 cm 75g Bond ', 14, 'Resma', 'Materia Prima', 0),
	(1363, 'Resma de Papel Carta 21,5*28 cm 75g Bond ', 14, 'Caja', 'Materia Prima', 0),
	(1364, 'Resma de Papel Oficio 22*34 cm 75g Bond ', 14, 'Resma', 'Materia Prima', 0),
	(1365, 'Resma de Papel Oficio 22*34 cm 75g Bond ', 14, 'Caja', 'Materia Prima', 0),
	(1366, 'Papel Quimico Original 100*70 cm   ', 14, 'Pliego', 'Materia Prima', 0),
	(1367, 'Papel Quimico Intermedio 100*70 cm   ', 14, 'Pliego', 'Materia Prima', 0),
	(1368, 'Papel Quimico Final 100*70 cm   ', 14, 'Pliego', 'Materia Prima', 0),
	(1369, 'Cartulina Maule  100*70 cm Cal. 12  ', 14, 'Pliego', 'Materia Prima', 0),
	(1370, 'Cartulina Maule  100*70 cm Cal. 14  ', 14, 'Pliego', 'Materia Prima', 0),
	(1371, 'Cartulina Maule  100*70 cm Cal. 16  ', 14, 'Pliego', 'Materia Prima', 0),
	(1372, 'Cartulina Maule  100*70 cm Cal. 18  ', 14, 'Pliego', 'Materia Prima', 0),
	(1373, 'Cartulina Maule  90*60 cm Cal. 18  ', 14, 'Pliego', 'Materia Prima', 0),
	(1374, 'Cartulina Maule  100*70 cm Cal. 20  ', 14, 'Pliego', 'Materia Prima', 0),
	(1375, 'Cartulina Maule  100*70 cm Cal. 22  ', 14, 'Pliego', 'Materia Prima', 0),
	(1376, 'Papel Ecologico   100*70 cm 70g  ', 14, 'Pliego ', 'Materia Prima', 0),
	(1377, 'Papel Ecologico   100*70 cm 90g  ', 14, 'Pliego ', 'Materia Prima', 0),
	(1378, 'Papel Ecologico   100*70 cm 150g  ', 14, 'Pliego ', 'Materia Prima', 0),
	(1379, 'Papel Ecologico   100*70 cm 200g  ', 14, 'Pliego ', 'Materia Prima', 0),
	(1380, 'Papel Ecologico   100*70 cm 263g  ', 14, 'Pliego ', 'Materia Prima', 0),
	(1381, 'Papel Periodico  100*70 cm 45g  ', 14, 'Pliego ', 'Materia Prima', 0),
	(1382, 'Adhesivo Corriente P3 100*70 cm   ', 14, 'Pliego', 'Materia Prima', 0),
	(1383, 'Adhesivo de Seguridad SH 100*70 cm   Arclad', 14, 'Pliego', 'Materia Prima', 0),
	(1384, 'Adhesivo de Seguridad P4 100*70 cm   ', 14, 'Pliego', 'Materia Prima', 0),
	(1385, 'Adhesivo Cascara de Huevo  100*70 cm   ', 14, 'Pliego', 'Materia Prima', 0),
	(1386, 'Adhesivo Vinilo Blanco  100*70 cm   Arclad', 14, 'Pliego', 'Materia Prima', 0),
	(1387, 'Adhesivo Vinilo Transparente  100*70 cm   Arclad', 14, 'Pliego', 'Materia Prima', 0),
	(1388, 'Papel Mantequilla  100*70 cm 41 grm  ', 14, 'Pliego', 'Materia Prima', 0),
	(1389, 'Rives bright White de 250gr  100*70 cm 250 gr  ', 14, 'Pliego', 'Materia Prima', 0),
	(1390, 'Carton Prensado  100*70 cm 1.5mm  ', 14, 'Pliego', 'Materia Prima', 0),
	(1391, 'Carton Prensado  100*70 cm 2.0mm  ', 14, 'Pliego', 'Materia Prima', 0),
	(1392, 'Sobres x 100 Und  24*14 cm 75g  ', 14, 'Paquete', 'Materia Prima', 0),
	(1393, 'Sobres x 100 Und Media Carta 21*14 cm 75g  ', 14, 'Paquete', 'Materia Prima', 0),
	(1394, 'Sobres x 100 Und Media Carta 21*14 cm 90g  ', 14, 'Paquete', 'Materia Prima', 0),
	(1395, 'Tarjetas de Presentacion Mate y UV 9*5,4 cm Millar  ', 14, 'Cupo', 'Materia Prima', 0),
	(1396, 'Tarjetas de Presentacion Mate y UV 9*5,4 cm x 500 Und  ', 14, 'Cupo', 'Materia Prima', 0),
	(1397, 'Tarjetas de Presentacion Brillantes 9*5,4 cm Millar  ', 14, 'Cupo', 'Materia Prima', 0),
	(1398, 'Tarjetas de Presentacion Adhesivas 9*5,4 cm Millar  ', 14, 'Cupo', 'Materia Prima', 0),
	(1399, 'Tarjetas de Presentacion Imantadas 9*5,4 cm Millar  ', 14, 'Cupo', 'Materia Prima', 0),
	(1400, 'Tarjetas de Presentacion Urgentes Mate y UV 9*5,4 cm Millar  ', 14, 'Cupo', 'Materia Prima', 0),
	(1401, 'Cupo de Volantes 4*4 21,5*13,5 cm Millar  ', 14, 'Cupo', 'Materia Prima', 0),
	(1402, 'Cupo de Volantes 4*0 21,5*13,5 cm Millar  ', 14, 'Cupo', 'Materia Prima', 0),
	(1403, 'Cupo de Volantes Urgentes 4*4 21,5*13,5 cm Millar  ', 14, 'Cupo', 'Materia Prima', 0),
	(1404, 'Cupo de Volantes Urgentes 4*0 21,5*13,5 cm Millar  ', 14, 'Cupo', 'Materia Prima', 0),
	(1405, 'Planchas Metalicas Offset Pliego 70*100 cm  Aluminio ', 14, 'Unidad', 'Materia Prima', 0),
	(1406, 'Planchas Metalicas Offset Medio Pliego 50*70 cm  Aluminio ', 14, 'Unidad', 'Materia Prima', 0),
	(1407, 'Planchas Metalicas Offset Cuarto Pliego 35*50 cm  Aluminio ', 14, 'Unidad', 'Materia Prima', 0),
	(1408, 'Planchas Metalicas Offset Octavo Pliego 25*35 cm  Aluminio ', 14, 'Unidad', 'Materia Prima', 0),
	(1409, 'Impresión a 1 Tinta Pliego 70*100 cm   ', 14, 'Millar', 'Servicios', 0),
	(1410, 'Impresión a 1 Tinta Medio Pliego 50*70 cm   ', 14, 'Millar', 'Servicios', 0),
	(1411, 'Impresión a 1 Tinta Cuarto Pliego 35*50 cm   ', 14, 'Millar', 'Servicios', 0),
	(1412, 'Impresión a 1 Tinta Octavo Pliego 25*35 cm   ', 14, 'Millar', 'Servicios', 0),
	(1413, 'Impresión a 1 Tinta Preparada Octavo Pliego 25*35 cm   ', 14, 'Millar', 'Servicios', 0),
	(1414, 'Impresión Policromia Pliego 70*100 cm   ', 14, 'Millar', 'Servicios', 0),
	(1415, 'Impresión Policromia Medio Pliego 50*70 cm   ', 14, 'Millar', 'Servicios', 0),
	(1416, 'Impresión Policromia Cuarto Pliego 35*50 cm   ', 14, 'Millar', 'Servicios', 0),
	(1417, 'Impresión UV 1 Tinta Cuarto Pliego 35*50 cm  Primer - Tinta UV - Laca ', 14, 'Millar', 'Servicios', 0),
	(1418, 'Impresión UV 2 Tinta Cuarto Pliego 35*50 cm  Primer - Tinta UV - Laca ', 14, 'Millar', 'Servicios', 0),
	(1419, 'Impresión UV 3 Tinta Cuarto Pliego 35*50 cm  Primer - Tinta UV - Laca ', 14, 'Millar', 'Servicios', 0),
	(1420, 'Impresión UV 4 Tinta Cuarto Pliego 35*50 cm  Primer - Tinta UV - Laca ', 14, 'Millar', 'Servicios', 0),
	(1421, 'Plastificado Mate Medio Pliego 50*70 cm  Plastico Dray', 14, 'Millar', 'Servicios', 0),
	(1422, 'Plastificado Mate Medio Americano 45*60 cm  Plastico Dray', 14, 'Millar', 'Servicios', 0),
	(1423, 'Plastificado Mate Cuarto Pliego 35*50 cm  Plastico Dray', 14, 'Millar', 'Servicios', 0),
	(1424, 'Plastificado Mate Octavo Pliego 25*35 cm  Plastico Dray', 14, 'Millar', 'Servicios', 0),
	(1425, 'Plastificado Brillante Medio Pliego 50*70 cm  Plastico Dray', 14, 'Millar', 'Servicios', 0),
	(1426, 'Plastificado Brillante Medio Americano 45*60 cm  Plastico Dray', 14, 'Millar', 'Servicios', 0),
	(1427, 'Plastificado Brillante Cuarto Pliego 35*50 cm  Plastico Dray', 14, 'Millar', 'Servicios', 0),
	(1428, 'Plastificado Brillante Octavo Pliego 25*35 cm  Plastico Dray', 14, 'Millar', 'Servicios', 0),
	(1429, 'Plastificado UV Total Medio Pliego 50*70 cm  Barniz UV Corriente', 14, 'Millar', 'Servicios', 0),
	(1430, 'Plastificado UV Total Medio Americano 45*60 cm  Barniz UV Corriente', 14, 'Millar', 'Servicios', 0),
	(1431, 'Plastificado UV Total Cuarto Pliego 35*50 cm  Barniz UV Corriente', 14, 'Millar', 'Servicios', 0),
	(1432, 'Plastificado UV Total Octavo Pliego 25*35 cm  Barniz UV Corriente', 14, 'Millar', 'Servicios', 0),
	(1433, 'Brillo UV Parcial Medio Pliego 50*70 cm  Barniz UV ', 14, 'Millar', 'Servicios', 0),
	(1434, 'Brillo UV Parcial Medio Americano 45*60 cm  Barniz UV ', 14, 'Millar', 'Servicios', 0),
	(1435, 'Brillo UV Parcial Cuarto Pliego 35*50 cm  Barniz UV ', 14, 'Millar', 'Servicios', 0),
	(1436, 'Brillo UV Parcial Octavo Pliego 25*35 cm  Barniz UV ', 14, 'Millar', 'Servicios', 0),
	(1437, 'Positivo Para Plancha Serigrafia 50*70 cm  Plastico ', 14, 'Unidad', 'Materia Prima', 0),
	(1438, 'Positivo Para Plancha Serigrafia 45*60 cm  Plastico ', 14, 'Unidad', 'Materia Prima', 0),
	(1439, 'Positivo Para Plancha Serigrafia 35*50 cm  Plastico ', 14, 'Unidad', 'Materia Prima', 0),
	(1440, 'Positivo Para Plancha Serigrafia 25*35 cm  Plastico ', 14, 'Unidad', 'Materia Prima', 0),
	(1441, 'Impresión Laser Tabloide 30*45 cm 4x0 Bond Indigo', 14, 'Unidad', 'Materia Prima', 1),
	(1442, 'Impresión Laser Tabloide 30*45 cm 4x0 PropalCote 200 Indigo', 14, 'Unidad', 'Materia Prima', 1),
	(1443, 'Impresión Laser Tabloide 30*45 cm 4x0 PropalCote 300 Indigo', 14, 'Unidad', 'Materia Prima', 1),
	(1444, 'Impresión Laser Tabloide 30*45 cm 4x0 Maule Indigo', 14, 'Unidad', 'Materia Prima', 1),
	(1445, 'Impresión Laser Tabloide 30*45 cm 4x0 Adhesivo Indigo', 14, 'Unidad', 'Materia Prima', 1),
	(1446, 'Impresión Laser Tabloide 30*45 cm 4x0 Mohaw Indigo', 14, 'Unidad', 'Materia Prima', 1),
	(1447, 'Impresión Laser Tabloide 30*45 cm 4x0 Opalina Indigo', 14, 'Unidad', 'Materia Prima', 1),
	(1448, 'Impresión Laser Tabloide 30*45 cm 4x0 Earpack Indigo', 14, 'Unidad', 'Materia Prima', 1),
	(1449, 'Impresión Laser Tabloide 30*45 cm 4x0 PropalMate Indigo', 14, 'Unidad', 'Materia Prima', 1),
	(1450, 'Impresión Laser Tabloide 30*45 cm 4x4 Bond Indigo', 14, 'Unidad', 'Materia Prima', 1),
	(1451, 'Impresión Laser Tabloide 30*45 cm 4x4 PropalCote 200 Indigo', 14, 'Unidad', 'Materia Prima', 1),
	(1452, 'Impresión Laser Tabloide 30*45 cm 4x4 PropalCote 300 Indigo', 14, 'Unidad', 'Materia Prima', 1),
	(1453, 'Impresión Laser Tabloide 30*45 cm 4x4 Maule Indigo', 14, 'Unidad', 'Materia Prima', 1),
	(1454, 'Impresión Laser Tabloide 30*45 cm 4x4 Mohaw Indigo', 14, 'Unidad', 'Materia Prima', 1),
	(1455, 'Impresión Laser Tabloide 30*45 cm 4x4 Opalina Indigo', 14, 'Unidad', 'Materia Prima', 1),
	(1456, 'Impresión Laser Tabloide 30*45 cm 4x4 Earpack Indigo', 14, 'Unidad', 'Materia Prima', 1),
	(1457, 'Impresión Laser Tabloide 30*45 cm 4x4 PropalMate Indigo', 14, 'Unidad', 'Materia Prima', 1),
	(1458, 'Roll Up Economico  2*1   ', 15, 'Unidad', 'Materia Prima', 0),
	(1459, 'Roll Up   2*1   ', 15, 'Unidad', 'Materia Prima', 0),
	(1460, 'Roll Up Luxury  2*1   Patrick', 15, 'Unidad', 'Materia Prima', 0),
	(1461, 'Roll Up Luxury  2*2   Patrick', 15, 'Unidad', 'Materia Prima', 0),
	(1462, 'Porta Pendon Araña Una Cara 60*160  Hierro - Plastico ', 15, 'Unidad', 'Materia Prima', 0),
	(1463, 'Porta Pendon Araña Una Cara 100*200  Hierro - Plastico ', 15, 'Unidad', 'Materia Prima', 0),
	(1464, 'Porta Pendon Araña de Lujo Una Cara 100*200  Aluminio - Plastico ', 15, 'Unidad', 'Materia Prima', 0),
	(1465, 'Porta Pendon Araña Exterior Una Cara 100*200  Aluminio - Plastico ', 15, 'Base Tanque', 'Materia Prima', 0),
	(1466, 'Porta Pendon Araña Exterior Una Cara 80*180  Aluminio - Plastico ', 15, 'Base Tanque', 'Materia Prima', 0),
	(1467, 'Porta Pendon Araña Exterior Una Cara 60*160  Aluminio - Plastico ', 15, 'Base Tanque', 'Materia Prima', 0),
	(1468, 'Porta Pendon Araña Exterior Dos Cara 100*200  Aluminio - Plastico ', 15, 'Base Tanque', 'Materia Prima', 0),
	(1469, 'Porta Pendon Araña Exterior Dos Cara 80*180  Aluminio - Plastico ', 15, 'Base Tanque', 'Materia Prima', 0),
	(1470, 'Porta Pendon Araña Exterior Dos Cara 60*160  Aluminio - Plastico ', 15, 'Base Tanque', 'Materia Prima', 0),
	(1471, 'Tripode   2*1   ', 15, 'Unidad', 'Materia Prima', 0),
	(1472, 'Banderin en forma de gota  335cm   ', 15, 'Unidad', 'Materia Prima', 0),
	(1473, 'Banderin en forma de gota  3.4m   ', 15, 'Unidad', 'Materia Prima', 0),
	(1474, 'MiniStand-Counter Cenefa    Hierro-MDF ', 15, 'Unidad', 'Materia Prima', 0),
	(1475, 'Counter Tipo Frijol  130*90*40 cm  Aluminio-MDF ', 15, 'Unidad', 'Materia Prima', 0),
	(1476, 'Counter Plastico con Cenefa  80*80*40 cm  PVC ', 15, 'Unidad', 'Materia Prima', 0),
	(1477, 'Sky line Semicurvo 2,30*3,44    ', 15, 'Unidad', 'Materia Prima', 0),
	(1478, 'Sky line Velcro 2,30*3,00   ', 15, 'Unidad', 'Materia Prima', 0),
	(1479, 'Popman Araña 60*115 cm   ', 15, 'Unidad', 'Materia Prima', 0),
	(1480, 'Popman Colombina 60*60 cm   ', 15, 'Unidad', 'Materia Prima', 0),
	(1481, 'Popman Banderin 55*105 cm   ', 15, 'Unidad', 'Materia Prima', 0),
	(1482, 'Bandera Tipo Flag Tipo Gota 420 cm  Fibra de Vidrio Importado', 15, 'Unidad', 'Materia Prima', 0),
	(1483, 'Bandera Tipo Flag Solo Estructura  280 cm  Hierro ', 15, 'Unidad', 'Materia Prima', 0),
	(1484, 'Bandera Tipo Flag Solo Estructura  340 cm  Hierro ', 15, 'Unidad', 'Materia Prima', 0),
	(1485, 'Bandera Tipo Flag Solo Estructura  400 cm  Hierro ', 15, 'Unidad', 'Materia Prima', 0),
	(1486, 'Bandera Tipo Flag Solo Estructura  450 cm  Hierro ', 15, 'Unidad', 'Materia Prima', 0),
	(1487, 'Bandera Tipo Flag Solo Estructura  550 cm  Hierro ', 15, 'Unidad', 'Materia Prima', 0),
	(1488, 'Base Bandera Flag Tanque   Plastica ', 15, 'Unidad', 'Materia Prima', 0),
	(1489, 'Backing  Ajustable 240*240 cm  Hierro - Plastico Importado', 15, 'Unidad', 'Materia Prima', 0),
	(1490, 'Backing  Ajustable 240*300 cm  Hierro - Plastico Importado', 15, 'Unidad', 'Materia Prima', 0),
	(1491, 'Backing  Ajustable 240*360 cm  Hierro - Plastico Importado', 15, 'Unidad', 'Materia Prima', 0),
	(1492, 'Backing  Ajustable 300*300 cm  Hierro - Plastico Importado', 15, 'Unidad', 'Materia Prima', 0),
	(1493, 'Backing  Flex 200*200 cm  Aluminio Nacional', 15, 'Unidad', 'Materia Prima', 0),
	(1494, 'Backing  Flex 200*300 cm  Aluminio Nacional', 15, 'Unidad', 'Materia Prima', 0),
	(1495, 'Backing  Flex 200*400 cm  Aluminio Nacional', 15, 'Unidad', 'Materia Prima', 0),
	(1496, 'Revistero Porta Catálogo 22*28 cm  Aluminio Importado', 15, 'Unidad', 'Materia Prima', 0),
	(1497, 'Revistero Porta Catálogo 22*28 cm  Hierro Importado', 15, 'Unidad', 'Materia Prima', 0),
	(1498, 'Carpa Plegable Base Metálica 2*2 m  Lona Verano Nacional', 16, 'Carpa y estructura', 'Materia Prima', 0),
	(1499, 'Carpa Plegable Base Metálica 3*3 m  Lona Verano Nacional', 16, 'Carpa y estructura', 'Materia Prima', 0),
	(1500, 'Carpa Plegable Base Metálica 4*4 m  Lona California  Nacional', 16, 'Carpa y estructura', 'Materia Prima', 0),
	(1501, 'Carpa Desarmable Base Metálica 2*2 m   Nacional', 16, 'Carpa y estructura', 'Materia Prima', 0),
	(1502, 'Carpa Desarmable Base Metálica 2,5*2,5 m   Nacional', 16, 'Carpa y estructura', 'Materia Prima', 0),
	(1503, 'Carpa Desarmable Base Metálica 3*3 m   Nacional', 16, 'Carpa y estructura', 'Materia Prima', 0),
	(1504, 'Carpa Desarmable Base Metálica 4*4 m   Nacional', 16, 'Carpa y estructura', 'Materia Prima', 0),
	(1505, 'Cortina para Carpa  2*2 m  Lona Verano Nacional', 16, 'Unidad', 'Materia Prima', 0),
	(1506, 'Cortina para Carpa  2*2,5 m  Lona Verano Nacional', 16, 'Unidad', 'Materia Prima', 0),
	(1507, 'Cortina para Carpa  2*3 m  Lona Verano Nacional', 16, 'Unidad', 'Materia Prima', 0),
	(1508, 'Cortina para Carpa  2*4 m  Lona Verano Nacional', 16, 'Unidad', 'Materia Prima', 0),
	(1509, 'Impresión de Logo  1 Color por Cara    ', 16, 'Unidad', 'Materia Prima', 0),
	(1510, 'Kiosco  5*5m  Lona Verano Nacional', 16, 'Carpa y estructura', 'Materia Prima', 0),
	(1511, 'Kiosco  5*5m  Lona California Nacional', 16, 'Carpa y estructura', 'Materia Prima', 0),
	(1512, 'Kiosco  5*5m  Lona Plastextil  Nacional', 16, 'Carpa y estructura', 'Materia Prima', 0),
	(1513, 'Maleta Para Carpa Plegable   Lona Morral Nacional', 16, 'Unidad ', 'Materia Prima', 0),
	(1514, 'Parasol Brazo Lateral 2*2 m  Lona Verano Nacional', 16, 'Unidad ', 'Materia Prima', 0),
	(1515, 'Parasol Brazo Lateral 2,5*2,5 m  Lona Verano Nacional', 16, 'Unidad ', 'Materia Prima', 0),
	(1516, 'Parasol Brazo Lateral 2,7*2,7 m  Tela con UPF 50 Importado', 16, 'Unidad ', 'Materia Prima', 0),
	(1517, 'Parasol Brazo Lateral 3*3 m  Lona Verano Nacional', 16, 'Unidad ', 'Materia Prima', 0),
	(1518, 'Parasol Sombrilla 1,7 m  Lona Impermeable Importado', 16, 'Unidad ', 'Materia Prima', 0),
	(1519, 'Parasol Sombrilla 1,7 m  Lona Impermeable Nacional', 16, 'Unidad ', 'Materia Prima', 0),
	(1520, 'Tela Campero LM  150 cm  Poliester Lafayette', 17, 'Metro', 'Materia Prima', 0),
	(1521, 'Tela Tempestad  150 cm  Poliester Lafayette', 17, 'Metro', 'Materia Prima', 0),
	(1522, 'Tela Vendaval  150 cm  Poliester Lafayette', 17, 'Metro', 'Materia Prima', 0),
	(1523, 'Tela Orion   150 cm  Poliester Lafayette', 17, 'Metro', 'Materia Prima', 0),
	(1524, 'Tela Tifon   150 cm  Poliester ', 17, 'Metro', 'Materia Prima', 0),
	(1525, 'Tela 8001  150 cm  Poliester ', 17, 'Metro', 'Materia Prima', 0),
	(1526, 'Tela 8003  150 cm  Poliester ', 17, 'Metro', 'Materia Prima', 0),
	(1527, 'Tela Satin Rigido  150 cm  Poliester ', 17, 'Metro', 'Materia Prima', 0),
	(1528, 'Tela Satin Licrado  150 cm  Poliester ', 17, 'Metro', 'Materia Prima', 0),
	(1529, 'Bayetilla Delgada 70 cm 140 g Algodón ', 17, 'Metro', 'Materia Prima', 0),
	(1530, 'Paño Lency  150 cm 160 g Poliester ', 17, 'Metro', 'Materia Prima', 0),
	(1531, 'Piel de Conejo  200 cm 213 g Poliester ', 17, 'Metro', 'Materia Prima', 0),
	(1532, 'Lona Morral   150 cm  Poliester ', 17, 'Metro', 'Materia Prima', 0),
	(1533, 'Lona Codra   150 cm  PVC ', 17, 'Metro', 'Materia Prima', 0),
	(1534, 'Lona Cuerotex Opac  140 cm  PVC ', 17, 'Metro', 'Materia Prima', 0),
	(1535, 'Lona Verano  150 cm  PVC ', 17, 'Metro', 'Materia Prima', 0),
	(1536, 'Lona Verano  200 cm  PVC ', 17, 'Metro', 'Materia Prima', 0),
	(1537, 'Camiseta Blanca Cuello Redondo S, M, L o XL  Algodón ', 17, 'Unidad', 'Materia Prima', 0),
	(1538, 'Camiseta Color Cuello Redondo S, M, L o XL  Algodón ', 17, 'Unidad', 'Materia Prima', 0),
	(1539, 'Camiseta Blanca Cuello Redondo S, M, L o XL  Piel de Durazno ', 17, 'Unidad', 'Materia Prima', 0),
	(1540, 'Camiseta Blanca Cuello V S, M, L o XL  Algodón ', 17, 'Unidad', 'Materia Prima', 0),
	(1541, 'Camiseta Color Cuello V S, M, L o XL  Algodón ', 17, 'Unidad', 'Materia Prima', 0),
	(1542, 'Camiseta Tipo Polo Blanco Mujer S, M, L o XL  Algodón ', 17, 'Unidad', 'Materia Prima', 0),
	(1543, 'Camiseta Tipo Polo Blanco Hombre S, M, L o XL  Algodón ', 17, 'Unidad', 'Materia Prima', 0),
	(1544, 'Camiseta Tipo Polo Blanco Manga Larga S, M, L o XL  Algodón ', 17, 'Unidad', 'Materia Prima', 0),
	(1545, 'Camiseta Tipo Polo Color Mujer S, M, L o XL  Algodón ', 17, 'Unidad', 'Materia Prima', 0),
	(1546, 'Camiseta Tipo Polo Color Hombre S, M, L o XL  Algodón ', 17, 'Unidad', 'Materia Prima', 0),
	(1547, 'Camiseta Tipo Polo Color Manga Larga S, M, L o XL  Algodón ', 17, 'Unidad', 'Materia Prima', 0),
	(1548, 'Camiseta Tipo Polo Blanco Mujer S, M, L o XL  Polialgodon ', 17, 'Unidad', 'Materia Prima', 0),
	(1549, 'Camiseta Tipo Polo Blanco Hombre S, M, L o XL  Polialgodon ', 17, 'Unidad', 'Materia Prima', 0),
	(1550, 'Camiseta Tipo Polo Blanco Manga Larga S, M, L o XL  Polialgodon ', 17, 'Unidad', 'Materia Prima', 0),
	(1551, 'Camiseta Tipo Polo Color Mujer S, M, L o XL  Polialgodon ', 17, 'Unidad', 'Materia Prima', 0),
	(1552, 'Camiseta Tipo Polo Color Hombre S, M, L o XL  Polialgodon ', 17, 'Unidad', 'Materia Prima', 0),
	(1553, 'Camiseta Tipo Polo Color Manga Larga S, M, L o XL  Polialgodon ', 17, 'Unidad', 'Materia Prima', 0),
	(1554, 'Camibuso Blanco Cuello Redondo S, M, L o XL  Algodón ', 17, 'Unidad', 'Materia Prima', 0),
	(1555, 'Camibuso Color Cuello Redondo S, M, L o XL  Algodón ', 17, 'Unidad', 'Materia Prima', 0),
	(1556, 'Adicional Camiseta  Talla XXL   ', 17, 'Unidad', 'Materia Prima', 0),
	(1557, 'Adicional Camiseta  Talla XXXL   ', 17, 'Unidad', 'Materia Prima', 0),
	(1558, 'Adicional Camiseta  Talla XXXXL   ', 17, 'Unidad', 'Materia Prima', 0),
	(1559, 'Buso con Capota  Niño  Algodón ', 17, 'Unidad', 'Materia Prima', 0),
	(1560, 'Buso con Capota  S, M, L  Algodón ', 17, 'Unidad', 'Materia Prima', 0),
	(1561, 'Buso con Capota  XL  Algodón ', 17, 'Unidad', 'Materia Prima', 0),
	(1562, 'Paño de Microfibra Fileteado 30*30 cm  Poliester - Poliamida ', 17, 'Unidad', 'Materia Prima', 0),
	(1563, 'Cremallera  #6   ', 17, 'Metro', 'Materia Prima', 0),
	(1564, 'Cremallera  #8   ', 17, 'Metro', 'Materia Prima', 0),
	(1565, 'Slider  #6   ', 17, 'Unidad', 'Materia Prima', 0),
	(1566, 'Slider  #8   ', 17, 'Unidad', 'Materia Prima', 0),
	(1567, 'Reata Negra  1"  Polipropileno ', 17, 'Metro', 'Materia Prima', 0),
	(1568, 'Reata Color  1"  Polipropileno ', 17, 'Metro', 'Materia Prima', 0),
	(1569, 'Reata Negra  2"  Polipropileno ', 17, 'Metro', 'Materia Prima', 0),
	(1570, 'Reata Color  2"  Polipropileno ', 17, 'Metro', 'Materia Prima', 0),
	(1571, 'Manilla Tela Sublimada x 100 1.5*30 cm  Satin Poliester ', 17, 'x 100', 'Materia Prima', 0),
	(1572, 'Manilla Tela Sublimada x 500 1.5*30 cm  Satin Poliester ', 17, 'x 500', 'Materia Prima', 0),
	(1573, 'Manilla Tela Sublimada Desde 1000 1.5*30 cm  Satin Poliester ', 17, 'Millar', 'Materia Prima', 0),
	(1574, 'Manilla Tela Sublimada  Desde 5000 1.5*30 cm  Satin Poliester ', 17, 'Millar', 'Materia Prima', 0),
	(1575, 'Gorra Adulto   Dril ', 17, 'Unidad', 'Materia Prima', 0),
	(1576, 'Gorra Adulto   Poliester ', 17, 'Unidad', 'Materia Prima', 0),
	(1577, 'Gorra Frente Blanco y Malla Trasera Adulto    ', 17, 'Unidad', 'Materia Prima', 0),
	(1578, 'Toalla de Baño  70*140 cm 600 g Algodón ', 17, 'Unidad', 'Materia Prima', 0),
	(1579, 'Toalla de Baño  80*160 cm 600 g Algodón ', 17, 'Unidad', 'Materia Prima', 0),
	(1580, 'Toalla de Baño  70*140 cm 640 g Algodón ', 17, 'Unidad', 'Materia Prima', 0),
	(1581, 'Toalla de Baño  75*145 cm 700 g Algodón ', 17, 'Unidad', 'Materia Prima', 0),
	(1582, 'Cinta Amarilla Reflectivo 45.70 m 5 cm Adhesivo Sheeting', 18, 'Rollo 45,7 m', 'Materia Prima', 0),
	(1583, 'Cinta Blanca Reflectivo 45.70 m 5 cm Adhesivo ', 18, 'Rollo 45,7 m', 'Materia Prima', 0),
	(1584, 'Cinta  Amarilla Reflectivo 45.70 m 10 cm Adhesivo Sheeting', 18, 'Rollo 45,7 m', 'Materia Prima', 0),
	(1585, 'Cinta Bicolor Americana 45.70 m 5 cm Adhesivo Conspicuity', 18, 'Rollo 45,7 m', 'Materia Prima', 0),
	(1586, 'Cinta Amarilla Limon Reflectivo 45.70 m 5 cm Adhesivo Sheeting', 18, 'Rollo 45,7 m', 'Materia Prima', 0),
	(1587, 'Cinta de Demarcacion Amarilla  33 m 5 cm Adhesivo Tesa', 18, 'Rollo 33 m', 'Materia Prima', 0),
	(1588, 'Cinta de Demarcacion Amarillo / Negro  33 m 5 cm Adhesivo Tesa', 18, 'Rollo 33 m', 'Materia Prima', 0),
	(1589, 'Cinta de Demarcacion Rojo / Blanco  33 m 5 cm Adhesivo Tesa', 18, 'Rollo 33 m', 'Materia Prima', 0),
	(1590, 'Cinta Antideslizante   50 m 5 cm Adhesivo - Oxido de Aluminio Tesa', 18, 'Rollo 50 m', 'Materia Prima', 0),
	(1591, 'Cinta Antideslizante   Metro 5 cm Adhesivo - Oxido de Aluminio ADH', 18, 'Metro', 'Materia Prima', 0),
	(1592, 'Cinta Antideslizante Foluminiscente   15 m 5 cm Adhesivo - Oxido de Aluminio ', 18, 'Rollo 15 m', 'Materia Prima', 0),
	(1593, 'Cinta Antideslizante Foluminiscente   25 m 5 cm Adhesivo - Oxido de Aluminio Tesa', 18, 'Rollo 25 m', 'Materia Prima', 0),
	(1594, 'Cono de Transito Base Negra 90 cm  Plastico - Reflectivo Alta Intensidad Tipo 4 ', 18, 'Unidad', 'Materia Prima', 0),
	(1595, 'Cono de Transito Vial 70 cm  PVC - Reflectivo Grado Ingenieria ', 18, 'Unidad', 'Materia Prima', 0),
	(1596, 'Cono de Transito Vial 90 cm  PVC - Reflectivo Grado Ingenieria ', 18, 'Unidad', 'Materia Prima', 0),
	(1597, 'Hito Delineador con Chazos Poste Flexible 75 cm  Plastico - Reflectivo Grado Ingenieria ', 18, 'Unidad', 'Materia Prima', 0),
	(1598, 'Poste Delineador Tubular 3 Cintas Base Plana 130 cm  Polietileno - Reflectivo Alta Intensidad Tipo 4 ', 18, 'Unidad', 'Materia Prima', 0),
	(1599, 'Señalizador Vial Tubular Base Cono 130 cm  Polietileno - Reflectivo Grado Ingenieria ', 18, 'Unidad', 'Materia Prima', 0),
	(1600, 'Señalizador Vial Tubular Base Plana 133 cm  Polietileno - Reflectivo Grado Ingenieria ', 18, 'Unidad', 'Materia Prima', 0),
	(1601, 'Paleta Tablero Octogonal En Blanca 30 cm  Plastico ', 18, 'Unidad', 'Materia Prima', 0),
	(1602, 'Paleta Tablero Octogonal En Blanca 45 cm  Plastico ', 18, 'Unidad', 'Materia Prima', 0),
	(1603, 'Paleta Tablero Octogonal PARE/SIGA 30 cm  Plastico - Reflectivo Grado Ingenieria ', 18, 'Unidad', 'Materia Prima', 0),
	(1604, 'Paleta Tablero Octogonal PARE/SIGA 30 cm  Plastico - Reflectivo Alta Intensidad Tipo 4 ', 18, 'Unidad', 'Materia Prima', 0),
	(1605, 'Paleta Tablero Octogonal PARE/SIGA 45 cm  Plastico - Reflectivo Grado Ingenieria ', 18, 'Unidad', 'Materia Prima', 0),
	(1606, 'Paleta Tablero Octogonal PARE/SIGA 45 cm  Plastico - Reflectivo Alta Intensidad Tipo 4 ', 18, 'Unidad', 'Materia Prima', 0),
	(1607, 'Valla Plastica Reten Punto de Control Tipo A 114*61 cm  Plastico - Reflectivo Alta Intensidad Tipo 4 ', 18, 'Unidad', 'Materia Prima', 0),
	(1608, 'Baston Luminoso Vial - Cargador Fijo - Sin Garantia 54 cm  PVC - ABS - Led ', 18, 'Unidad', 'Materia Prima', 0),
	(1609, 'Flasher Solar  Luz Intermitente 18*30 cm   ', 18, 'Unidad', 'Materia Prima', 0),
	(1610, 'Flasher Solar  Luminoso 19*38 cm   ', 18, 'Unidad', 'Materia Prima', 0),
	(1611, 'Estoperol Vial Con Espigo 10*2 cm  Metalico ', 18, 'Unidad', 'Materia Prima', 0),
	(1612, 'Estoperol Vial Con Espigo 10*2 cm  Plastico ', 18, 'Unidad', 'Materia Prima', 0),
	(1613, 'Tache Bidireccional Con Espigo 11,5*8 cm  ABS Alto Impacto ', 18, 'Unidad', 'Materia Prima', 0),
	(1614, 'Tache Bidireccional Sin Espigo 10*9 cm  ABS Alto Impacto ', 18, 'Unidad', 'Materia Prima', 0),
	(1615, 'Tache Plastico de Alto Impacto con Chazos  40*15*8 cm  Plastico ', 18, 'Unidad', 'Materia Prima', 0),
	(1616, 'Reductor de Velocidad de Alta Resistencia  105*5*35 cm   ', 18, 'Unidad', 'Materia Prima', 0),
	(1617, 'Reductor de Velocidad de Alta Resistencia Trafico Pesado 100*6*45 cm   ', 18, 'Unidad', 'Materia Prima', 0),
	(1618, 'Reflectivo Prismatico Tipo 4 con Pictogramas Alta Intensidad 60*60 cm  Adhesivos - Tintas Traslucidas M3', 18, 'Unidad', 'Materia Prima', 0),
	(1619, 'Reflectivo Grado Diamante con Pictogramas Amarillo Limon 60*60 cm  Adhesivos - Tintas Traslucidas M3', 18, 'Unidad', 'Materia Prima', 0),
	(1620, 'Reflectivo Grado Diamante con Pictogramas Amarillo Limon 30*30 cm  Adhesivos - Tintas Traslucidas M3', 18, 'Unidad', 'Materia Prima', 0),
	(1621, 'Impresion Digital en Plotter Gran Formato  320 cm  Tinta ', 19, 'M2', 'Servicios', 0),
	(1622, 'Impresión Digital Textil y Sublimacion  150 cm  Tinta ', 19, 'Metro Lineal', 'Servicios', 0),
	(1623, 'Impresión Digital Textil en Gran Formato  150 cm  Tinta ', 19, 'Metro Lineal', 'Servicios', 0),
	(1624, 'Calandrado para Sublimacion Textil  150 cm   ', 19, 'Metro Lineal', 'Servicios', 0),
	(1625, 'Corte en Plotter de Corte  120 cm   ', 19, 'M2', 'Servicios', 0),
	(1626, 'Laminado por Laminadora  150 cm   ', 19, 'Metro Lineal', 'Servicios', 0),
	(1627, 'Colaminado por Laminadora  150 cm   ', 19, 'Metro Lineal', 'Servicios', 0),
	(1628, 'Impresión Sobre Rigido Lamina 150 cm  Tinta ', 19, 'M2', 'Servicios', 0),
	(1629, 'Impresión Sobre Rigido Tarjeta USB 8,5*5,4 cm  Tinta ', 19, 'Unidad', 'Servicios', 0),
	(1630, 'Impresión DTF (Direct Transfer Film) Textil 58 cm  Tinta ', 19, 'Metro Lineal', 'Servicios', 0),
	(1631, 'Impresión DTF (Direct Transfer Film) UV 58 cm  Tinta UV ', 19, 'Unidad', 'Servicios', 0),
	(1632, 'Sublimacion para Impresión Transfer Plancha 70*100 cm   ', 19, 'Unidad', 'Servicios', 0),
	(1633, 'Sublimacion para Impresión Transfer Plancha 30*30 cm   ', 19, 'Unidad', 'Servicios', 0),
	(1634, 'Sublimacion para Impresión Transfer Mug 9*21 cm   ', 19, 'Unidad', 'Servicios', 0),
	(1635, 'Screen Serigrafia  1  Tinta ', 19, 'Unidad', 'Servicios', 1),
	(1636, 'Screen Serigrafia Bolsas 1  Tinta ', 19, 'Unidad', 'Servicios', 1),
	(1637, 'Screen Serigrafia Bolsas Plegables 1  Tinta ', 19, 'Unidad', 'Servicios', 1),
	(1638, 'Screen Serigrafia Sombrillas 1 Casco 1  Tinta ', 19, 'Unidad', 'Servicios', 1),
	(1639, 'Screen Serigrafia Sombrillas 1 Casco 2  Tinta ', 19, 'Unidad', 'Servicios', 1),
	(1640, 'Screen Serigrafia Sombrillas 1 Casco 3  Tinta ', 19, 'Unidad', 'Servicios', 1),
	(1641, 'Screen Serigrafia Sombrillas 1 Casco 4  Tinta ', 19, 'Unidad', 'Servicios', 1),
	(1642, 'Screen Serigrafia Sombrillas 2 Casco 1  Tinta ', 19, 'Unidad', 'Servicios', 1),
	(1643, 'Screen Serigrafia Sombrillas 2 Casco 2  Tinta ', 19, 'Unidad', 'Servicios', 1),
	(1644, 'Screen Serigrafia Sombrillas 2 Casco 3  Tinta ', 19, 'Unidad', 'Servicios', 1),
	(1645, 'Screen Serigrafia Sombrillas 2 Casco 4  Tinta ', 19, 'Unidad', 'Servicios', 1),
	(1646, 'Screen Serigrafia Sombrillas 4 Casco 1  Tinta ', 19, 'Unidad', 'Servicios', 1),
	(1647, 'Screen Serigrafia Sombrillas 4 Casco 2  Tinta ', 19, 'Unidad', 'Servicios', 1),
	(1648, 'Screen Serigrafia Sombrillas 4 Casco 3  Tinta ', 19, 'Unidad', 'Servicios', 1),
	(1649, 'Screen Serigrafia Sombrillas 4 Casco 4  Tinta ', 19, 'Unidad', 'Servicios', 1),
	(1650, 'Tampografia Boligrafos 1  Tinta ', 19, 'Unidad', 'Servicios', 1),
	(1651, 'Tampografia Boligrafos 2  Tinta ', 19, 'Unidad', 'Servicios', 1),
	(1652, 'Tampografia Boligrafos 3  Tinta ', 19, 'Unidad', 'Servicios', 1),
	(1653, 'Tampografia Boligrafos 4  Tinta ', 19, 'Unidad', 'Servicios', 1),
	(1654, 'Tampografia Variedades 1  Tinta ', 19, 'Unidad', 'Servicios', 1),
	(1655, 'Tampografia Variedades 2  Tinta ', 19, 'Unidad', 'Servicios', 1),
	(1656, 'Tampografia Variedades 3  Tinta ', 19, 'Unidad', 'Servicios', 1),
	(1657, 'Tampografia Variedades 4  Tinta ', 19, 'Unidad', 'Servicios', 1),
	(1658, 'Tampografia Tratamiento 1  Tinta ', 19, 'Unidad', 'Servicios', 1),
	(1659, 'Tampografia Tratamiento 2  Tinta ', 19, 'Unidad', 'Servicios', 1),
	(1660, 'Tampografia Tratamiento 3  Tinta ', 19, 'Unidad', 'Servicios', 0),
	(1661, 'Tampografia Tratamiento 4  Tinta ', 19, 'Unidad', 'Servicios', 0),
	(1662, 'Tampografia Antiestres 1  Tinta ', 19, 'Unidad', 'Servicios', 1),
	(1663, 'Tampografia Antiestres 2  Tinta ', 19, 'Unidad', 'Servicios', 1),
	(1664, 'Tampografia Antiestres 3  Tinta ', 19, 'Unidad', 'Servicios', 0),
	(1665, 'Tampografia Antiestres 4  Tinta ', 19, 'Unidad', 'Servicios', 0),
	(1666, 'Grabado Laser Plano   Laser Pulso ', 19, 'Unidad', 'Servicios', 1),
	(1667, 'Grabado Laser Rotary   Laser Pulso ', 19, 'Unidad', 'Servicios', 1),
	(1668, 'Corte Laser  0,5 mm   ', 19, 'cm', 'Servicios', 0),
	(1669, 'Corte Laser  1 mm   ', 19, 'cm', 'Servicios', 0),
	(1670, 'Corte Laser  2 mm   ', 19, 'cm', 'Servicios', 0),
	(1671, 'Corte Laser  3 mm   ', 19, 'cm', 'Servicios', 0),
	(1672, 'Corte Laser  4 mm   ', 19, 'cm', 'Servicios', 0),
	(1673, 'Corte Laser  5 mm   ', 19, 'cm', 'Servicios', 0),
	(1674, 'Corte Laser  6 mm   ', 19, 'cm', 'Servicios', 0),
	(1675, 'Corte Laser  7 mm   ', 19, 'cm', 'Servicios', 0),
	(1676, 'Corte Laser  8 mm   ', 19, 'cm', 'Servicios', 0),
	(1677, 'Corte Laser  9 mm   ', 19, 'cm', 'Servicios', 0),
	(1678, 'Corte Laser  10 mm   ', 19, 'cm', 'Servicios', 0),
	(1679, 'Grabado Laser Superficial    ', 19, 'Minuto', 'Servicios', 0),
	(1680, 'Grabado Router  2 mm   ', 19, 'M2', 'Servicios', 0),
	(1681, 'Letra Braille Esferas   Metalicas ', 19, 'Letra', 'Servicios', 0),
	(1682, 'Troquel    Acero ', 19, 'cm', 'Servicios', 0),
	(1683, 'Troquel Carpeta 33*45 cm  Acero ', 19, 'Unidad', 'Servicios', 0),
	(1684, 'Troquelado Pliego 70*100 cm   ', 19, 'Millar', 'Servicios', 0),
	(1685, 'Troquelado Medio Pliego 50*70 cm   ', 19, 'Millar', 'Servicios', 0),
	(1686, 'Troquelado Cuarto Pliego 35*50 cm   ', 19, 'Millar', 'Servicios', 0),
	(1687, 'Troquelado Octavo Pliego 25*35 cm   ', 19, 'Millar', 'Servicios', 0),
	(1688, 'Refile de Papel Guillotina    ', 19, 'Millar', 'Servicios', 0),
	(1689, 'Plegado Tabloide 30*45 cm   ', 19, 'Millar', 'Servicios', 0),
	(1690, 'Plegado Octavo Pliego 25*35 cm   ', 19, 'Millar', 'Servicios', 0),
	(1691, 'Plegado Carta 21*28 cm   ', 19, 'Millar', 'Servicios', 0),
	(1692, 'Plegado Media Carta 14*21 cm   ', 19, 'Millar', 'Servicios', 0),
	(1693, 'Numeracion con Perforacion 1 # 25*35 cm   ', 19, 'Millar', 'Servicios', 0),
	(1694, 'Numeracion con Perforacion 2 # 25*35 cm   ', 19, 'Millar', 'Servicios', 0),
	(1695, 'Armado de Talonario con Copia Lincon 14*21 cm   ', 19, 'Unidad', 'Servicios', 0),
	(1696, 'Armado de Carpetas 1 Bolsillo    ', 19, 'Millar', 'Servicios', 1),
	(1697, 'Armado de Carpetas 2 Bolsillos    ', 19, 'Millar', 'Servicios', 1),
	(1698, 'Armado Tapa Dura Carta    ', 19, 'Par', 'Servicios', 1),
	(1699, 'Armado Tapa Dura Media Carta    ', 19, 'Par', 'Servicios', 1),
	(1700, 'Cosido al Caballete Gancho    ', 19, 'Unidad', 'Servicios', 1),
	(1701, 'Anillado  Doble O 1"   ', 19, 'Unidad', 'Servicios', 1),
	(1702, 'Anillado  Doble O 1/2"   ', 19, 'Unidad', 'Servicios', 1),
	(1703, 'Repujado de Targetas  9*5,4 cm   ', 19, 'Millar', 'Servicios', 0),
	(1704, 'Corte de Lamina Borde    ', 19, 'Unidad', 'Servicios', 0),
	(1705, 'Doblez de Lamina Borde    ', 19, 'Unidad', 'Servicios', 0),
	(1706, 'Doblez de Lamina Bandeja 2*1   ', 19, 'Unidad', 'Servicios', 0),
	(1707, 'Doblez de Lamina Bandeja 4*8   ', 19, 'Unidad', 'Servicios', 0),
	(1708, 'Doblez de Tubo Curva    ', 19, 'Unidad', 'Servicios', 0),
	(1709, 'Corte de Canal U    ', 19, 'Unidad', 'Servicios', 0),
	(1710, 'Pulido y Brillado de Vidrio   4-6 mm  ', 19, 'Metro', 'Servicios', 0),
	(1711, 'Pulido y Brillado de Vidrio   8-10 mm  ', 19, 'Metro', 'Servicios', 0),
	(1712, 'Perforado de Vidrio Maximo  20 mm  ', 19, 'Unidad', 'Servicios', 0),
	(1713, 'Recubrimiento en Pintura Minima   Electrostatica ', 19, 'Unidad', 'Servicios', 0),
	(1714, 'Recubrimiento en Pintura Area Plana   Electrostatica ', 19, 'M2', 'Servicios', 0),
	(1715, 'Recubrimiento en Pintura Tuberia 1,1/2"  Electrostatica ', 19, 'Metro Lineal', 'Servicios', 0),
	(1716, 'Recubrimiento en Pintura Tuberia 3"  Electrostatica ', 19, 'Metro Lineal', 'Servicios', 0),
	(1717, 'Recubrimiento Laca Fasdy Area    ', 19, 'M2', 'Servicios', 0),
	(1718, 'Demarcacion Vial Lineal 12 cm  Pintura Trafico y MDO ', 19, 'Metro Lineal', 'Servicios', 0),
	(1719, 'Demarcacion Vial Area    Pintura Trafico y MDO ', 19, 'M2', 'Servicios', 0),
	(1720, 'Demarcacion Vial con Microesferas Lineal 12 cm  Pintura Trafico y MDO ', 19, 'Metro Lineal', 'Servicios', 0),
	(1721, 'Demarcacion Vial con Microesferas Area    Pintura Trafico y MDO ', 19, 'M2', 'Servicios', 0),
	(1722, 'Demarcacion Vial Alto Trafico Area    Pintura Plastica en Frio y MDO ', 19, 'M2', 'Servicios', 0),
	(1723, 'Costura Bandera  500*150 cm   Hilo ', 19, 'Unidad', 'Servicios', 0),
	(1724, 'Costura Bandera  600*150 cm   Hilo ', 19, 'Unidad', 'Servicios', 0),
	(1725, 'Costura Bandera Gote 300*98 cm   Hilo ', 19, 'Unidad', 'Servicios', 0),
	(1726, 'Costura Sencilla Perimetro   Hilo ', 19, 'Metro Lineal', 'Servicios', 0),
	(1727, 'Costura Union 2 Telas Perimetro   Hilo ', 19, 'Metro Lineal', 'Servicios', 0),
	(1728, 'Costura Fileteado   Hilo ', 19, 'Metro Lineal', 'Servicios', 0),
	(1729, 'Costura Bayetilla   Hilo ', 19, 'Unidad', 'Servicios', 0),
	(1730, 'Costura Mangas   Hilo ', 19, 'Unidad', 'Servicios', 0),
	(1731, 'Costura Festones   Hilo ', 19, 'Metro Lineal', 'Servicios', 0),
	(1732, 'Costura Sabana   Hilo ', 19, 'Unidad', 'Servicios', 0),
	(1733, 'Costura Sky Dance   Hilo ', 19, 'Unidad', 'Servicios', 0),
	(1734, 'Grapado Festones   Grapas ', 19, 'Metro Lineal', 'Servicios', 0),
	(1735, 'Programa Diseño Bordado    ', 19, 'Unidad', 'Servicios', 0),
	(1736, 'Bordado de Camisetas Tipo Corazon   Hilo ', 19, 'Unidad', 'Servicios', 0),
	(1737, 'Bordado de Camisetas Tipo Corazon Para 200  Hilo ', 19, 'Unidad', 'Servicios', 0),
	(1738, 'Bordado de Camisetas Tipo Corazon Para 500  Hilo ', 19, 'Unidad', 'Servicios', 0),
	(1739, 'Bordado de Camisetas Tipo Corazon Para 1000  Hilo ', 19, 'Unidad', 'Servicios', 0),
	(1740, 'Bordado de Camisetas Tipo Espalda   Hilo ', 19, 'Unidad', 'Servicios', 0),
	(1741, 'Bordado de Camisetas Tipo Espalda Para 200  Hilo ', 19, 'Unidad', 'Servicios', 0),
	(1742, 'Bordado de Camisetas Tipo Espalda Para 500  Hilo ', 19, 'Unidad', 'Servicios', 0),
	(1743, 'Bordado de Camisetas Tipo Espalda Para 1000  Hilo ', 19, 'Unidad', 'Servicios', 0),
	(1744, 'Bordado de Gorra Frente Gorra   Hilo ', 19, 'Unidad', 'Servicios', 0),
	(1745, 'Bordado de Gorra Cantidad Para 200  Hilo ', 19, 'Unidad', 'Servicios', 0),
	(1746, 'Bordado de Gorra Cantidad Para 500  Hilo ', 19, 'Unidad', 'Servicios', 0),
	(1747, 'Uso de Arnes de Seguridad Altura    ', 19, 'Unidad', 'Servicios', 0),
	(1748, 'Alquiler De Escalera Certificada Altura 3,0 m   ', 19, 'Dia', 'Servicios', 0),
	(1749, 'Alquiler De Escalera Certificada Altura 10,5 m   ', 19, 'Dia', 'Servicios', 0),
	(1750, 'Alquiler De Andamio Certificado Altura 200 cm    ', 19, 'Seccion ', 'Servicios', 0),
	(1751, 'Servicio de Carro Grua Con Operario Dia   ', 19, 'Dia ', 'Servicios', 0),
	(1752, 'Grua Telescopica Bogota Alquiler Dia   ', 19, 'Dia', 'Servicios', 0),
	(1753, 'Grua Telescopica Nacional Alquiler Dia   ', 19, 'Dia', 'Servicios', 0),
	(1754, 'Retroexcavadora y Volqueta Tratado de Escombros Alquiler Dia   ', 19, 'Dia', 'Servicios', 0),
	(1755, 'Montacarga Alquiler Dia   ', 19, 'Dia', 'Servicios', 0),
	(1756, 'Inspector SISO Bogota Altura    ', 19, 'Dia', 'Servicios', 0),
	(1757, 'Inspector SISO Nacional (No incluye viaticos) Altura    ', 19, 'Dia', 'Servicios', 0),
	(1758, 'Alquiler de Bicivalla Tres Caras  150*100 cm   ', 19, 'Dia', 'Servicios', 0),
	(1759, 'Prestacion de Servicio Dia   Personal ', 19, 'Dia', 'Servicios', 0),
	(1760, 'Parqueadero  Bicivalla    ', 19, 'Dia', 'Servicios', 0),
	(1761, 'Placa Superboard Lamina 122*244 cm 8 mm Fibrocemento Super Board', 20, 'Unidad', 'Materia Prima', 0),
	(1762, 'Placa Superboard Lamina 122*244 cm 6 mm Fibrocemento Super Board', 20, 'Unidad', 'Materia Prima', 0),
	(1763, 'Placa Drywall Lamina 122*244 cm 1/2" Yeso Gyplac', 20, 'Unidad', 'Materia Prima', 0),
	(1764, 'Placa Drywall RH para Humedad Lamina 122*244 cm 1/2" Yeso Gyplac', 20, 'Unidad', 'Materia Prima', 0),
	(1765, 'Supermastik  Caneca  Masilla Supermastik', 20, 'Unidad', 'Materia Prima', 0),
	(1766, 'Dilatación Plastica U 3 Metros 8 mm Plastico ', 20, 'Unidad', 'Materia Prima', 0),
	(1767, 'Dilatación Plastica Z 3 Metros 8 mm Plastico ', 20, 'Unidad', 'Materia Prima', 0),
	(1768, 'Canal Base 9  244 cm 20 mm Acero Galvanizado ', 20, 'Unidad', 'Materia Prima', 0),
	(1769, 'Tiro de Carga Pistola de Impacto Caja x 100  22 Metal Polvora Red Point', 20, 'Unidad', 'Materia Prima', 0),
	(1770, 'Canal Omega  Tira ML 244 cm Cal. 26 Acero Galvanizado ', 20, 'Unidad', 'Materia Prima', 0),
	(1771, 'Angulo 2.5 de 4mm x 2.44 Tira ML 2.5" 2 mm Acero Galvanizado ', 20, 'Unidad', 'Materia Prima', 0),
	(1772, 'Vigueta 4mm  x 2.44 Tira ML  2 mm Acero Galvanizado ', 20, 'Unidad', 'Materia Prima', 0),
	(1773, 'Clavo Fijador de Pistola Impacto Caja x 100 1" 25 mm Acero al Carbón Red Point', 20, 'Caja x 100', 'Materia Prima', 0),
	(1774, 'Cinta Papel Drywall Rollo 75 m 3" Papel Sellapanel', 20, 'Unidad', 'Materia Prima', 0),
	(1775, 'Cinta Malla Drywall Rollo 90 m 3" Fibra de Vidrio - Adhesivo Sellapanel', 20, 'Unidad', 'Materia Prima', 0),
	(1776, 'Empaque Para Vidrio Bisel Z   Caucho ', 20, 'Metro Lineal', 'Materia Prima', 0),
	(1777, 'Silicona Antihongos Tubo 300cc   Sika', 20, 'Unidad', 'Materia Prima', 0),
	(1778, 'Sikafloor - 169 2 Componentes 5,5 kg   Resina Epóxica Traslúcida Sika', 20, 'Unidad', 'Materia Prima', 0),
	(1779, 'Sikadur - 510 Arenas Finas 40 kg  Arena de Cuarzo Fina Sika', 20, 'Bulto', 'Materia Prima', 0),
	(1780, 'Sismoflex Caneca   Silicona Corona', 20, 'Caneca 5 Galones', 'Materia Prima', 0),
	(1781, 'Sellaflex  Caneca   Masilla Corona', 20, 'Caneca 5 Galones', 'Materia Prima', 0),
	(1782, 'Estucor Estuco Max Polvo 25 kg   Corona', 20, 'Bulto', 'Materia Prima', 0),
	(1783, 'Teja Termoacustica Azul Rectangular 11,8*1,07 m 2 mm UPVC A-plast', 20, 'Unidad', 'Materia Prima', 0),
	(1784, 'Caballete Cresta Baja 1,07 m 2 mm UPVC A-plast', 20, 'Metro Linela', 'Materia Prima', 0),
	(1785, 'Tornillo con Cresta Para Teja 3"  Hierro A-plast', 20, 'Unidad', 'Materia Prima', 0),
	(1786, 'Malla de Nylon 5x5 cm 50 M2   ', 20, 'M2', 'Materia Prima', 0),
	(1787, 'Cordino Alta Tenacidad  #8 Poliester ', 20, 'Metro Linela', 'Materia Prima', 0),
	(1788, 'Tampografia en plastico normal 1 Tinta      ', 21, 'Hasta 200', 'Servicios', 0),
	(1789, 'Tampografia en plastico normal 1 Tinta      ', 21, 'Entre 200 y 1000', 'Servicios', 0),
	(1790, 'Tampografia en termos 1 Tinta      ', 21, 'Hasta 100', 'Servicios', 0),
	(1791, 'Tampografia en plastico normal 1 Tinta      ', 21, 'Entre 100 y 1000', 'Servicios', 0),
	(1792, 'Screen      ', 21, 'x 100', 'Servicios', 0),
	(1793, 'Manillas de Silicona Base + 1 Color Cerradad 12x190 mm  Silicona ', 21, 'Millar', 'Materia Prima', 0),
	(1794, 'Manillas de Silicona Base + 1 Color Doble Capa 12x190 mm  Silicona ', 21, 'Millar', 'Materia Prima', 0),
	(1795, 'Manillas Impresa VIP 19x208 mm  Papel ', 21, 'Millar', 'Materia Prima', 0),
	(1796, 'Manillas (Sin Impresión) VIP 19x208 mm  Papel ', 21, 'Unidad', 'Materia Prima', 0),
	(1797, 'Manillas Impresa Sublimada 15x195 mm  Satin ', 21, 'Millar', 'Materia Prima', 0),
	(1798, 'Carnet  54*86 mm  Tesline ', 21, 'Unidad', 'Materia Prima', 0),
	(1799, 'Carnet  54*86 mm  PVC ', 21, 'Unidad', 'Materia Prima', 0),
	(1800, 'Portacarnet Seicillo 54*86 mm  Plastico ', 21, 'Unidad', 'Materia Prima', 0),
	(1801, 'Portacarnet x20 Seicillo 54*86 mm  Plastico ', 21, 'Paquete', 'Materia Prima', 0),
	(1802, 'Yoyo Portacarnet Original Spiral 75 cm  Plastico ', 21, 'Unidad', 'Materia Prima', 0),
	(1803, 'Yoyo Portacarnet x10 Original Spiral 75 cm  Plastico ', 21, 'Unidad', 'Materia Prima', 0),
	(1804, 'Yoyo Portacarnet x10 Ameticano 85 cm  Plastico ', 21, 'Unidad', 'Materia Prima', 0),
	(1805, 'Tarjeta USB 8 Gigas 8,5*5,4 cm  Plastico ', 21, 'Unidad', 'Materia Prima', 0),
	(1806, 'Pocillo Mug Sublimacion Blanco  9,5*8 cm 11 Onz Ceramica ', 21, 'Unidad', 'Materia Prima', 0),
	(1807, 'Pocillos Mug Sublimacion Blanco x 36 9,5*8 cm 11 Onz Ceramica ', 21, 'Caja', 'Materia Prima', 0),
	(1808, 'Pocillos Mug Sublimacion Blanco Caja Individual x 36 9,5*8 cm 11 Onz Ceramica ', 21, 'Caja', 'Materia Prima', 0),
	(1809, 'Pocillo Mug Sublimacion Magico  9,5*8 cm 11 Onz Ceramica ', 21, 'Unidad', 'Materia Prima', 0),
	(1810, 'Papel de Sublimacion  A4   ', 21, 'Unidad', 'Materia Prima', 0),
	(1811, 'Papel de Sublimacion x 100 A4   ', 21, 'Paquete', 'Materia Prima', 0),
	(1812, 'Boton Promocional Redondo 25 mm  Metalico ', 21, 'Unidad', 'Materia Prima', 0),
	(1813, 'Boton Promocional Redondo 35 mm  Metalico ', 21, 'Unidad', 'Materia Prima', 0),
	(1814, 'Boton Promocional Redondo 45 mm  Metalico ', 21, 'Unidad', 'Materia Prima', 0),
	(1815, 'Boton Promocional Redondo 55 mm  Metalico ', 21, 'Unidad', 'Materia Prima', 0),
	(1816, 'Boton Promocional Redondo 65 mm  Metalico ', 21, 'Unidad', 'Materia Prima', 0),
	(1817, 'Boton Promocional Redondo 75 mm  Metalico ', 21, 'Unidad', 'Materia Prima', 0),
	(1818, 'Boton Promocional Redondo 90 mm  Metalico ', 21, 'Unidad', 'Materia Prima', 0),
	(1819, 'Boton Promocional Redondo 100 mm  Metalico ', 21, 'Unidad', 'Materia Prima', 0),
	(1820, 'Pin Resinado con Iman Rectangular 6*2,5 cm  Metalico ', 21, 'Unidad', 'Materia Prima', 0),
	(1821, 'Globos 1 Cara 1 Tinta R12  Latex ', 21, 'Unidad', 'Materia Prima', 1),
	(1822, 'Globos 2 Cara 1 Tinta R12  Latex ', 21, 'Unidad', 'Materia Prima', 1),
	(1823, 'Globos Corazon 1 Cara 1 Tinta R12  Latex ', 21, 'Unidad', 'Materia Prima', 1),
	(1824, 'Varas para Globos con Soporte   Plastico ', 21, 'Unidad', 'Materia Prima', 0),
	(1825, 'Cinta de Papel Rollo 45 Metros 2,8 cm  ', 21, 'Rollo', 'Materia Prima', 0),
	(1826, 'Cinta de Papel Rollo 45 Metros 4,5 cm  ', 21, 'Rollo', 'Materia Prima', 0),
	(1827, 'Moño de Papel x 10  2,8 cm  ', 21, 'Unidad', 'Materia Prima', 0),
	(1828, 'Moño de Papel x 10  4,5 cm  ', 21, 'Unidad', 'Materia Prima', 0),
	(1829, 'Placa Remarcada   Acero ', 21, 'Unidad', 'Materia Prima', 0),
	(1830, 'Tubo Cortina Redondo 1,1/4  Aluminio ', 21, 'Metro', 'Materia Prima', 0),
	(1831, 'Perfil Cortina Inferior    ', 21, 'Metro', 'Materia Prima', 0),
	(1832, 'Sistema Cortina Enrrollable R8    ', 21, 'Unidad', 'Materia Prima', 0),
	(1833, 'Cadena Cortina    Plastico ', 21, 'Metro', 'Materia Prima', 0),
	(1834, 'Conectores Cortina R8    ', 21, 'Unidad', 'Materia Prima', 0),
	(1835, 'Silla Puff  Cubo 40*40*42 cm  Cuero Sintético ', 21, 'Unidad', 'Materia Prima', 0),
	(1836, 'Sofa Puff    Cuero Sintético ', 21, 'Unidad', 'Materia Prima', 0),
	(1837, 'Silla Bar Enzo 90*40 cm  Cuero Sintético ', 21, 'Unidad', 'Materia Prima', 0),
	(1838, 'Silla Bar Tulipa 87,5*43,5 cm  ABS ', 21, 'Unidad', 'Materia Prima', 0),
	(1839, 'Moharra  20 cm  Bronce ', 21, 'Unidad', 'Materia Prima', 0),
	(1840, 'Moharra  20 cm  Aluminio ', 21, 'Unidad', 'Materia Prima', 0),
	(1841, 'Guillotina Importada Mediana   45*38 cm   ', 21, 'Unidad', 'Materia Prima', 0),
	(1842, 'Soporte Para TV Fijo de Pared 32" a 55"  Hierro ', 21, 'Unidad', 'Materia Prima', 0),
	(1843, 'Monitor Industrial LED Full HD 55" 3500 Nits  Samsung', 21, 'Unidad', 'Materia Prima', 0),
	(1844, 'Monitor Industrial Panel LCD industrial 55" 2500 Nits  LG', 21, 'Unidad', 'Materia Prima', 0),
	(1845, 'Transporte de Material y/o Personal Bogota', 22, 'KILOMETROS', 'Transportes', 0),
	(1846, 'Transporte de Material y/o Personal a Nivel Nacional', 22, 'KILOMETROS', 'Transportes', 0),
	(1847, 'Transporte de Material y/o Personal Moto', 22, 'KILOMETROS', 'Transportes', 0),
	(1848, 'Transporte de Productos por Empresa Transportadora', 22, 'KILOMETROS', 'Transportes', 0),
	(1849, 'Mano de Obra de Fabricacion', 23, 'DIA', 'Mano de Obra e Instalacion', 0),
	(1850, 'Mano de Obra de Instalacion', 23, 'DIA', 'Mano de Obra e Instalacion', 0),
	(1851, 'Mano de Obra de Fabricacion Nocturna', 23, 'NOCHE', 'Mano de Obra e Instalacion', 0),
	(1852, 'Mano de Obra de Instalacion Nocturna', 23, 'NOCHE', 'Mano de Obra e Instalacion', 0),
	(1853, 'Comidas', 23, 'UNIDAD', 'Mano de Obra e Instalacion', 0),
	(1854, 'Hoteles', 23, 'UNIDAD', 'Mano de Obra e Instalacion', 0),
	(1855, 'Vinilo Conformable Blanco Rollo 47 m 137   3M', 1, 'METRO LINEAL', 'Materia Prima', 0),
	(1856, 'Vinilo Conformable Laminado Mate Rollo 47 m 137   3M', 1, 'METRO LINEAL', 'Materia Prima', 0),
	(1857, 'Vinilo Conformable Laminado Brillante Rollo 47 m 137   3M', 1, 'METRO LINEAL', 'Materia Prima', 0),
	(1858, 'Pelicula Polarizado Americano Antirrayas Proteccion UV y Calor 10% Rollo 60 m 150 cm   ', 1, 'ROLLO X 60 M', 'Materia Prima', 0),
	(1859, 'Pelicula de control Solar Nanocarbono Proteccion UV 100% y Calor 80% Rollo 30 m 152 cm   ', 1, 'ROLLO X 30 M', 'Materia Prima', 0),
	(1860, 'Tubo Tipo Mueble Cuadrado 1,1/2" Cal. 20 Hierro ', 2, '6 METROS', 'Materia Prima', 0),
	(1861, 'Tubo Agua Negra Redondo 2" Cal. 0,60 - 1,5 mm Acero al Carbon  ', 2, '6 METROS', 'Materia Prima', 0),
	(1862, 'Tubo Estructural Cuadrado 120 mm Cal. 3 mm Acero al Carbon  ', 2, '6 METROS', 'Materia Prima', 0),
	(1863, 'Marco Puerta Corriente  Cal. 0,80 - 2,0 mm Acero al Carbon  ', 2, '6 METROS', 'Materia Prima', 0),
	(1864, 'Marco Puerta Corriente  Cal. 0,98 - 2,5 mm Acero al Carbon  ', 2, '6 METROS', 'Materia Prima', 0),
	(1865, 'Bolillo Cepillado Redondo 1,2*1,2 cm  Chingale ', 6, '2,90 METROS', 'Materia Prima', 0),
	(1866, 'Cinta LED RGB 110 V 5 m   ', 12, 'ROLLO X 5 M', 'Materia Prima', 0),
	(1867, 'Adhesivo Polipropileno Metalizado  100*70 cm   ', 14, 'PLIEGO', 'Materia Prima', 0),
	(1868, 'Roll Up Luxury  2*1,5  Aluminio ', 15, 'UNIDAD', 'Materia Prima', 0),
	(1869, 'Perforado Millar  25 cm   ', 19, 'MILLAR', 'Servicios', 0),
	(1870, 'Manillas Impresa Sublimada 15x300 mm  Satin ', 21, 'MILLAR', 'Materia Prima', 0),
	(1871, 'Carnet Laminado  54*86 mm  PVC ', 21, 'UNIDAD', 'Materia Prima', 0);

-- Volcando estructura para tabla software_innova.items_cotizados
CREATE TABLE IF NOT EXISTS `items_cotizados` (
  `id` int(11) NOT NULL AUTO_INCREMENT,
  `producto_cotizado_id` int(11) NOT NULL,
  `item_id` int(11) NOT NULL,
  `cantidad` int(11) NOT NULL,
  `precio_unitario` float DEFAULT NULL,
  `temporal` tinyint(1) NOT NULL,
  `total_item` float NOT NULL,
  PRIMARY KEY (`id`),
  KEY `producto_cotizado_id` (`producto_cotizado_id`),
  KEY `item_id` (`item_id`),
  CONSTRAINT `items_cotizados_ibfk_1` FOREIGN KEY (`producto_cotizado_id`) REFERENCES `producto_cotizado` (`id`),
  CONSTRAINT `items_cotizados_ibfk_2` FOREIGN KEY (`item_id`) REFERENCES `items` (`item_id`)
) ENGINE=InnoDB AUTO_INCREMENT=568 DEFAULT CHARSET=utf8mb4 COLLATE=utf8mb4_general_ci;

-- Volcando datos para la tabla software_innova.items_cotizados: ~423 rows (aproximadamente)
INSERT INTO `items_cotizados` (`id`, `producto_cotizado_id`, `item_id`, `cantidad`, `precio_unitario`, `temporal`, `total_item`) VALUES
	(1, 5, 2, 1, NULL, 0, 11.824),
	(2, 5, 1758, 1, NULL, 0, 5),
	(3, 6, 2, 3, NULL, 0, 35.472),
	(4, 6, 1758, 1, NULL, 0, 5),
	(5, 7, 2, 1, NULL, 0, 11.824),
	(6, 7, 1758, 1, NULL, 0, 5),
	(7, 7, 1759, 1, NULL, 0, 70),
	(8, 7, 1760, 1, NULL, 0, 10),
	(9, 8, 2, 1, NULL, 0, 11.824),
	(10, 8, 1758, 1, NULL, 0, 5),
	(11, 8, 1759, 1, NULL, 0, 70),
	(12, 8, 1760, 1, NULL, 0, 10),
	(13, 9, 2, 1, NULL, 0, 11.824),
	(14, 9, 1758, 1, NULL, 0, 5),
	(15, 9, 1759, 1, NULL, 0, 70),
	(16, 9, 1760, 1, NULL, 0, 10),
	(17, 10, 2, 1, NULL, 0, 11.82),
	(18, 10, 1758, 1, NULL, 0, 5),
	(19, 10, 1759, 1, NULL, 0, 70),
	(20, 10, 1760, 1, NULL, 0, 10),
	(21, 11, 2, 1, NULL, 0, 11.824),
	(22, 11, 143, 1, NULL, 0, 21.45),
	(23, 11, 1088, 1, NULL, 0, 76),
	(24, 11, 1130, 1, NULL, 0, 57.95),
	(25, 11, 1108, 1, NULL, 0, 48.141),
	(26, 12, 2, 1, NULL, 0, 11824),
	(27, 12, 304, 1, NULL, 0, 8295),
	(28, 12, 1088, 1, NULL, 0, 76000),
	(29, 13, 2, 2, NULL, 0, 23648),
	(30, 13, 143, 2, NULL, 0, 42900),
	(31, 13, 144, 2, NULL, 0, 58300),
	(32, 14, 2, 2, NULL, 0, 23648),
	(33, 14, 143, 2, NULL, 0, 42900),
	(34, 14, 1088, 2, NULL, 0, 152000),
	(35, 15, 1524, 3, NULL, 0, 16500),
	(36, 15, 1726, 3, NULL, 0, 2100),
	(37, 16, 6, 5, NULL, 0, 89537.4),
	(38, 16, 752, 4, NULL, 0, 120000),
	(39, 16, 740, 1, NULL, 0, 78000),
	(40, 16, 356, 1, NULL, 0, 88486),
	(41, 16, 1216, 1, NULL, 0, 136850),
	(42, 16, 1192, 1, NULL, 0, 5445),
	(43, 16, 1173, 1, NULL, 0, 5900),
	(44, 17, 143, 4, NULL, 0, 85800),
	(45, 17, 556, 4, NULL, 0, 146000),
	(46, 17, 1713, 4, NULL, 0, 314852),
	(47, 18, 4, 3, NULL, 0, 38533),
	(48, 18, 740, 2, NULL, 0, 195000),
	(49, 18, 750, 2, NULL, 0, 108144),
	(50, 19, 6, 5, NULL, 0, 89537.4),
	(51, 19, 752, 2, NULL, 0, 60000),
	(52, 19, 740, 2, NULL, 0, 156000),
	(53, 19, 356, 2, NULL, 0, 176972),
	(54, 19, 1216, 1, NULL, 0, 205275),
	(55, 19, 1192, 1, NULL, 0, 5445),
	(56, 19, 1173, 8, NULL, 0, 47200),
	(57, 20, 1306, 3, NULL, 0, 690000),
	(58, 20, 1307, 3, NULL, 0, 9900),
	(59, 21, 2, 2, NULL, 0, 23648),
	(60, 21, 1758, 2, NULL, 0, 10000),
	(61, 21, 1759, 2, NULL, 0, 140000),
	(62, 21, 1760, 2, NULL, 0, 20000),
	(63, 22, 2, 2, NULL, 0, 23648),
	(64, 22, 144, 2, NULL, 0, 58300),
	(65, 22, 304, 2, NULL, 0, 16590),
	(66, 22, 1088, 2, NULL, 0, 152000),
	(67, 22, 1020, 2, NULL, 0, 7374),
	(68, 22, 1108, 2, NULL, 0, 96282),
	(69, 23, 454, 2, NULL, 0, 737800),
	(70, 23, 345, 2, NULL, 0, 157308),
	(71, 23, 1212, 2, NULL, 0, 2380),
	(72, 23, 1229, 2, NULL, 0, 88060),
	(73, 23, 1192, 2, NULL, 0, 10890),
	(74, 23, 1173, 2, NULL, 0, 11800),
	(75, 23, 1179, 2, NULL, 0, 135000),
	(76, 23, 1672, 2, NULL, 0, 22),
	(77, 24, 2, 3, NULL, 0, 35472),
	(78, 24, 143, 3, NULL, 0, 64350),
	(79, 24, 144, 3, NULL, 0, 87450),
	(80, 24, 304, 3, NULL, 0, 24885),
	(81, 24, 1088, 3, NULL, 0, 228000),
	(82, 24, 1020, 3, NULL, 0, 11061),
	(83, 24, 1108, 3, NULL, 0, 144423),
	(84, 25, 2, 3, NULL, 0, 35472),
	(85, 25, 143, 3, NULL, 0, 64350),
	(86, 25, 144, 3, NULL, 0, 87450),
	(87, 25, 304, 3, NULL, 0, 24885),
	(88, 25, 1088, 3, NULL, 0, 228000),
	(89, 25, 1020, 3, NULL, 0, 11061),
	(90, 25, 1108, 3, NULL, 0, 144423),
	(91, 26, 649, 5, NULL, 0, 1588120),
	(92, 26, 688, 5, NULL, 0, 35700),
	(93, 26, 1839, 5, NULL, 0, 505750),
	(94, 26, 1524, 5, NULL, 0, 27500),
	(95, 26, 1622, 5, NULL, 0, 101500),
	(96, 26, 1727, 5, NULL, 0, 5000),
	(97, 27, 2, 2, NULL, 0, 23648),
	(98, 27, 143, 2, NULL, 0, 42900),
	(99, 27, 304, 2, NULL, 0, 16590),
	(100, 27, 1088, 2, NULL, 0, 152000),
	(101, 27, 1020, 2, NULL, 0, 7374),
	(102, 27, 1108, 2, NULL, 0, 96282),
	(103, 28, 511, 5, NULL, 0, 235000),
	(104, 28, 512, 5, NULL, 0, 257500),
	(105, 28, 513, 5, NULL, 0, 275000),
	(106, 28, 519, 5, NULL, 0, 250000),
	(107, 28, 598, 5, NULL, 0, 525000),
	(108, 28, 1055, 5, NULL, 0, 5300),
	(109, 28, 1058, 5, NULL, 0, 12500),
	(110, 34, 2, 5, NULL, 0, 59120),
	(111, 34, 143, 5, NULL, 0, 107250),
	(112, 34, 304, 5, NULL, 0, 41475),
	(113, 34, 1088, 5, NULL, 0, 380000),
	(114, 34, 1020, 5, NULL, 0, 18435),
	(115, 34, 1108, 5, NULL, 0, 240705),
	(116, 35, 143, 5, NULL, 0, 107250),
	(117, 35, 144, 5, NULL, 0, 145750),
	(118, 35, 146, 5, NULL, 0, 324710),
	(119, 35, 215, 5, NULL, 0, 290500),
	(120, 35, 556, 5, NULL, 0, 182500),
	(121, 35, 1293, 5, NULL, 0, 0),
	(122, 35, 1295, 5, NULL, 0, 0),
	(123, 35, 1092, 5, NULL, 0, 428995),
	(124, 35, 1713, 5, NULL, 0, 393565),
	(125, 36, 1815, 10, NULL, 0, 11000),
	(126, 36, 4, 10, NULL, 0, 124300),
	(127, 36, 5, 10, NULL, 0, 155330),
	(128, 36, 6, 10, NULL, 0, 165810),
	(129, 37, 398, 3, NULL, 0, 481950),
	(130, 37, 453, 3, NULL, 0, 605994),
	(131, 37, 61, 3, NULL, 0, 64260),
	(132, 37, 143, 3, NULL, 0, 64350),
	(133, 37, 144, 3, NULL, 0, 87450),
	(134, 38, 6, 10, NULL, 0, 165810),
	(135, 38, 143, 10, NULL, 0, 214500),
	(136, 38, 144, 10, NULL, 0, 291500),
	(137, 38, 208, 10, NULL, 0, 235000),
	(138, 39, 791, 7, NULL, 0, 1855),
	(139, 39, 792, 7, NULL, 0, 2310),
	(140, 39, 805, 7, NULL, 0, 2709),
	(141, 40, 398, 3, NULL, 0, 481950),
	(142, 40, 1212, 3, NULL, 0, 3570),
	(143, 40, 1229, 3, NULL, 0, 132090),
	(144, 40, 1192, 3, NULL, 0, 16335),
	(145, 40, 1173, 3, NULL, 0, 17700),
	(146, 40, 1179, 3, NULL, 0, 202500),
	(147, 40, 1671, 3, NULL, 0, 30),
	(148, 41, 689, 2, NULL, 0, 25000),
	(149, 41, 1524, 2, NULL, 0, 11000),
	(150, 41, 1622, 2, NULL, 0, 40600),
	(151, 41, 1632, 2, NULL, 0, 1000),
	(152, 41, 1727, 2, NULL, 0, 2000),
	(153, 42, 2, 6, NULL, 0, 70944),
	(154, 42, 144, 6, NULL, 0, 174900),
	(155, 42, 145, 6, NULL, 0, 261450),
	(156, 42, 154, 6, NULL, 0, 312000),
	(157, 43, 2, 4, NULL, 0, 47296),
	(158, 43, 143, 4, NULL, 0, 85800),
	(159, 43, 144, 4, NULL, 0, 116600),
	(160, 43, 304, 4, NULL, 0, 33180),
	(161, 43, 1088, 4, NULL, 0, 304000),
	(162, 43, 1020, 4, NULL, 0, 14748),
	(163, 44, 1812, 9, NULL, 0, 6300),
	(164, 44, 1813, 9, NULL, 0, 7110),
	(165, 44, 1814, 9, NULL, 0, 8280),
	(166, 44, 1815, 9, NULL, 0, 9900),
	(167, 44, 1819, 9, NULL, 0, 24750),
	(168, 45, 6, 3, NULL, 0, 49743),
	(169, 45, 143, 3, NULL, 0, 64350),
	(170, 45, 144, 3, NULL, 0, 87450),
	(171, 45, 208, 3, NULL, 0, 70500),
	(172, 45, 304, 3, NULL, 0, 24885),
	(173, 45, 253, 3, NULL, 0, 133875),
	(174, 46, 398, 4, NULL, 0, 642600),
	(175, 46, 453, 4, NULL, 0, 807992),
	(176, 46, 61, 4, NULL, 0, 85680),
	(177, 46, 143, 4, NULL, 0, 85800),
	(178, 46, 144, 4, NULL, 0, 116600),
	(179, 46, 208, 4, NULL, 0, 94000),
	(180, 46, 304, 4, NULL, 0, 33180),
	(181, 46, 253, 4, NULL, 0, 178500),
	(182, 46, 262, 4, NULL, 0, 412000),
	(183, 46, 1238, 4, NULL, 0, 200000),
	(184, 47, 398, 4, NULL, 0, 642600),
	(185, 47, 453, 4, NULL, 0, 807992),
	(186, 47, 61, 4, NULL, 0, 85680),
	(187, 47, 143, 4, NULL, 0, 85800),
	(188, 47, 144, 4, NULL, 0, 116600),
	(189, 47, 208, 4, NULL, 0, 94000),
	(190, 47, 304, 4, NULL, 0, 33180),
	(191, 47, 253, 4, NULL, 0, 178500),
	(192, 47, 262, 4, NULL, 0, 412000),
	(193, 47, 1238, 4, NULL, 0, 200000),
	(194, 48, 398, 5, NULL, 0, 803250),
	(195, 48, 402, 5, NULL, 0, 1118.6),
	(196, 48, 453, 5, NULL, 0, 1009.99),
	(197, 48, 454, 5, NULL, 0, 1844.5),
	(198, 48, 344, 5, NULL, 0, 294955),
	(199, 49, 791, 12, NULL, 0, 3180),
	(200, 49, 792, 12, NULL, 0, 3960),
	(201, 49, 805, 12, NULL, 0, 4644),
	(202, 49, 806, 12, NULL, 0, 5760),
	(203, 50, 791, 4, NULL, 0, 1060),
	(204, 50, 792, 4, NULL, 0, 1320),
	(205, 50, 805, 4, NULL, 0, 1548),
	(206, 50, 806, 4, NULL, 0, 1920),
	(207, 51, 689, 4, NULL, 0, 50000),
	(208, 51, 690, 4, NULL, 0, 70000),
	(209, 51, 1524, 4, NULL, 0, 22000),
	(210, 51, 1622, 4, NULL, 0, 81200),
	(211, 51, 1623, 4, NULL, 0, 0),
	(212, 52, 398, 5, NULL, 0, 803250),
	(213, 52, 402, 5, NULL, 0, 1118.6),
	(214, 52, 453, 5, NULL, 0, 1009.99),
	(215, 52, 454, 5, NULL, 0, 1844.5),
	(216, 52, 344, 5, NULL, 0, 294955),
	(217, 53, 2, 4, NULL, 0, 47296),
	(218, 53, 144, 4, NULL, 0, 116600),
	(219, 53, 145, 4, NULL, 0, 174300),
	(220, 53, 154, 4, NULL, 0, 208000),
	(221, 53, 304, 4, NULL, 0, 33180),
	(222, 54, 2, 6, NULL, 0, 70944),
	(223, 54, 143, 6, NULL, 0, 128700),
	(224, 54, 144, 6, NULL, 0, 174900),
	(225, 54, 304, 6, NULL, 0, 49770),
	(226, 54, 1088, 6, NULL, 0, 456000),
	(227, 54, 1020, 6, NULL, 0, 22122),
	(228, 54, 1108, 6, NULL, 0, 288846),
	(229, 55, 6, 5, NULL, 0, 82905),
	(230, 55, 143, 5, NULL, 0, 107250),
	(231, 55, 144, 5, NULL, 0, 145750),
	(232, 55, 208, 5, NULL, 0, 117500),
	(233, 55, 304, 5, NULL, 0, 41475),
	(234, 56, 398, 5, NULL, 0, 803250),
	(235, 56, 453, 5, NULL, 0, 1009.99),
	(236, 56, 61, 5, NULL, 0, 107100),
	(237, 56, 143, 5, NULL, 0, 107250),
	(238, 56, 144, 5, NULL, 0, 145750),
	(239, 56, 208, 5, NULL, 0, 117500),
	(240, 57, 6, 9, NULL, 0, 149229),
	(241, 57, 143, 9, NULL, 0, 193050),
	(242, 57, 144, 9, NULL, 0, 262350),
	(243, 57, 208, 9, NULL, 0, 211500),
	(244, 57, 304, 9, NULL, 0, 74655),
	(245, 57, 253, 9, NULL, 0, 401625),
	(246, 57, 254, 9, NULL, 0, 476280),
	(247, 60, 398, 5, NULL, 0, 803250),
	(248, 60, 61, 5, NULL, 0, 107100),
	(249, 60, 143, 5, NULL, 0, 107250),
	(250, 60, 208, 5, NULL, 0, 117500),
	(251, 60, 304, 5, NULL, 0, 41475),
	(252, 60, 253, 5, NULL, 0, 223125),
	(253, 60, 1198, 5, NULL, 0, 46425),
	(254, 60, 1238, 5, NULL, 0, 250000),
	(255, 60, 1191, 5, NULL, 0, 27905),
	(256, 60, 1173, 5, NULL, 0, 29500),
	(257, 60, 1705, 5, NULL, 0, 10000),
	(258, 60, 1671, 5, NULL, 0, 50),
	(259, 61, 167, 3, NULL, 0, 283500),
	(260, 61, 210, 3, NULL, 0, 117810),
	(261, 61, 300, 3, NULL, 0, 76500),
	(262, 61, 1713, 3, NULL, 0, 236139),
	(263, 62, 398, 4, NULL, 0, 642600),
	(264, 62, 453, 4, NULL, 0, 807992),
	(265, 62, 61, 4, NULL, 0, 85680),
	(266, 62, 143, 4, NULL, 0, 85800),
	(267, 63, 2, 6, NULL, 0, 70944),
	(268, 63, 144, 6, NULL, 0, 174900),
	(269, 63, 145, 6, NULL, 0, 261450),
	(270, 63, 154, 6, NULL, 0, 312000),
	(271, 63, 304, 6, NULL, 0, 49770),
	(272, 64, 398, 5, NULL, 0, 803250),
	(273, 64, 61, 5, NULL, 0, 107100),
	(274, 64, 143, 5, NULL, 0, 107250),
	(275, 64, 144, 5, NULL, 0, 145750),
	(276, 64, 208, 5, NULL, 0, 117500),
	(277, 64, 1198, 5, NULL, 0, 46425),
	(278, 64, 1238, 5, NULL, 0, 250000),
	(279, 64, 1173, 5, NULL, 0, 29500),
	(280, 64, 1671, 5, NULL, 0, 50),
	(281, 65, 689, 3, NULL, 0, 37500),
	(282, 65, 690, 3, NULL, 0, 52500),
	(283, 65, 1524, 3, NULL, 0, 16500),
	(284, 65, 1622, 3, NULL, 0, 60900),
	(285, 66, 453, 5, NULL, 0, 1009.99),
	(286, 66, 61, 5, NULL, 0, 107100),
	(287, 66, 143, 5, NULL, 0, 107250),
	(288, 66, 304, 5, NULL, 0, 41475),
	(289, 67, 9, 4, NULL, 0, 44856),
	(290, 67, 10, 4, NULL, 0, 76172),
	(291, 67, 33, 4, NULL, 0, 23324),
	(292, 67, 869, 4, NULL, 0, 380800),
	(293, 67, 870, 4, NULL, 0, 452200),
	(294, 68, 7, 7, NULL, 0, 78498),
	(295, 68, 8, 7, NULL, 0, 133301),
	(296, 68, 34, 7, NULL, 0, 40817),
	(297, 68, 345, 7, NULL, 0, 550578),
	(298, 69, 7, 5, NULL, 0, 56070),
	(299, 69, 8, 5, NULL, 0, 95215),
	(300, 69, 34, 5, NULL, 0, 29155),
	(301, 69, 770, 5, NULL, 0, 549000),
	(302, 69, 771, 5, NULL, 0, 1091),
	(303, 69, 772, 5, NULL, 0, 2843),
	(304, 70, 398, 4, NULL, 0, 642600),
	(305, 70, 453, 4, NULL, 0, 807992),
	(306, 70, 61, 4, NULL, 0, 85680),
	(307, 70, 143, 4, NULL, 0, 85800),
	(308, 71, 2, 2, NULL, 0, 23648),
	(309, 71, 7, 2, NULL, 0, 22428),
	(310, 71, 8, 2, NULL, 0, 38086),
	(311, 71, 34, 2, NULL, 0, 11662),
	(312, 72, 192, 1, NULL, 0, 524790),
	(313, 72, 1293, 1, NULL, 0, 33000),
	(314, 72, 1295, 6, NULL, 0, 60000),
	(315, 72, 1291, 2, NULL, 0, 50000),
	(316, 72, 329, 4, NULL, 0, 56000),
	(317, 72, 230, 0, NULL, 0, 21750),
	(318, 72, 852, 1, NULL, 0, 693000),
	(319, 72, 157, 4, NULL, 0, 294860),
	(320, 72, 554, 1, NULL, 0, 70000),
	(321, 72, 597, 1, NULL, 0, 20100),
	(322, 72, 928, 64, NULL, 0, 44800),
	(323, 72, 1853, 6, NULL, 0, 78000),
	(324, 72, 1849, 2, NULL, 0, 252400),
	(325, 72, 1850, 3, NULL, 0, 378600),
	(326, 72, 1846, 90, NULL, 0, 270810),
	(327, 73, 398, 4, NULL, 0, 642600),
	(328, 73, 453, 4, NULL, 0, 807992),
	(329, 73, 61, 4, NULL, 0, 85680),
	(330, 73, 143, 4, NULL, 0, 85800),
	(331, 73, 144, 4, NULL, 0, 116600),
	(332, 73, 208, 4, NULL, 0, 94000),
	(333, 74, 2, 3, NULL, 0, 35472),
	(334, 74, 145, 3, NULL, 0, 130725),
	(335, 74, 146, 3, NULL, 0, 194826),
	(336, 74, 158, 3, NULL, 0, 234000),
	(337, 75, 338, 7, NULL, 0, 33061),
	(338, 75, 339, 7, NULL, 0, 103236),
	(339, 75, 340, 7, NULL, 0, 137648),
	(340, 75, 341, 7, NULL, 0, 206465),
	(341, 76, 2, 3, NULL, 0, 35472),
	(342, 76, 144, 3, NULL, 0, 87450),
	(343, 76, 145, 3, NULL, 0, 130725),
	(344, 76, 154, 3, NULL, 0, 156000),
	(345, 77, 6, 4, NULL, 0, 66324),
	(346, 77, 736, 4, NULL, 0, 130000),
	(347, 77, 737, 4, NULL, 0, 142600),
	(348, 77, 738, 4, NULL, 0, 176000),
	(349, 77, 753, 4, NULL, 0, 66400),
	(350, 78, 6, 3, NULL, 0, 49743),
	(351, 78, 736, 3, NULL, 0, 97500),
	(352, 78, 737, 3, NULL, 0, 106950),
	(353, 78, 738, 3, NULL, 0, 132000),
	(354, 79, 2, 2, NULL, 0, 23648),
	(355, 79, 143, 2, NULL, 0, 42900),
	(356, 79, 144, 2, NULL, 0, 58300),
	(357, 79, 304, 2, NULL, 0, 16590),
	(358, 80, 2, 2, NULL, 0, 23648),
	(359, 80, 143, 2, NULL, 0, 42900),
	(360, 80, 144, 2, NULL, 0, 58300),
	(361, 80, 304, 2, NULL, 0, 16590),
	(362, 81, 398, 5, NULL, 0, 803250),
	(363, 81, 453, 5, NULL, 0, 1009.99),
	(364, 81, 61, 5, NULL, 0, 107100),
	(365, 81, 143, 5, NULL, 0, 107250),
	(366, 82, 2, 3, NULL, 0, 35472),
	(367, 82, 143, 3, NULL, 0, 64350),
	(368, 82, 1088, 3, NULL, 0, 228000),
	(369, 82, 1130, 3, NULL, 0, 173850),
	(370, 82, 1108, 3, NULL, 0, 144423),
	(371, 83, 2, 3, NULL, 0, 135000),
	(372, 83, 2, 3, NULL, 0, 35472),
	(373, 83, 143, 3, NULL, 0, 64350),
	(374, 83, 144, 3, NULL, 0, 87450),
	(375, 83, 304, 3, NULL, 0, 24885),
	(376, 85, 844, 6, NULL, 0, 360000),
	(377, 85, 869, 6, NULL, 0, 571200),
	(378, 85, 86, 6, NULL, 0, 95676),
	(379, 86, 2, 7, NULL, 0, 82768),
	(380, 86, 143, 7, NULL, 0, 150150),
	(381, 86, 144, 7, NULL, 0, 204050),
	(382, 87, 398, 3, NULL, 0, 481950),
	(383, 87, 453, 3, NULL, 0, 605994),
	(384, 87, 61, 3, NULL, 0, 64260),
	(385, 87, 143, 3, NULL, 0, 64350),
	(386, 87, 144, 3, NULL, 0, 87450),
	(387, 88, 398, 4, NULL, 0, 642600),
	(388, 88, 453, 4, NULL, 0, 807992),
	(389, 88, 61, 4, NULL, 0, 85680),
	(390, 88, 143, 4, NULL, 0, 85800),
	(391, 88, 144, 4, NULL, 0, 116600),
	(392, 88, 208, 4, NULL, 0, 94000),
	(393, 89, 398, 4, NULL, 0, 642600),
	(394, 89, 453, 4, NULL, 0, 807992),
	(395, 89, 61, 4, NULL, 0, 85680),
	(396, 89, 143, 4, NULL, 0, 85800),
	(397, 90, 398, 4, NULL, 0, 642600),
	(398, 90, 453, 4, NULL, 0, 807992),
	(399, 90, 61, 4, NULL, 0, 85680),
	(400, 90, 143, 4, NULL, 0, 85800),
	(401, 91, 2, 2, NULL, 0, 23648),
	(402, 91, 143, 2, NULL, 0, 42900),
	(403, 91, 1088, 2, NULL, 0, 152000),
	(404, 92, 6, 1, NULL, 0, 16581),
	(405, 92, 736, 1, NULL, 0, 32500),
	(406, 92, 737, 1, NULL, 0, 35650),
	(407, 92, 738, 1, NULL, 0, 44000),
	(408, 92, 753, 1, NULL, 0, 16600),
	(409, 92, 755, 1, NULL, 0, 25800),
	(410, 92, 718, 1, NULL, 0, 33070),
	(411, 92, 719, 1, NULL, 0, 39000),
	(412, 92, 757, 1, NULL, 0, 54000),
	(413, 92, 253, 1, NULL, 0, 44625),
	(414, 92, 254, 1, NULL, 0, 52920),
	(415, 92, 261, 1, NULL, 0, 66110),
	(416, 92, 262, 1, NULL, 0, 103000),
	(417, 92, 1198, 1, NULL, 0, 9285),
	(418, 92, 1200, 1, NULL, 0, 8500),
	(419, 92, 1201, 1, NULL, 0, 9285),
	(420, 92, 1238, 1, NULL, 0, 50000),
	(421, 92, 1191, 1, NULL, 0, 5581),
	(422, 92, 1173, 1, NULL, 0, 5900),
	(423, 92, 1705, 1, NULL, 0, 2000),
	(424, 93, 2, 3, NULL, 0, 35472),
	(425, 93, 143, 3, NULL, 0, 64350),
	(426, 93, 144, 3, NULL, 0, 87450),
	(427, 93, 304, 3, NULL, 0, 24885),
	(428, 95, 2, 2, NULL, 0, 23648),
	(429, 95, 143, 2, NULL, 0, 42900),
	(430, 95, 144, 2, NULL, 0, 58300),
	(431, 95, 304, 2, NULL, 0, 16590),
	(432, 95, 1088, 2, NULL, 0, 152000),
	(433, 95, 1020, 2, NULL, 0, 7374),
	(434, 97, 2, 3, NULL, 0, 35472),
	(435, 97, 144, 3, NULL, 0, 87450),
	(436, 97, 145, 3, NULL, 0, 130725),
	(437, 97, 154, 3, NULL, 0, 156000),
	(438, 97, 304, 3, NULL, 0, 24885),
	(439, 98, 398, 3, NULL, 0, 481950),
	(440, 98, 453, 3, NULL, 0, 605994),
	(441, 98, 61, 3, NULL, 0, 64260),
	(442, 98, 736, 3, NULL, 0, 97500),
	(443, 98, 737, 3, NULL, 0, 106950),
	(444, 99, 398, 3, NULL, 0, 481950),
	(445, 99, 453, 3, NULL, 0, 605994),
	(446, 99, 61, 3, NULL, 0, 64260),
	(447, 99, 143, 3, NULL, 0, 64350),
	(448, 99, 144, 3, NULL, 0, 87450),
	(449, 100, 2, 3, NULL, 0, 35472),
	(450, 100, 143, 3, NULL, 0, 64350),
	(451, 100, 144, 3, NULL, 0, 87450),
	(452, 101, 2, 3, NULL, 0, 35472),
	(453, 101, 144, 3, NULL, 0, 87450),
	(454, 101, 145, 3, NULL, 0, 130725),
	(455, 101, 154, 3, NULL, 0, 156000),
	(456, 102, 2, 3, NULL, 0, 35472),
	(457, 102, 144, 30, NULL, 0, 874500),
	(458, 102, 154, 3, NULL, 0, 156000),
	(459, 103, 2, 3, NULL, 0, 35472),
	(460, 103, 143, 3, NULL, 0, 64350),
	(461, 103, 144, 3, NULL, 0, 87450),
	(462, 103, 304, 3, NULL, 0, 24885),
	(463, 103, 1088, 3, NULL, 0, 228000),
	(464, 104, 6, 4, NULL, 0, 66324),
	(465, 104, 736, 4, NULL, 0, 130000),
	(466, 104, 737, 4, NULL, 0, 142600),
	(467, 104, 738, 4, NULL, 0, 176000),
	(468, 104, 753, 4, NULL, 0, 66400),
	(469, 104, 755, 4, NULL, 0, 103200),
	(470, 105, 791, 2, NULL, 0, 530000),
	(471, 105, 792, 2, NULL, 0, 660000),
	(472, 105, 805, 2, NULL, 0, 774000),
	(473, 105, 806, 2, NULL, 0, 960000),
	(474, 105, 42, 2, NULL, 0, 58000),
	(475, 106, 7, 3, NULL, 0, 33642),
	(476, 106, 8, 3, NULL, 0, 57129),
	(477, 106, 34, 3, NULL, 0, 17493),
	(478, 106, 345, 3, NULL, 0, 235962),
	(479, 106, 346, 3, NULL, 0, 294954),
	(480, 106, 840, 3, NULL, 0, 6000),
	(481, 106, 841, 3, NULL, 0, 7200),
	(482, 106, 842, 3, NULL, 0, 9000),
	(483, 106, 1626, 3, NULL, 0, 4245),
	(484, 107, 2, 3, NULL, 0, 35472),
	(485, 107, 1489, 3, NULL, 0, 1556.52),
	(486, 107, 1490, 3, NULL, 0, 1627.92),
	(487, 107, 1008, 3, NULL, 0, 357),
	(488, 108, 9, 5, NULL, 0, 56070),
	(489, 108, 10, 5, NULL, 0, 95215),
	(490, 108, 471, 5, NULL, 0, 1350),
	(491, 108, 472, 5, NULL, 0, 928200),
	(492, 108, 473, 5, NULL, 0, 464100),
	(493, 109, 2, 4, NULL, 0, 47296),
	(494, 109, 143, 4, NULL, 0, 85800),
	(495, 109, 208, 4, NULL, 0, 94000),
	(496, 109, 1326, 4, NULL, 0, 0),
	(497, 109, 1327, 4, NULL, 0, 0),
	(498, 110, 791, 3, NULL, 0, 795000),
	(499, 110, 792, 3, NULL, 0, 990000),
	(500, 110, 805, 3, NULL, 0, 1161),
	(501, 110, 806, 3, NULL, 0, 1440),
	(502, 111, 1500, 3, NULL, 0, 8925),
	(503, 111, 1504, 3, NULL, 0, 4998),
	(504, 111, 1508, 3, NULL, 0, 642600),
	(505, 111, 1509, 3, NULL, 0, 321300),
	(506, 112, 1500, 3, NULL, 0, 8925000),
	(507, 112, 1504, 3, NULL, 0, 4998000),
	(508, 112, 1508, 3, NULL, 0, 642600),
	(509, 112, 1509, 3, NULL, 0, 321300),
	(510, 113, 4, 3, NULL, 0, 15000),
	(511, 113, 398, 3, NULL, 0, 481950),
	(512, 113, 402, 3, NULL, 0, 671160),
	(513, 113, 453, 3, NULL, 0, 605994),
	(514, 113, 454, 3, NULL, 0, 1106700),
	(515, 114, 398, 3, NULL, 0, 481950),
	(516, 114, 453, 3, NULL, 0, 605994),
	(517, 114, 61, 3, NULL, 0, 64260),
	(518, 114, 143, 3, NULL, 0, 64350),
	(519, 115, 398, 3, NULL, 0, 481950),
	(520, 115, 453, 3, NULL, 0, 605994),
	(521, 115, 61, 3, NULL, 0, 64260),
	(522, 115, 143, 3, NULL, 0, 64350),
	(523, 115, 144, 3, NULL, 0, 87450),
	(524, 115, 208, 3, NULL, 0, 70500),
	(525, 115, 304, 3, NULL, 0, 24885),
	(526, 115, 253, 3, NULL, 0, 133875),
	(527, 115, 1520, 2, NULL, 0, 74800),
	(528, 115, 1532, 2, NULL, 0, 29998),
	(529, 115, 1564, 2, NULL, 0, 3400),
	(530, 115, 1566, 2, NULL, 0, 2000),
	(531, 115, 1567, 2, NULL, 0, 800),
	(532, 115, 1569, 2, NULL, 0, 1400),
	(533, 115, 1251, 2, NULL, 0, 547400),
	(534, 116, 398, 3, NULL, 0, 481950),
	(535, 116, 453, 3, NULL, 0, 605994),
	(536, 116, 61, 3, NULL, 0, 64260),
	(537, 116, 143, 3, NULL, 0, 64350),
	(538, 116, 144, 3, NULL, 0, 87450),
	(539, 116, 208, 3, NULL, 0, 70500),
	(540, 116, 304, 3, NULL, 0, 24885),
	(541, 116, 253, 3, NULL, 0, 133875),
	(542, 116, 1520, 2, NULL, 0, 74800),
	(543, 116, 1532, 2, NULL, 0, 29998),
	(544, 116, 1564, 2, NULL, 0, 3400),
	(545, 116, 1566, 2, NULL, 0, 2000),
	(546, 116, 1567, 2, NULL, 0, 800),
	(547, 116, 1569, 2, NULL, 0, 1400),
	(548, 116, 1251, 2, NULL, 0, 547400),
	(549, 117, 2, 3, NULL, 0, 35472),
	(550, 117, 1758, 3, NULL, 0, 15000),
	(551, 117, 1759, 3, NULL, 0, 210000),
	(552, 117, 1760, 3, NULL, 0, 30000),
	(553, 118, 2, 3, NULL, 0, 35472),
	(554, 118, 1758, 3, NULL, 0, 15000),
	(555, 118, 1759, 3, NULL, 0, 210000),
	(556, 118, 1760, 3, NULL, 0, 30000),
	(557, 119, 2, 3, NULL, 0, 35472),
	(558, 119, 1758, 3, NULL, 0, 15000),
	(559, 119, 1759, 3, NULL, 0, 210000),
	(560, 119, 1760, 3, NULL, 0, 30000),
	(561, 120, 2, 1, NULL, 0, 11824),
	(562, 120, 1758, 1, NULL, 0, 5000),
	(563, 120, 1759, 1, NULL, 0, 70000),
	(564, 120, 1760, 1, NULL, 0, 10000),
	(565, 121, 2, 3, NULL, 0, 35472),
	(566, 121, 1758, 3, NULL, 0, 15000),
	(567, 121, 1759, 3, NULL, 0, 210000);

-- Volcando estructura para tabla software_innova.items_por_producto
CREATE TABLE IF NOT EXISTS `items_por_producto` (
  `item_producto_id` int(11) NOT NULL AUTO_INCREMENT,
  `producto_idFK` int(11) NOT NULL,
  `item_idFK` int(11) NOT NULL,
  PRIMARY KEY (`item_producto_id`),
  KEY `producto_idFK` (`producto_idFK`),
  KEY `item_idFK` (`item_idFK`),
  CONSTRAINT `items_por_producto_ibfk_1` FOREIGN KEY (`producto_idFK`) REFERENCES `productos` (`producto_id`),
  CONSTRAINT `items_por_producto_ibfk_2` FOREIGN KEY (`item_idFK`) REFERENCES `items` (`item_id`)
) ENGINE=InnoDB AUTO_INCREMENT=3371 DEFAULT CHARSET=utf8mb4 COLLATE=utf8mb4_general_ci;

-- Volcando datos para la tabla software_innova.items_por_producto: ~3.370 rows (aproximadamente)
INSERT INTO `items_por_producto` (`item_producto_id`, `producto_idFK`, `item_idFK`) VALUES
	(1, 1, 2),
	(2, 1, 1758),
	(3, 1, 1759),
	(4, 1, 1760),
	(5, 3, 2),
	(6, 3, 5),
	(7, 3, 682),
	(8, 3, 1015),
	(9, 4, 2),
	(10, 4, 3),
	(11, 4, 4),
	(12, 4, 143),
	(13, 4, 208),
	(14, 4, 1326),
	(15, 4, 1327),
	(16, 4, 1328),
	(17, 4, 1329),
	(18, 5, 2),
	(19, 5, 143),
	(20, 5, 1088),
	(21, 5, 1130),
	(22, 5, 1108),
	(23, 6, 2),
	(24, 6, 143),
	(25, 6, 144),
	(26, 6, 304),
	(27, 6, 1088),
	(28, 6, 1020),
	(29, 6, 1108),
	(30, 7, 2),
	(31, 7, 144),
	(32, 7, 145),
	(33, 7, 154),
	(34, 7, 304),
	(35, 7, 305),
	(36, 7, 1088),
	(37, 7, 1020),
	(38, 7, 1108),
	(39, 8, 2),
	(40, 8, 144),
	(41, 8, 158),
	(42, 8, 304),
	(43, 8, 306),
	(44, 8, 1088),
	(45, 8, 1020),
	(46, 8, 1108),
	(47, 9, 398),
	(48, 9, 453),
	(49, 9, 61),
	(50, 9, 736),
	(51, 9, 737),
	(52, 9, 738),
	(53, 9, 753),
	(54, 9, 755),
	(55, 9, 718),
	(56, 9, 719),
	(57, 9, 757),
	(58, 9, 253),
	(59, 9, 254),
	(60, 9, 261),
	(61, 9, 262),
	(62, 9, 1173),
	(63, 9, 1198),
	(64, 9, 1200),
	(65, 9, 1201),
	(66, 9, 1238),
	(67, 9, 1191),
	(68, 9, 1705),
	(69, 9, 1671),
	(70, 10, 6),
	(71, 10, 736),
	(72, 10, 737),
	(73, 10, 738),
	(74, 10, 753),
	(75, 10, 755),
	(76, 10, 718),
	(77, 10, 719),
	(78, 10, 757),
	(79, 10, 253),
	(80, 10, 254),
	(81, 10, 261),
	(82, 10, 262),
	(83, 10, 1173),
	(84, 10, 1198),
	(85, 10, 1200),
	(86, 10, 1201),
	(87, 10, 1238),
	(88, 10, 1191),
	(89, 10, 1705),
	(90, 11, 398),
	(91, 11, 453),
	(92, 11, 61),
	(93, 11, 143),
	(94, 11, 144),
	(95, 11, 208),
	(96, 11, 304),
	(97, 11, 253),
	(98, 11, 254),
	(99, 11, 261),
	(100, 11, 262),
	(101, 11, 1173),
	(102, 11, 1198),
	(103, 11, 1200),
	(104, 11, 1201),
	(105, 11, 1238),
	(106, 11, 1191),
	(107, 11, 1705),
	(108, 11, 1671),
	(109, 12, 6),
	(110, 12, 143),
	(111, 12, 144),
	(112, 12, 208),
	(113, 12, 304),
	(114, 12, 253),
	(115, 12, 254),
	(116, 12, 261),
	(117, 12, 262),
	(118, 12, 1173),
	(119, 12, 1198),
	(120, 12, 1200),
	(121, 12, 1201),
	(122, 12, 1238),
	(123, 12, 1191),
	(124, 12, 1705),
	(125, 13, 9),
	(126, 13, 10),
	(127, 13, 471),
	(128, 13, 472),
	(129, 13, 473),
	(130, 13, 474),
	(131, 13, 475),
	(132, 13, 476),
	(133, 13, 477),
	(134, 13, 478),
	(135, 13, 1217),
	(136, 13, 1218),
	(137, 13, 1181),
	(138, 13, 1192),
	(139, 13, 1229),
	(140, 13, 1230),
	(141, 13, 1231),
	(142, 13, 1232),
	(143, 13, 1233),
	(144, 13, 1671),
	(145, 13, 1672),
	(146, 13, 1673),
	(147, 14, 9),
	(148, 14, 10),
	(149, 14, 398),
	(150, 14, 402),
	(151, 14, 406),
	(152, 14, 410),
	(153, 14, 414),
	(154, 14, 422),
	(155, 14, 426),
	(156, 14, 430),
	(157, 14, 434),
	(158, 14, 438),
	(159, 14, 471),
	(160, 14, 475),
	(161, 14, 479),
	(162, 14, 483),
	(163, 14, 59),
	(164, 14, 1082),
	(165, 14, 1627),
	(166, 14, 1628),
	(167, 14, 1671),
	(168, 14, 1672),
	(169, 14, 1673),
	(170, 14, 1676),
	(171, 14, 1678),
	(172, 15, 791),
	(173, 15, 792),
	(174, 15, 805),
	(175, 15, 806),
	(176, 16, 398),
	(177, 16, 402),
	(178, 16, 453),
	(179, 16, 454),
	(180, 16, 344),
	(181, 16, 345),
	(182, 16, 1212),
	(183, 16, 1229),
	(184, 16, 1230),
	(185, 16, 1231),
	(186, 16, 1232),
	(187, 16, 1233),
	(188, 16, 1234),
	(189, 16, 1173),
	(190, 16, 1179),
	(191, 16, 1192),
	(192, 16, 1671),
	(193, 16, 1672),
	(194, 17, 398),
	(195, 17, 402),
	(196, 17, 453),
	(197, 17, 454),
	(198, 17, 344),
	(199, 17, 345),
	(200, 17, 851),
	(201, 17, 852),
	(202, 17, 853),
	(203, 17, 145),
	(204, 17, 154),
	(205, 17, 158),
	(206, 17, 1212),
	(207, 17, 1229),
	(208, 17, 1230),
	(209, 17, 1231),
	(210, 17, 1232),
	(211, 17, 1233),
	(212, 17, 1234),
	(213, 17, 1173),
	(214, 17, 1179),
	(215, 17, 1192),
	(216, 17, 1671),
	(217, 17, 1672),
	(218, 17, 1713),
	(219, 17, 1714),
	(220, 17, 1715),
	(221, 17, 1716),
	(222, 17, 1706),
	(223, 18, 398),
	(224, 18, 402),
	(225, 18, 453),
	(226, 18, 454),
	(227, 18, 344),
	(228, 18, 345),
	(229, 18, 254),
	(230, 18, 262),
	(231, 18, 144),
	(232, 18, 145),
	(233, 18, 154),
	(234, 18, 158),
	(235, 18, 1212),
	(236, 18, 1229),
	(237, 18, 1230),
	(238, 18, 1231),
	(239, 18, 1232),
	(240, 18, 1233),
	(241, 18, 1234),
	(242, 18, 1173),
	(243, 18, 1179),
	(244, 18, 1192),
	(245, 18, 1671),
	(246, 18, 1672),
	(247, 18, 1713),
	(248, 18, 1714),
	(249, 18, 1715),
	(250, 18, 1716),
	(251, 18, 1706),
	(252, 19, 270),
	(253, 19, 271),
	(254, 19, 277),
	(255, 19, 278),
	(256, 20, 254),
	(257, 20, 255),
	(258, 20, 262),
	(259, 20, 263),
	(260, 21, 7),
	(261, 21, 8),
	(262, 21, 33),
	(263, 21, 642),
	(264, 21, 643),
	(265, 21, 644),
	(266, 21, 705),
	(267, 21, 706),
	(268, 21, 707),
	(269, 21, 344),
	(270, 21, 1100),
	(271, 21, 1627),
	(272, 22, 7),
	(273, 22, 8),
	(274, 22, 9),
	(275, 22, 10),
	(276, 22, 33),
	(277, 22, 34),
	(278, 22, 446),
	(279, 22, 447),
	(280, 22, 422),
	(281, 22, 426),
	(282, 22, 840),
	(283, 22, 841),
	(284, 22, 842),
	(285, 22, 1626),
	(286, 22, 1627),
	(287, 22, 1671),
	(288, 22, 1672),
	(289, 23, 7),
	(290, 23, 8),
	(291, 23, 34),
	(292, 23, 642),
	(293, 23, 643),
	(294, 23, 644),
	(295, 23, 253),
	(296, 23, 344),
	(297, 23, 888),
	(298, 23, 1100),
	(299, 23, 1627),
	(300, 24, 7),
	(301, 24, 8),
	(302, 24, 34),
	(303, 24, 345),
	(304, 24, 346),
	(305, 24, 840),
	(306, 24, 841),
	(307, 24, 842),
	(308, 24, 1626),
	(309, 24, 1627),
	(310, 24, 1670),
	(311, 24, 1671),
	(312, 25, 9),
	(313, 25, 10),
	(314, 25, 33),
	(315, 25, 869),
	(316, 25, 870),
	(317, 25, 875),
	(318, 25, 876),
	(319, 25, 840),
	(320, 25, 841),
	(321, 25, 842),
	(322, 25, 1710),
	(323, 25, 1711),
	(324, 25, 1712),
	(325, 25, 1626),
	(326, 25, 1627),
	(327, 26, 7),
	(328, 26, 8),
	(329, 26, 34),
	(330, 26, 770),
	(331, 26, 771),
	(332, 26, 772),
	(333, 26, 779),
	(334, 26, 780),
	(335, 26, 781),
	(336, 26, 783),
	(337, 26, 784),
	(338, 26, 785),
	(339, 26, 786),
	(340, 26, 341),
	(341, 26, 342),
	(342, 26, 1626),
	(343, 26, 1627),
	(344, 27, 7),
	(345, 27, 8),
	(346, 27, 34),
	(347, 27, 773),
	(348, 27, 774),
	(349, 27, 775),
	(350, 27, 776),
	(351, 27, 777),
	(352, 27, 778),
	(353, 27, 781),
	(354, 27, 782),
	(355, 27, 787),
	(356, 27, 788),
	(357, 27, 789),
	(358, 27, 341),
	(359, 27, 342),
	(360, 27, 344),
	(361, 27, 1626),
	(362, 27, 1627),
	(363, 28, 7),
	(364, 28, 8),
	(365, 28, 34),
	(366, 28, 747),
	(367, 28, 747),
	(368, 28, 759),
	(369, 28, 760),
	(370, 28, 761),
	(371, 28, 762),
	(372, 28, 738),
	(373, 28, 739),
	(374, 28, 869),
	(375, 28, 870),
	(376, 28, 875),
	(377, 28, 876),
	(378, 28, 644),
	(379, 28, 342),
	(380, 28, 706),
	(381, 28, 707),
	(382, 28, 1274),
	(383, 29, 7),
	(384, 29, 8),
	(385, 29, 34),
	(386, 29, 644),
	(387, 29, 645),
	(388, 29, 646),
	(389, 29, 673),
	(390, 29, 674),
	(391, 29, 1626),
	(392, 29, 1627),
	(393, 29, 1674),
	(394, 29, 1677),
	(395, 30, 649),
	(396, 30, 688),
	(397, 30, 1839),
	(398, 30, 1840),
	(399, 30, 1524),
	(400, 30, 1522),
	(401, 30, 1622),
	(402, 30, 1727),
	(403, 31, 689),
	(404, 31, 690),
	(405, 31, 1524),
	(406, 31, 1622),
	(407, 31, 1623),
	(408, 31, 1632),
	(409, 31, 1727),
	(410, 32, 174),
	(411, 32, 175),
	(412, 32, 511),
	(413, 32, 556),
	(414, 32, 1015),
	(415, 32, 1293),
	(416, 32, 1295),
	(417, 33, 174),
	(418, 33, 175),
	(419, 33, 176),
	(420, 33, 511),
	(421, 33, 556),
	(422, 33, 1015),
	(423, 33, 1293),
	(424, 33, 1295),
	(425, 34, 313),
	(426, 34, 314),
	(427, 34, 315),
	(428, 34, 316),
	(429, 34, 321),
	(430, 34, 322),
	(431, 34, 323),
	(432, 34, 331),
	(433, 34, 335),
	(434, 34, 310),
	(435, 34, 1292),
	(436, 34, 1333),
	(437, 34, 1336),
	(438, 34, 1338),
	(439, 34, 956),
	(440, 34, 969),
	(441, 34, 511),
	(442, 34, 556),
	(443, 34, 597),
	(444, 34, 1752),
	(445, 35, 174),
	(446, 35, 511),
	(447, 35, 556),
	(448, 35, 1015),
	(449, 35, 1293),
	(450, 35, 1295),
	(451, 36, 1524),
	(452, 36, 1622),
	(453, 36, 1726),
	(454, 37, 1524),
	(455, 37, 1726),
	(456, 38, 1524),
	(457, 38, 1726),
	(458, 39, 1524),
	(459, 39, 1726),
	(460, 40, 1524),
	(461, 40, 1726),
	(462, 41, 1524),
	(463, 41, 1726),
	(464, 42, 1524),
	(465, 42, 1726),
	(466, 43, 1524),
	(467, 43, 1726),
	(468, 44, 1524),
	(469, 44, 1726),
	(470, 45, 1524),
	(471, 45, 1726),
	(472, 46, 1812),
	(473, 46, 1813),
	(474, 46, 1814),
	(475, 46, 1815),
	(476, 46, 1816),
	(477, 46, 1817),
	(478, 46, 1818),
	(479, 46, 1819),
	(480, 47, 1819),
	(481, 48, 1814),
	(482, 49, 1815),
	(483, 51, 1816),
	(484, 52, 1817),
	(485, 53, 1818),
	(486, 54, 1820),
	(487, 55, 2),
	(488, 55, 145),
	(489, 55, 146),
	(490, 55, 158),
	(491, 55, 217),
	(492, 55, 303),
	(493, 55, 306),
	(494, 55, 556),
	(495, 55, 1025),
	(496, 55, 1293),
	(497, 55, 1295),
	(498, 56, 145),
	(499, 56, 146),
	(500, 56, 158),
	(501, 56, 215),
	(502, 56, 294),
	(503, 56, 295),
	(504, 56, 296),
	(505, 56, 297),
	(506, 56, 300),
	(507, 56, 1293),
	(508, 56, 1295),
	(509, 56, 556),
	(510, 56, 1713),
	(511, 56, 1092),
	(512, 57, 2),
	(513, 57, 145),
	(514, 57, 146),
	(515, 57, 158),
	(516, 57, 217),
	(517, 57, 254),
	(518, 57, 262),
	(519, 57, 303),
	(520, 57, 306),
	(521, 57, 556),
	(522, 57, 1130),
	(523, 57, 1025),
	(524, 57, 1293),
	(525, 57, 1295),
	(526, 57, 1706),
	(527, 58, 2),
	(528, 58, 145),
	(529, 58, 146),
	(530, 58, 158),
	(531, 58, 217),
	(532, 58, 254),
	(533, 58, 262),
	(534, 58, 1130),
	(535, 58, 556),
	(536, 58, 1025),
	(537, 58, 1293),
	(538, 58, 1295),
	(539, 58, 1706),
	(540, 59, 143),
	(541, 59, 144),
	(542, 59, 145),
	(543, 59, 146),
	(544, 59, 158),
	(545, 59, 215),
	(546, 59, 556),
	(547, 59, 1293),
	(548, 59, 1295),
	(549, 59, 1092),
	(550, 59, 1713),
	(551, 60, 167),
	(552, 60, 168),
	(553, 60, 174),
	(554, 60, 175),
	(555, 60, 176),
	(556, 60, 210),
	(557, 60, 215),
	(558, 60, 556),
	(559, 60, 1293),
	(560, 60, 1295),
	(561, 60, 1092),
	(562, 60, 1713),
	(563, 61, 1320),
	(564, 61, 699),
	(565, 61, 1293),
	(566, 61, 1295),
	(567, 62, 167),
	(568, 62, 168),
	(569, 62, 174),
	(570, 62, 175),
	(571, 62, 210),
	(572, 62, 215),
	(573, 62, 300),
	(574, 62, 1293),
	(575, 62, 1295),
	(576, 62, 1713),
	(577, 63, 1306),
	(578, 63, 1307),
	(579, 63, 1308),
	(580, 63, 699),
	(581, 63, 1293),
	(582, 63, 1295),
	(583, 64, 369),
	(584, 64, 370),
	(585, 64, 371),
	(586, 64, 372),
	(587, 64, 373),
	(588, 64, 374),
	(589, 64, 375),
	(590, 64, 376),
	(591, 64, 377),
	(592, 64, 378),
	(593, 64, 379),
	(594, 64, 380),
	(595, 64, 381),
	(596, 64, 382),
	(597, 64, 383),
	(598, 64, 384),
	(599, 64, 385),
	(600, 64, 386),
	(601, 64, 387),
	(602, 64, 388),
	(603, 64, 389),
	(604, 64, 390),
	(605, 64, 391),
	(606, 64, 392),
	(607, 64, 393),
	(608, 64, 394),
	(609, 64, 395),
	(610, 64, 396),
	(611, 64, 397),
	(612, 64, 398),
	(613, 64, 399),
	(614, 64, 400),
	(615, 64, 401),
	(616, 64, 402),
	(617, 64, 403),
	(618, 64, 404),
	(619, 64, 405),
	(620, 64, 406),
	(621, 64, 407),
	(622, 64, 408),
	(623, 64, 409),
	(624, 64, 410),
	(625, 64, 411),
	(626, 64, 412),
	(627, 64, 413),
	(628, 64, 414),
	(629, 64, 415),
	(630, 64, 416),
	(631, 64, 417),
	(632, 64, 418),
	(633, 64, 419),
	(634, 64, 420),
	(635, 64, 421),
	(636, 64, 422),
	(637, 64, 423),
	(638, 64, 424),
	(639, 64, 425),
	(640, 64, 426),
	(641, 64, 427),
	(642, 64, 428),
	(643, 64, 429),
	(644, 64, 430),
	(645, 64, 431),
	(646, 64, 432),
	(647, 64, 433),
	(648, 64, 434),
	(649, 64, 435),
	(650, 64, 436),
	(651, 64, 437),
	(652, 64, 438),
	(653, 64, 439),
	(654, 64, 440),
	(655, 64, 441),
	(656, 64, 442),
	(657, 64, 443),
	(658, 64, 444),
	(659, 64, 455),
	(660, 64, 456),
	(661, 64, 457),
	(662, 64, 458),
	(663, 64, 459),
	(664, 64, 460),
	(665, 64, 461),
	(666, 64, 462),
	(667, 64, 467),
	(668, 64, 468),
	(669, 64, 469),
	(670, 64, 470),
	(671, 64, 471),
	(672, 64, 472),
	(673, 64, 473),
	(674, 64, 474),
	(675, 64, 475),
	(676, 64, 476),
	(677, 64, 477),
	(678, 64, 478),
	(679, 64, 479),
	(680, 64, 480),
	(681, 64, 481),
	(682, 64, 482),
	(683, 64, 483),
	(684, 64, 484),
	(685, 64, 485),
	(686, 64, 486),
	(687, 64, 487),
	(688, 64, 488),
	(689, 64, 489),
	(690, 64, 490),
	(691, 64, 491),
	(692, 64, 492),
	(693, 64, 493),
	(694, 64, 494),
	(695, 64, 495),
	(696, 64, 496),
	(697, 64, 497),
	(698, 64, 498),
	(699, 64, 491),
	(700, 64, 492),
	(701, 64, 493),
	(702, 64, 494),
	(703, 64, 503),
	(704, 64, 504),
	(705, 64, 505),
	(706, 64, 506),
	(707, 64, 508),
	(708, 64, 509),
	(709, 64, 510),
	(710, 64, 7),
	(711, 64, 8),
	(712, 64, 9),
	(713, 64, 10),
	(714, 64, 1668),
	(715, 64, 1669),
	(716, 64, 1670),
	(717, 64, 1671),
	(718, 64, 1672),
	(719, 64, 1673),
	(720, 64, 1674),
	(721, 64, 1675),
	(722, 64, 1676),
	(723, 64, 1677),
	(724, 64, 1678),
	(725, 64, 1679),
	(726, 65, 625),
	(727, 65, 626),
	(728, 65, 627),
	(729, 65, 628),
	(730, 65, 629),
	(731, 65, 630),
	(732, 65, 631),
	(733, 65, 632),
	(734, 65, 633),
	(735, 65, 634),
	(736, 65, 635),
	(737, 65, 636),
	(738, 65, 637),
	(739, 65, 638),
	(740, 65, 639),
	(741, 65, 640),
	(742, 65, 641),
	(743, 65, 642),
	(744, 65, 643),
	(745, 65, 644),
	(746, 65, 645),
	(747, 65, 646),
	(748, 65, 647),
	(749, 65, 648),
	(750, 65, 649),
	(751, 65, 650),
	(752, 65, 653),
	(753, 65, 654),
	(754, 65, 655),
	(755, 65, 7),
	(756, 65, 8),
	(757, 65, 9),
	(758, 65, 10),
	(759, 65, 1668),
	(760, 65, 1669),
	(761, 65, 1670),
	(762, 65, 1671),
	(763, 65, 1672),
	(764, 65, 1673),
	(765, 65, 1674),
	(766, 65, 1675),
	(767, 65, 1676),
	(768, 65, 1677),
	(769, 65, 1678),
	(770, 65, 1679),
	(771, 65, 1680),
	(772, 66, 338),
	(773, 66, 339),
	(774, 66, 340),
	(775, 66, 341),
	(776, 66, 342),
	(777, 66, 343),
	(778, 66, 344),
	(779, 66, 345),
	(780, 66, 346),
	(781, 66, 347),
	(782, 66, 348),
	(783, 66, 349),
	(784, 66, 350),
	(785, 66, 351),
	(786, 66, 352),
	(787, 66, 353),
	(788, 66, 354),
	(789, 66, 355),
	(790, 66, 356),
	(791, 66, 357),
	(792, 66, 358),
	(793, 66, 359),
	(794, 66, 360),
	(795, 66, 361),
	(796, 66, 362),
	(797, 66, 363),
	(798, 66, 364),
	(799, 66, 365),
	(800, 66, 366),
	(801, 66, 367),
	(802, 66, 368),
	(803, 66, 858),
	(804, 66, 7),
	(805, 66, 8),
	(806, 66, 9),
	(807, 66, 10),
	(808, 66, 1668),
	(809, 66, 1669),
	(810, 66, 1670),
	(811, 66, 1671),
	(812, 66, 1672),
	(813, 66, 1673),
	(814, 66, 1674),
	(815, 66, 1675),
	(816, 66, 1676),
	(817, 66, 1677),
	(818, 66, 1678),
	(819, 67, 1668),
	(820, 67, 1669),
	(821, 67, 1670),
	(822, 67, 1671),
	(823, 67, 1672),
	(824, 67, 1673),
	(825, 67, 1674),
	(826, 67, 1675),
	(827, 67, 1676),
	(828, 67, 1677),
	(829, 67, 1678),
	(830, 68, 1679),
	(831, 68, 1680),
	(832, 69, 1830),
	(833, 69, 1831),
	(834, 69, 1832),
	(835, 69, 1833),
	(836, 69, 1834),
	(837, 69, 29),
	(838, 69, 28),
	(839, 70, 511),
	(840, 70, 512),
	(841, 70, 513),
	(842, 70, 519),
	(843, 70, 524),
	(844, 70, 525),
	(845, 70, 527),
	(846, 70, 528),
	(847, 70, 529),
	(848, 70, 530),
	(849, 70, 531),
	(850, 70, 536),
	(851, 70, 537),
	(852, 70, 538),
	(853, 70, 539),
	(854, 70, 597),
	(855, 70, 598),
	(856, 70, 1055),
	(857, 70, 1056),
	(858, 70, 1058),
	(859, 70, 1059),
	(860, 70, 1060),
	(861, 70, 1061),
	(862, 70, 1062),
	(863, 70, 1063),
	(864, 70, 1064),
	(865, 70, 1065),
	(866, 70, 1066),
	(867, 70, 1067),
	(868, 70, 1068),
	(869, 70, 1069),
	(870, 70, 1070),
	(871, 70, 1096),
	(872, 71, 2),
	(873, 71, 7),
	(874, 71, 8),
	(875, 71, 34),
	(876, 71, 143),
	(877, 71, 144),
	(878, 71, 145),
	(879, 71, 146),
	(880, 71, 154),
	(881, 71, 158),
	(882, 71, 210),
	(883, 71, 213),
	(884, 71, 214),
	(885, 71, 254),
	(886, 71, 256),
	(887, 71, 262),
	(888, 71, 264),
	(889, 71, 304),
	(890, 71, 306),
	(891, 71, 511),
	(892, 71, 1088),
	(893, 71, 1713),
	(894, 71, 1714),
	(895, 71, 1715),
	(896, 71, 1716),
	(897, 71, 640),
	(898, 71, 644),
	(899, 71, 645),
	(900, 71, 646),
	(901, 71, 657),
	(902, 71, 658),
	(903, 71, 675),
	(904, 71, 676),
	(905, 71, 677),
	(906, 71, 678),
	(907, 71, 342),
	(908, 71, 344),
	(909, 71, 345),
	(910, 71, 346),
	(911, 71, 373),
	(912, 71, 374),
	(913, 71, 375),
	(914, 71, 376),
	(915, 71, 377),
	(916, 71, 378),
	(917, 71, 379),
	(918, 71, 380),
	(919, 71, 398),
	(920, 71, 399),
	(921, 71, 400),
	(922, 71, 401),
	(923, 71, 422),
	(924, 71, 423),
	(925, 71, 424),
	(926, 71, 425),
	(927, 71, 446),
	(928, 71, 453),
	(929, 71, 454),
	(930, 71, 471),
	(931, 71, 472),
	(932, 71, 473),
	(933, 71, 474),
	(934, 71, 491),
	(935, 71, 492),
	(936, 71, 493),
	(937, 71, 494),
	(938, 71, 1212),
	(939, 71, 1213),
	(940, 71, 1229),
	(941, 71, 1230),
	(942, 71, 1231),
	(943, 71, 1232),
	(944, 71, 902),
	(945, 71, 903),
	(946, 71, 1206),
	(947, 71, 1207),
	(948, 71, 1173),
	(949, 71, 1179),
	(950, 71, 519),
	(951, 71, 567),
	(952, 71, 1280),
	(953, 71, 1626),
	(954, 71, 1627),
	(955, 71, 1628),
	(956, 71, 1670),
	(957, 71, 1671),
	(958, 71, 1672),
	(959, 71, 1673),
	(960, 71, 1674),
	(961, 71, 1675),
	(962, 71, 1676),
	(963, 71, 1677),
	(964, 71, 1678),
	(965, 72, 7),
	(966, 72, 8),
	(967, 72, 9),
	(968, 72, 10),
	(969, 72, 34),
	(970, 72, 869),
	(971, 72, 870),
	(972, 72, 871),
	(973, 72, 872),
	(974, 72, 873),
	(975, 72, 874),
	(976, 72, 875),
	(977, 72, 876),
	(978, 72, 877),
	(979, 72, 878),
	(980, 72, 879),
	(981, 72, 880),
	(982, 72, 1710),
	(983, 72, 1711),
	(984, 72, 1712),
	(985, 72, 769),
	(986, 72, 840),
	(987, 72, 841),
	(988, 72, 842),
	(989, 72, 843),
	(990, 72, 844),
	(991, 72, 845),
	(992, 72, 846),
	(993, 72, 847),
	(994, 72, 848),
	(995, 72, 849),
	(996, 72, 850),
	(997, 73, 1835),
	(998, 73, 1836),
	(999, 73, 1837),
	(1000, 73, 1838),
	(1001, 74, 77),
	(1002, 74, 79),
	(1003, 74, 85),
	(1004, 74, 86),
	(1005, 74, 87),
	(1006, 74, 92),
	(1007, 74, 93),
	(1008, 74, 1625),
	(1009, 75, 2),
	(1010, 75, 143),
	(1011, 75, 144),
	(1012, 75, 304),
	(1013, 75, 305),
	(1014, 75, 1088),
	(1015, 75, 1020),
	(1016, 75, 1108),
	(1017, 77, 7),
	(1018, 77, 8),
	(1019, 77, 34),
	(1020, 77, 1626),
	(1021, 78, 17),
	(1022, 78, 18),
	(1023, 78, 41),
	(1024, 78, 1626),
	(1025, 79, 19),
	(1026, 79, 20),
	(1027, 79, 43),
	(1028, 79, 1626),
	(1029, 80, 1501),
	(1030, 80, 1502),
	(1031, 80, 1503),
	(1032, 80, 1504),
	(1033, 80, 1505),
	(1034, 80, 1507),
	(1035, 80, 1508),
	(1036, 80, 1509),
	(1037, 81, 1498),
	(1038, 81, 1499),
	(1039, 81, 1500),
	(1040, 81, 1505),
	(1041, 81, 1507),
	(1042, 81, 1508),
	(1043, 81, 1509),
	(1044, 82, 1502),
	(1045, 82, 1506),
	(1046, 82, 1509),
	(1047, 83, 1498),
	(1048, 83, 1501),
	(1049, 83, 1505),
	(1050, 83, 1509),
	(1051, 84, 1499),
	(1052, 84, 1503),
	(1053, 84, 1507),
	(1054, 84, 1509),
	(1055, 85, 1500),
	(1056, 85, 1504),
	(1057, 85, 1508),
	(1058, 85, 1509),
	(1059, 87, 1518),
	(1060, 87, 1519),
	(1061, 88, 1514),
	(1062, 88, 1515),
	(1063, 88, 1516),
	(1064, 88, 1517),
	(1065, 91, 1799),
	(1066, 91, 1800),
	(1067, 91, 1801),
	(1068, 91, 1802),
	(1069, 91, 1803),
	(1070, 91, 1804),
	(1071, 92, 1798),
	(1072, 92, 1800),
	(1073, 92, 1801),
	(1074, 92, 1802),
	(1075, 92, 1803),
	(1076, 92, 1804),
	(1077, 93, 1798),
	(1078, 93, 1799),
	(1079, 93, 1800),
	(1080, 93, 1801),
	(1081, 93, 1802),
	(1082, 93, 1803),
	(1083, 93, 1804),
	(1084, 97, 1793),
	(1085, 97, 1794),
	(1086, 98, 1571),
	(1087, 98, 1572),
	(1088, 98, 1573),
	(1089, 98, 1574),
	(1090, 99, 1795),
	(1091, 99, 1796),
	(1092, 101, 7),
	(1093, 101, 8),
	(1094, 101, 9),
	(1095, 101, 10),
	(1096, 101, 1621),
	(1097, 101, 1626),
	(1098, 101, 1627),
	(1099, 101, 1625),
	(1100, 102, 7),
	(1101, 102, 8),
	(1102, 102, 1621),
	(1103, 102, 1625),
	(1104, 103, 369),
	(1105, 103, 373),
	(1106, 103, 377),
	(1107, 103, 381),
	(1108, 103, 385),
	(1109, 103, 386),
	(1110, 103, 390),
	(1111, 103, 394),
	(1112, 103, 398),
	(1113, 103, 402),
	(1114, 103, 406),
	(1115, 103, 410),
	(1116, 103, 414),
	(1117, 103, 418),
	(1118, 103, 422),
	(1119, 103, 426),
	(1120, 103, 430),
	(1121, 103, 434),
	(1122, 103, 438),
	(1123, 103, 442),
	(1124, 103, 443),
	(1125, 103, 444),
	(1126, 103, 445),
	(1127, 103, 446),
	(1128, 103, 447),
	(1129, 103, 448),
	(1130, 103, 449),
	(1131, 103, 450),
	(1132, 103, 451),
	(1133, 103, 452),
	(1134, 103, 453),
	(1135, 103, 454),
	(1136, 103, 455),
	(1137, 103, 459),
	(1138, 103, 467),
	(1139, 103, 471),
	(1140, 103, 475),
	(1141, 103, 479),
	(1142, 103, 483),
	(1143, 103, 487),
	(1144, 103, 491),
	(1145, 103, 495),
	(1146, 103, 508),
	(1147, 103, 509),
	(1148, 103, 510),
	(1149, 103, 7),
	(1150, 103, 8),
	(1151, 103, 9),
	(1152, 103, 10),
	(1153, 103, 33),
	(1154, 103, 34),
	(1155, 103, 1621),
	(1156, 103, 1626),
	(1157, 103, 1627),
	(1158, 103, 1628),
	(1159, 104, 861),
	(1160, 104, 862),
	(1161, 104, 863),
	(1162, 104, 864),
	(1163, 104, 865),
	(1164, 104, 866),
	(1165, 104, 867),
	(1166, 104, 7),
	(1167, 104, 8),
	(1168, 104, 9),
	(1169, 104, 10),
	(1170, 104, 33),
	(1171, 104, 34),
	(1172, 104, 1621),
	(1173, 104, 1626),
	(1174, 104, 1627),
	(1175, 104, 1628),
	(1176, 105, 625),
	(1177, 105, 626),
	(1178, 105, 627),
	(1179, 105, 628),
	(1180, 105, 629),
	(1181, 105, 630),
	(1182, 105, 631),
	(1183, 105, 632),
	(1184, 105, 633),
	(1185, 105, 634),
	(1186, 105, 635),
	(1187, 105, 636),
	(1188, 105, 637),
	(1189, 105, 638),
	(1190, 105, 639),
	(1191, 105, 640),
	(1192, 105, 641),
	(1193, 105, 642),
	(1194, 105, 643),
	(1195, 105, 644),
	(1196, 105, 645),
	(1197, 105, 646),
	(1198, 105, 647),
	(1199, 105, 648),
	(1200, 105, 649),
	(1201, 105, 650),
	(1202, 105, 656),
	(1203, 105, 657),
	(1204, 105, 658),
	(1205, 105, 659),
	(1206, 105, 660),
	(1207, 105, 663),
	(1208, 105, 664),
	(1209, 105, 665),
	(1210, 105, 666),
	(1211, 105, 7),
	(1212, 105, 8),
	(1213, 105, 9),
	(1214, 105, 10),
	(1215, 105, 33),
	(1216, 105, 34),
	(1217, 105, 1621),
	(1218, 105, 1626),
	(1219, 105, 1627),
	(1220, 105, 1628),
	(1221, 106, 338),
	(1222, 106, 339),
	(1223, 106, 340),
	(1224, 106, 341),
	(1225, 106, 342),
	(1226, 106, 343),
	(1227, 106, 344),
	(1228, 106, 345),
	(1229, 106, 346),
	(1230, 106, 347),
	(1231, 106, 348),
	(1232, 106, 349),
	(1233, 106, 350),
	(1234, 106, 351),
	(1235, 106, 352),
	(1236, 106, 353),
	(1237, 106, 354),
	(1238, 106, 355),
	(1239, 106, 356),
	(1240, 106, 357),
	(1241, 106, 358),
	(1242, 106, 359),
	(1243, 106, 360),
	(1244, 106, 361),
	(1245, 106, 362),
	(1246, 106, 363),
	(1247, 106, 364),
	(1248, 106, 365),
	(1249, 106, 366),
	(1250, 106, 367),
	(1251, 106, 368),
	(1252, 106, 7),
	(1253, 106, 8),
	(1254, 106, 9),
	(1255, 106, 10),
	(1256, 106, 33),
	(1257, 106, 34),
	(1258, 106, 1621),
	(1259, 106, 1626),
	(1260, 106, 1627),
	(1261, 106, 1628),
	(1262, 107, 342),
	(1263, 107, 344),
	(1264, 107, 345),
	(1265, 107, 346),
	(1266, 107, 347),
	(1267, 107, 369),
	(1268, 107, 373),
	(1269, 107, 377),
	(1270, 107, 381),
	(1271, 107, 445),
	(1272, 107, 446),
	(1273, 107, 447),
	(1274, 107, 448),
	(1275, 107, 449),
	(1276, 107, 450),
	(1277, 107, 451),
	(1278, 107, 467),
	(1279, 107, 471),
	(1280, 107, 475),
	(1281, 107, 479),
	(1282, 107, 483),
	(1283, 107, 640),
	(1284, 107, 641),
	(1285, 107, 642),
	(1286, 107, 643),
	(1287, 107, 644),
	(1288, 107, 645),
	(1289, 107, 646),
	(1290, 107, 656),
	(1291, 107, 657),
	(1292, 107, 658),
	(1293, 107, 659),
	(1294, 107, 660),
	(1295, 107, 663),
	(1296, 107, 664),
	(1297, 107, 665),
	(1298, 107, 666),
	(1299, 107, 858),
	(1300, 107, 861),
	(1301, 107, 862),
	(1302, 107, 863),
	(1303, 107, 864),
	(1304, 107, 865),
	(1305, 107, 866),
	(1306, 107, 867),
	(1307, 107, 888),
	(1308, 107, 890),
	(1309, 107, 891),
	(1310, 107, 892),
	(1311, 107, 895),
	(1312, 107, 896),
	(1313, 107, 897),
	(1314, 107, 898),
	(1315, 107, 899),
	(1316, 107, 900),
	(1317, 107, 901),
	(1318, 107, 7),
	(1319, 107, 8),
	(1320, 107, 9),
	(1321, 107, 10),
	(1322, 107, 33),
	(1323, 107, 34),
	(1324, 107, 1621),
	(1325, 107, 1626),
	(1326, 107, 1627),
	(1327, 107, 1628),
	(1328, 108, 2),
	(1329, 108, 5),
	(1330, 108, 682),
	(1331, 108, 1015),
	(1332, 109, 2),
	(1333, 109, 1008),
	(1334, 110, 2),
	(1335, 110, 999),
	(1336, 110, 763),
	(1337, 110, 764),
	(1338, 110, 765),
	(1339, 110, 1010),
	(1340, 110, 1003),
	(1341, 110, 766),
	(1342, 110, 767),
	(1343, 110, 768),
	(1344, 111, 2),
	(1345, 111, 182),
	(1346, 111, 973),
	(1347, 111, 1008),
	(1348, 111, 1015),
	(1349, 111, 1025),
	(1350, 111, 1331),
	(1351, 111, 1332),
	(1352, 111, 1747),
	(1353, 112, 2),
	(1354, 112, 999),
	(1355, 112, 763),
	(1356, 112, 764),
	(1357, 112, 1010),
	(1358, 112, 766),
	(1359, 112, 767),
	(1360, 112, 1008),
	(1361, 112, 1621),
	(1362, 113, 7),
	(1363, 113, 8),
	(1364, 113, 9),
	(1365, 113, 10),
	(1366, 113, 34),
	(1367, 113, 33),
	(1368, 113, 1626),
	(1369, 113, 1627),
	(1370, 114, 7),
	(1371, 114, 9),
	(1372, 114, 11),
	(1373, 114, 13),
	(1374, 114, 14),
	(1375, 114, 15),
	(1376, 114, 8),
	(1377, 114, 10),
	(1378, 114, 12),
	(1379, 114, 16),
	(1380, 114, 1621),
	(1381, 115, 1),
	(1382, 115, 2),
	(1383, 115, 3),
	(1384, 115, 4),
	(1385, 115, 5),
	(1386, 115, 6),
	(1387, 115, 1621),
	(1388, 116, 21),
	(1389, 116, 22),
	(1390, 116, 23),
	(1391, 116, 1621),
	(1392, 117, 1339),
	(1393, 117, 1340),
	(1394, 117, 1341),
	(1395, 117, 1342),
	(1396, 117, 1343),
	(1397, 117, 1344),
	(1398, 117, 1405),
	(1399, 117, 1406),
	(1400, 117, 1407),
	(1401, 117, 1442),
	(1402, 117, 1409),
	(1403, 117, 1410),
	(1404, 117, 1411),
	(1405, 117, 1414),
	(1406, 117, 1415),
	(1407, 117, 1416),
	(1408, 117, 1688),
	(1409, 118, 1339),
	(1410, 118, 1342),
	(1411, 118, 1376),
	(1412, 118, 1377),
	(1413, 118, 1378),
	(1414, 118, 1406),
	(1415, 118, 1407),
	(1416, 118, 1415),
	(1417, 118, 1416),
	(1418, 118, 1421),
	(1419, 118, 1422),
	(1420, 118, 1423),
	(1421, 118, 1425),
	(1422, 118, 1426),
	(1423, 118, 1427),
	(1424, 118, 1429),
	(1425, 118, 1430),
	(1426, 118, 1431),
	(1427, 118, 1437),
	(1428, 118, 1438),
	(1429, 118, 1439),
	(1430, 118, 1682),
	(1431, 118, 1685),
	(1432, 118, 1686),
	(1433, 118, 1700),
	(1434, 118, 1014),
	(1435, 118, 1126),
	(1436, 119, 1346),
	(1437, 119, 1347),
	(1438, 119, 1348),
	(1439, 119, 1405),
	(1440, 119, 1406),
	(1441, 119, 1407),
	(1442, 119, 1442),
	(1443, 119, 1414),
	(1444, 119, 1415),
	(1445, 119, 1416),
	(1446, 119, 1421),
	(1447, 119, 1422),
	(1448, 119, 1423),
	(1449, 119, 1425),
	(1450, 119, 1426),
	(1451, 119, 1427),
	(1452, 119, 1433),
	(1453, 119, 1434),
	(1454, 119, 1435),
	(1455, 119, 1437),
	(1456, 119, 1438),
	(1457, 119, 1439),
	(1458, 119, 1682),
	(1459, 119, 1683),
	(1460, 119, 1684),
	(1461, 119, 1685),
	(1462, 119, 1686),
	(1463, 119, 1688),
	(1464, 119, 1696),
	(1465, 119, 1697),
	(1466, 119, 1126),
	(1467, 120, 1341),
	(1468, 120, 1342),
	(1469, 120, 1343),
	(1470, 120, 1358),
	(1471, 120, 1360),
	(1472, 120, 1376),
	(1473, 120, 1377),
	(1474, 120, 1378),
	(1475, 120, 1390),
	(1476, 120, 1406),
	(1477, 120, 1407),
	(1478, 120, 1442),
	(1479, 120, 1410),
	(1480, 120, 1411),
	(1481, 120, 1415),
	(1482, 120, 1416),
	(1483, 120, 1421),
	(1484, 120, 1422),
	(1485, 120, 1423),
	(1486, 120, 1425),
	(1487, 120, 1426),
	(1488, 120, 1427),
	(1489, 120, 1433),
	(1490, 120, 1434),
	(1491, 120, 1435),
	(1492, 120, 1437),
	(1493, 120, 1438),
	(1494, 120, 1439),
	(1495, 120, 1682),
	(1496, 120, 1685),
	(1497, 120, 1686),
	(1498, 120, 1687),
	(1499, 120, 1688),
	(1500, 120, 1698),
	(1501, 120, 1699),
	(1502, 120, 1701),
	(1503, 120, 1702),
	(1504, 120, 1126),
	(1505, 121, 1341),
	(1506, 121, 1358),
	(1507, 121, 1359),
	(1508, 121, 1360),
	(1509, 121, 1361),
	(1510, 121, 1362),
	(1511, 121, 1364),
	(1512, 121, 1366),
	(1513, 121, 1367),
	(1514, 121, 1368),
	(1515, 121, 1376),
	(1516, 121, 1377),
	(1517, 121, 1407),
	(1518, 121, 1408),
	(1519, 121, 1442),
	(1520, 121, 1411),
	(1521, 121, 1412),
	(1522, 121, 1413),
	(1523, 121, 1416),
	(1524, 121, 1688),
	(1525, 121, 1693),
	(1526, 121, 1694),
	(1527, 121, 1695),
	(1528, 122, 1441),
	(1529, 122, 1442),
	(1530, 122, 1443),
	(1531, 122, 1444),
	(1532, 122, 1445),
	(1533, 122, 1446),
	(1534, 122, 1447),
	(1535, 122, 1448),
	(1536, 122, 1449),
	(1537, 122, 1450),
	(1538, 122, 1451),
	(1539, 122, 1452),
	(1540, 122, 1453),
	(1541, 122, 1454),
	(1542, 122, 1455),
	(1543, 122, 1456),
	(1544, 122, 1457),
	(1545, 122, 1423),
	(1546, 122, 1427),
	(1547, 122, 1688),
	(1548, 123, 1339),
	(1549, 123, 1340),
	(1550, 123, 1341),
	(1551, 123, 1342),
	(1552, 123, 1343),
	(1553, 123, 1345),
	(1554, 123, 1348),
	(1555, 123, 1349),
	(1556, 123, 1350),
	(1557, 123, 1353),
	(1558, 123, 1357),
	(1559, 123, 1358),
	(1560, 123, 1359),
	(1561, 123, 1360),
	(1562, 123, 1369),
	(1563, 123, 1370),
	(1564, 123, 1371),
	(1565, 123, 1372),
	(1566, 123, 1373),
	(1567, 123, 1374),
	(1568, 123, 1376),
	(1569, 123, 1377),
	(1570, 123, 1378),
	(1571, 123, 1380),
	(1572, 123, 1382),
	(1573, 123, 1383),
	(1574, 123, 1384),
	(1575, 123, 1405),
	(1576, 123, 1406),
	(1577, 123, 1407),
	(1578, 123, 1408),
	(1579, 123, 1442),
	(1580, 123, 1409),
	(1581, 123, 1410),
	(1582, 123, 1411),
	(1583, 123, 1412),
	(1584, 123, 1413),
	(1585, 123, 1414),
	(1586, 123, 1415),
	(1587, 123, 1416),
	(1588, 123, 1421),
	(1589, 123, 1422),
	(1590, 123, 1423),
	(1591, 123, 1424),
	(1592, 123, 1425),
	(1593, 123, 1426),
	(1594, 123, 1427),
	(1595, 123, 1428),
	(1596, 123, 1429),
	(1597, 123, 1430),
	(1598, 123, 1431),
	(1599, 123, 1432),
	(1600, 123, 1433),
	(1601, 123, 1434),
	(1602, 123, 1435),
	(1603, 123, 1436),
	(1604, 123, 1437),
	(1605, 123, 1438),
	(1606, 123, 1439),
	(1607, 123, 1440),
	(1608, 123, 1682),
	(1609, 123, 1683),
	(1610, 123, 1684),
	(1611, 123, 1685),
	(1612, 123, 1686),
	(1613, 123, 1687),
	(1614, 123, 1688),
	(1615, 123, 1689),
	(1616, 123, 1690),
	(1617, 123, 1691),
	(1618, 123, 1692),
	(1619, 123, 1693),
	(1620, 123, 1694),
	(1621, 123, 1695),
	(1622, 123, 1696),
	(1623, 123, 1697),
	(1624, 123, 1698),
	(1625, 123, 1699),
	(1626, 123, 1700),
	(1627, 123, 1701),
	(1628, 123, 1702),
	(1629, 123, 1126),
	(1630, 124, 1343),
	(1631, 124, 1345),
	(1632, 124, 1348),
	(1633, 124, 1369),
	(1634, 124, 1370),
	(1635, 124, 1371),
	(1636, 124, 1372),
	(1637, 124, 1374),
	(1638, 124, 1382),
	(1639, 124, 1383),
	(1640, 124, 1384),
	(1641, 124, 1406),
	(1642, 124, 1407),
	(1643, 124, 1442),
	(1644, 124, 1415),
	(1645, 124, 1416),
	(1646, 124, 1421),
	(1647, 124, 1422),
	(1648, 124, 1423),
	(1649, 124, 1425),
	(1650, 124, 1426),
	(1651, 124, 1427),
	(1652, 124, 1433),
	(1653, 124, 1434),
	(1654, 124, 1435),
	(1655, 124, 1437),
	(1656, 124, 1438),
	(1657, 124, 1439),
	(1658, 124, 1682),
	(1659, 124, 1684),
	(1660, 124, 1685),
	(1661, 124, 1686),
	(1662, 124, 1687),
	(1663, 124, 1688),
	(1664, 124, 1126),
	(1665, 125, 1339),
	(1666, 125, 1341),
	(1667, 125, 1358),
	(1668, 125, 1360),
	(1669, 125, 1361),
	(1670, 125, 1376),
	(1671, 125, 1377),
	(1672, 125, 1405),
	(1673, 125, 1406),
	(1674, 125, 1407),
	(1675, 125, 1442),
	(1676, 125, 1414),
	(1677, 125, 1415),
	(1678, 125, 1416),
	(1679, 125, 1421),
	(1680, 125, 1422),
	(1681, 125, 1423),
	(1682, 125, 1424),
	(1683, 125, 1425),
	(1684, 125, 1426),
	(1685, 125, 1427),
	(1686, 125, 1428),
	(1687, 125, 1429),
	(1688, 125, 1430),
	(1689, 125, 1431),
	(1690, 125, 1432),
	(1691, 125, 1433),
	(1692, 125, 1434),
	(1693, 125, 1435),
	(1694, 125, 1436),
	(1695, 125, 1437),
	(1696, 125, 1438),
	(1697, 125, 1439),
	(1698, 125, 1440),
	(1699, 125, 1682),
	(1700, 125, 1684),
	(1701, 125, 1685),
	(1702, 125, 1686),
	(1703, 125, 1687),
	(1704, 125, 1688),
	(1705, 125, 1689),
	(1706, 125, 1690),
	(1707, 125, 1691),
	(1708, 125, 1692),
	(1709, 125, 1126),
	(1710, 126, 1382),
	(1711, 126, 1383),
	(1712, 126, 1384),
	(1713, 126, 1406),
	(1714, 126, 1407),
	(1715, 126, 1442),
	(1716, 126, 1415),
	(1717, 126, 1416),
	(1718, 126, 1421),
	(1719, 126, 1422),
	(1720, 126, 1423),
	(1721, 126, 1424),
	(1722, 126, 1425),
	(1723, 126, 1426),
	(1724, 126, 1427),
	(1725, 126, 1428),
	(1726, 126, 1682),
	(1727, 126, 1685),
	(1728, 126, 1686),
	(1729, 126, 1687),
	(1730, 126, 1688),
	(1731, 126, 1126),
	(1732, 127, 1358),
	(1733, 127, 1359),
	(1734, 127, 1360),
	(1735, 127, 1361),
	(1736, 127, 1362),
	(1737, 127, 1364),
	(1738, 127, 1366),
	(1739, 127, 1367),
	(1740, 127, 1368),
	(1741, 127, 1339),
	(1742, 127, 1341),
	(1743, 127, 1342),
	(1744, 127, 1407),
	(1745, 127, 1408),
	(1746, 127, 1442),
	(1747, 127, 1411),
	(1748, 127, 1412),
	(1749, 127, 1413),
	(1750, 127, 1416),
	(1751, 127, 1688),
	(1752, 127, 1693),
	(1753, 127, 1694),
	(1754, 127, 1695),
	(1755, 128, 1395),
	(1756, 128, 1396),
	(1757, 128, 1397),
	(1758, 128, 1398),
	(1759, 128, 1399),
	(1760, 128, 1400),
	(1761, 129, 1401),
	(1762, 129, 1402),
	(1763, 129, 1403),
	(1764, 129, 1404),
	(1765, 130, 57),
	(1766, 130, 59),
	(1767, 130, 60),
	(1768, 130, 61),
	(1769, 130, 63),
	(1770, 130, 71),
	(1771, 130, 72),
	(1772, 130, 73),
	(1773, 130, 74),
	(1774, 130, 75),
	(1775, 130, 85),
	(1776, 130, 86),
	(1777, 130, 87),
	(1778, 130, 92),
	(1779, 130, 93),
	(1780, 130, 94),
	(1781, 130, 95),
	(1782, 130, 96),
	(1783, 130, 98),
	(1784, 130, 100),
	(1785, 130, 102),
	(1786, 130, 104),
	(1787, 130, 1625),
	(1788, 131, 1679),
	(1789, 131, 1680),
	(1790, 132, 1635),
	(1791, 132, 1636),
	(1792, 132, 1637),
	(1793, 133, 1630),
	(1794, 133, 1631),
	(1795, 134, 1650),
	(1796, 134, 1651),
	(1797, 134, 1652),
	(1798, 134, 1653),
	(1799, 134, 1654),
	(1800, 134, 1655),
	(1801, 134, 1656),
	(1802, 134, 1657),
	(1803, 134, 1658),
	(1804, 134, 1659),
	(1805, 134, 1660),
	(1806, 134, 1661),
	(1807, 134, 1662),
	(1808, 134, 1663),
	(1809, 134, 1664),
	(1810, 134, 1665),
	(1811, 135, 1520),
	(1812, 135, 1521),
	(1813, 135, 1522),
	(1814, 135, 1523),
	(1815, 135, 1524),
	(1816, 135, 1525),
	(1817, 135, 1630),
	(1818, 135, 1632),
	(1819, 135, 1633),
	(1820, 136, 1520),
	(1821, 136, 1521),
	(1822, 136, 1522),
	(1823, 136, 1523),
	(1824, 136, 1524),
	(1825, 136, 1525),
	(1826, 136, 1526),
	(1827, 136, 1527),
	(1828, 136, 1528),
	(1829, 136, 1622),
	(1830, 136, 1623),
	(1831, 136, 1624),
	(1832, 136, 1632),
	(1833, 137, 1520),
	(1834, 137, 1532),
	(1835, 137, 1564),
	(1836, 137, 1566),
	(1837, 137, 1567),
	(1838, 137, 1569),
	(1839, 137, 1250),
	(1840, 137, 1251),
	(1841, 137, 1252),
	(1842, 137, 1253),
	(1843, 137, 1186),
	(1844, 137, 1622),
	(1845, 138, 1520),
	(1846, 138, 1532),
	(1847, 138, 1564),
	(1848, 138, 1566),
	(1849, 138, 1567),
	(1850, 138, 1569),
	(1851, 138, 1251),
	(1852, 138, 1252),
	(1853, 138, 1253),
	(1854, 138, 1254),
	(1855, 138, 1255),
	(1856, 138, 1186),
	(1857, 138, 1622),
	(1858, 139, 1520),
	(1859, 139, 1532),
	(1860, 139, 1564),
	(1861, 139, 1566),
	(1862, 139, 1567),
	(1863, 139, 1569),
	(1864, 139, 1251),
	(1865, 139, 1252),
	(1866, 139, 1253),
	(1867, 139, 1254),
	(1868, 139, 1255),
	(1869, 139, 1186),
	(1870, 139, 1622),
	(1871, 140, 1520),
	(1872, 140, 1532),
	(1873, 140, 1564),
	(1874, 140, 1566),
	(1875, 140, 1567),
	(1876, 140, 1569),
	(1877, 140, 1249),
	(1878, 140, 1250),
	(1879, 140, 1251),
	(1880, 140, 1252),
	(1881, 140, 1253),
	(1882, 140, 1254),
	(1883, 140, 1255),
	(1884, 140, 1186),
	(1885, 140, 1204),
	(1886, 140, 1209),
	(1887, 140, 1210),
	(1888, 140, 1622),
	(1889, 142, 1520),
	(1890, 142, 1532),
	(1891, 142, 1564),
	(1892, 142, 1566),
	(1893, 142, 1567),
	(1894, 142, 1569),
	(1895, 142, 1249),
	(1896, 142, 1250),
	(1897, 142, 1251),
	(1898, 142, 1252),
	(1899, 142, 1253),
	(1900, 142, 1254),
	(1901, 142, 1255),
	(1902, 142, 1186),
	(1903, 142, 1204),
	(1904, 142, 1209),
	(1905, 142, 1210),
	(1906, 142, 1622),
	(1907, 143, 1523),
	(1908, 143, 1532),
	(1909, 143, 1258),
	(1910, 143, 1128),
	(1911, 143, 1622),
	(1912, 143, 1630),
	(1913, 143, 1632),
	(1914, 143, 1733),
	(1915, 144, 1650),
	(1916, 144, 1651),
	(1917, 144, 1652),
	(1918, 144, 1653),
	(1919, 144, 1654),
	(1920, 144, 1655),
	(1921, 144, 1656),
	(1922, 144, 1657),
	(1923, 144, 1658),
	(1924, 144, 1659),
	(1925, 144, 1660),
	(1926, 144, 1661),
	(1927, 144, 1662),
	(1928, 144, 1663),
	(1929, 144, 1664),
	(1930, 144, 1665),
	(1931, 144, 1666),
	(1932, 144, 1667),
	(1933, 144, 1631),
	(1934, 144, 1633),
	(1935, 145, 1821),
	(1936, 145, 1822),
	(1937, 145, 1823),
	(1938, 145, 1824),
	(1939, 146, 1650),
	(1940, 146, 1651),
	(1941, 146, 1652),
	(1942, 146, 1653),
	(1943, 146, 1654),
	(1944, 146, 1655),
	(1945, 146, 1656),
	(1946, 146, 1657),
	(1947, 146, 1658),
	(1948, 146, 1659),
	(1949, 146, 1660),
	(1950, 146, 1661),
	(1951, 146, 1662),
	(1952, 146, 1663),
	(1953, 146, 1664),
	(1954, 146, 1665),
	(1955, 146, 1666),
	(1956, 146, 1667),
	(1957, 146, 1631),
	(1958, 146, 1633),
	(1959, 147, 1650),
	(1960, 147, 1651),
	(1961, 147, 1652),
	(1962, 147, 1653),
	(1963, 147, 1654),
	(1964, 147, 1655),
	(1965, 147, 1656),
	(1966, 147, 1657),
	(1967, 147, 1658),
	(1968, 147, 1659),
	(1969, 147, 1660),
	(1970, 147, 1661),
	(1971, 147, 1662),
	(1972, 147, 1663),
	(1973, 147, 1664),
	(1974, 147, 1665),
	(1975, 147, 1666),
	(1976, 147, 1667),
	(1977, 147, 1631),
	(1978, 147, 1633),
	(1979, 148, 1806),
	(1980, 148, 1807),
	(1981, 148, 1809),
	(1982, 148, 1810),
	(1983, 148, 1811),
	(1984, 148, 1634),
	(1985, 148, 1124),
	(1986, 150, 1805),
	(1987, 150, 1629),
	(1988, 153, 7),
	(1989, 153, 8),
	(1990, 153, 34),
	(1991, 153, 369),
	(1992, 153, 370),
	(1993, 153, 371),
	(1994, 153, 372),
	(1995, 153, 373),
	(1996, 153, 374),
	(1997, 153, 375),
	(1998, 153, 376),
	(1999, 153, 377),
	(2000, 153, 378),
	(2001, 153, 379),
	(2002, 153, 380),
	(2003, 153, 381),
	(2004, 153, 382),
	(2005, 153, 383),
	(2006, 153, 384),
	(2007, 153, 385),
	(2008, 153, 386),
	(2009, 153, 387),
	(2010, 153, 388),
	(2011, 153, 389),
	(2012, 153, 390),
	(2013, 153, 391),
	(2014, 153, 392),
	(2015, 153, 393),
	(2016, 153, 394),
	(2017, 153, 395),
	(2018, 153, 396),
	(2019, 153, 397),
	(2020, 153, 398),
	(2021, 153, 399),
	(2022, 153, 400),
	(2023, 153, 401),
	(2024, 153, 402),
	(2025, 153, 403),
	(2026, 153, 404),
	(2027, 153, 405),
	(2028, 153, 406),
	(2029, 153, 407),
	(2030, 153, 408),
	(2031, 153, 409),
	(2032, 153, 410),
	(2033, 153, 411),
	(2034, 153, 412),
	(2035, 153, 413),
	(2036, 153, 414),
	(2037, 153, 415),
	(2038, 153, 416),
	(2039, 153, 417),
	(2040, 153, 418),
	(2041, 153, 419),
	(2042, 153, 420),
	(2043, 153, 421),
	(2044, 153, 422),
	(2045, 153, 423),
	(2046, 153, 424),
	(2047, 153, 425),
	(2048, 153, 426),
	(2049, 153, 427),
	(2050, 153, 428),
	(2051, 153, 429),
	(2052, 153, 430),
	(2053, 153, 431),
	(2054, 153, 432),
	(2055, 153, 433),
	(2056, 153, 434),
	(2057, 153, 435),
	(2058, 153, 436),
	(2059, 153, 437),
	(2060, 153, 438),
	(2061, 153, 439),
	(2062, 153, 440),
	(2063, 153, 441),
	(2064, 153, 445),
	(2065, 153, 446),
	(2066, 153, 447),
	(2067, 153, 448),
	(2068, 153, 449),
	(2069, 153, 450),
	(2070, 153, 451),
	(2071, 153, 452),
	(2072, 153, 453),
	(2073, 153, 454),
	(2074, 153, 455),
	(2075, 153, 456),
	(2076, 153, 457),
	(2077, 153, 458),
	(2078, 153, 459),
	(2079, 153, 460),
	(2080, 153, 461),
	(2081, 153, 462),
	(2082, 153, 467),
	(2083, 153, 468),
	(2084, 153, 469),
	(2085, 153, 470),
	(2086, 153, 471),
	(2087, 153, 472),
	(2088, 153, 473),
	(2089, 153, 474),
	(2090, 153, 475),
	(2091, 153, 476),
	(2092, 153, 477),
	(2093, 153, 478),
	(2094, 153, 479),
	(2095, 153, 480),
	(2096, 153, 481),
	(2097, 153, 482),
	(2098, 153, 483),
	(2099, 153, 484),
	(2100, 153, 485),
	(2101, 153, 486),
	(2102, 153, 487),
	(2103, 153, 488),
	(2104, 153, 489),
	(2105, 153, 490),
	(2106, 153, 491),
	(2107, 153, 492),
	(2108, 153, 493),
	(2109, 153, 494),
	(2110, 153, 495),
	(2111, 153, 496),
	(2112, 153, 497),
	(2113, 153, 498),
	(2114, 153, 491),
	(2115, 153, 492),
	(2116, 153, 493),
	(2117, 153, 494),
	(2118, 153, 508),
	(2119, 153, 509),
	(2120, 153, 510),
	(2121, 153, 1212),
	(2122, 153, 1213),
	(2123, 153, 1229),
	(2124, 153, 1230),
	(2125, 153, 1231),
	(2126, 153, 1232),
	(2127, 153, 1233),
	(2128, 153, 1234),
	(2129, 153, 1235),
	(2130, 153, 1173),
	(2131, 153, 1179),
	(2132, 153, 1148),
	(2133, 153, 1149),
	(2134, 153, 1150),
	(2135, 153, 1151),
	(2136, 153, 1626),
	(2137, 153, 1627),
	(2138, 153, 1628),
	(2139, 153, 1670),
	(2140, 153, 1671),
	(2141, 153, 1672),
	(2142, 153, 1673),
	(2143, 153, 1674),
	(2144, 153, 1675),
	(2145, 153, 1676),
	(2146, 153, 1677),
	(2147, 153, 1678),
	(2148, 154, 7),
	(2149, 154, 8),
	(2150, 154, 34),
	(2151, 154, 640),
	(2152, 154, 641),
	(2153, 154, 642),
	(2154, 154, 643),
	(2155, 154, 644),
	(2156, 154, 645),
	(2157, 154, 646),
	(2158, 154, 647),
	(2159, 154, 648),
	(2160, 154, 649),
	(2161, 154, 650),
	(2162, 154, 651),
	(2163, 154, 652),
	(2164, 154, 653),
	(2165, 154, 654),
	(2166, 154, 655),
	(2167, 154, 656),
	(2168, 154, 657),
	(2169, 154, 658),
	(2170, 154, 659),
	(2171, 154, 660),
	(2172, 154, 664),
	(2173, 154, 665),
	(2174, 154, 666),
	(2175, 154, 667),
	(2176, 154, 668),
	(2177, 154, 669),
	(2178, 154, 670),
	(2179, 154, 671),
	(2180, 154, 672),
	(2181, 154, 673),
	(2182, 154, 674),
	(2183, 154, 675),
	(2184, 154, 676),
	(2185, 154, 677),
	(2186, 154, 678),
	(2187, 154, 679),
	(2188, 154, 680),
	(2189, 154, 681),
	(2190, 154, 682),
	(2191, 154, 683),
	(2192, 154, 684),
	(2193, 154, 519),
	(2194, 154, 541),
	(2195, 154, 542),
	(2196, 154, 562),
	(2197, 154, 563),
	(2198, 154, 567),
	(2199, 154, 1134),
	(2200, 154, 1135),
	(2201, 154, 1053),
	(2202, 154, 1055),
	(2203, 154, 1056),
	(2204, 154, 1280),
	(2205, 154, 1060),
	(2206, 154, 1061),
	(2207, 154, 1062),
	(2208, 154, 1671),
	(2209, 154, 1672),
	(2210, 154, 1673),
	(2211, 154, 1674),
	(2212, 154, 1677),
	(2213, 154, 1678),
	(2214, 154, 1679),
	(2215, 154, 1626),
	(2216, 154, 1627),
	(2217, 154, 1628),
	(2218, 155, 7),
	(2219, 155, 8),
	(2220, 155, 34),
	(2221, 155, 143),
	(2222, 155, 144),
	(2223, 155, 145),
	(2224, 155, 146),
	(2225, 155, 154),
	(2226, 155, 156),
	(2227, 155, 210),
	(2228, 155, 213),
	(2229, 155, 214),
	(2230, 155, 254),
	(2231, 155, 256),
	(2232, 155, 262),
	(2233, 155, 264),
	(2234, 155, 304),
	(2235, 155, 306),
	(2236, 155, 511),
	(2237, 155, 1088),
	(2238, 155, 1713),
	(2239, 155, 1714),
	(2240, 155, 1715),
	(2241, 155, 1716),
	(2242, 155, 640),
	(2243, 155, 644),
	(2244, 155, 645),
	(2245, 155, 646),
	(2246, 155, 657),
	(2247, 155, 658),
	(2248, 155, 675),
	(2249, 155, 676),
	(2250, 155, 677),
	(2251, 155, 678),
	(2252, 155, 342),
	(2253, 155, 344),
	(2254, 155, 345),
	(2255, 155, 346),
	(2256, 155, 373),
	(2257, 155, 374),
	(2258, 155, 375),
	(2259, 155, 376),
	(2260, 155, 377),
	(2261, 155, 378),
	(2262, 155, 379),
	(2263, 155, 380),
	(2264, 155, 398),
	(2265, 155, 399),
	(2266, 155, 400),
	(2267, 155, 401),
	(2268, 155, 422),
	(2269, 155, 423),
	(2270, 155, 424),
	(2271, 155, 425),
	(2272, 155, 446),
	(2273, 155, 453),
	(2274, 155, 454),
	(2275, 155, 471),
	(2276, 155, 472),
	(2277, 155, 473),
	(2278, 155, 474),
	(2279, 155, 491),
	(2280, 155, 492),
	(2281, 155, 493),
	(2282, 155, 494),
	(2283, 155, 1212),
	(2284, 155, 1213),
	(2285, 155, 1229),
	(2286, 155, 1230),
	(2287, 155, 1231),
	(2288, 155, 1232),
	(2289, 155, 1173),
	(2290, 155, 1179),
	(2291, 155, 519),
	(2292, 155, 567),
	(2293, 155, 1280),
	(2294, 155, 1626),
	(2295, 155, 1627),
	(2296, 155, 1628),
	(2297, 155, 1670),
	(2298, 155, 1671),
	(2299, 155, 1672),
	(2300, 155, 1673),
	(2301, 155, 1674),
	(2302, 155, 1675),
	(2303, 155, 1676),
	(2304, 155, 1677),
	(2305, 155, 1678),
	(2306, 156, 7),
	(2307, 156, 8),
	(2308, 156, 34),
	(2309, 156, 129),
	(2310, 156, 131),
	(2311, 156, 132),
	(2312, 156, 133),
	(2313, 156, 142),
	(2314, 156, 143),
	(2315, 156, 144),
	(2316, 156, 145),
	(2317, 156, 146),
	(2318, 156, 154),
	(2319, 156, 156),
	(2320, 156, 166),
	(2321, 156, 167),
	(2322, 156, 181),
	(2323, 156, 182),
	(2324, 156, 210),
	(2325, 156, 213),
	(2326, 156, 214),
	(2327, 156, 215),
	(2328, 156, 217),
	(2329, 156, 218),
	(2330, 156, 219),
	(2331, 156, 227),
	(2332, 156, 229),
	(2333, 156, 230),
	(2334, 156, 254),
	(2335, 156, 255),
	(2336, 156, 256),
	(2337, 156, 262),
	(2338, 156, 263),
	(2339, 156, 264),
	(2340, 156, 270),
	(2341, 156, 271),
	(2342, 156, 272),
	(2343, 156, 277),
	(2344, 156, 278),
	(2345, 156, 279),
	(2346, 156, 290),
	(2347, 156, 294),
	(2348, 156, 295),
	(2349, 156, 296),
	(2350, 156, 297),
	(2351, 156, 303),
	(2352, 156, 304),
	(2353, 156, 305),
	(2354, 156, 306),
	(2355, 156, 309),
	(2356, 156, 327),
	(2357, 156, 328),
	(2358, 156, 329),
	(2359, 156, 511),
	(2360, 156, 513),
	(2361, 156, 517),
	(2362, 156, 556),
	(2363, 156, 1088),
	(2364, 156, 1713),
	(2365, 156, 1714),
	(2366, 156, 1715),
	(2367, 156, 1716),
	(2368, 156, 1626),
	(2369, 157, 1529),
	(2370, 157, 1729),
	(2371, 157, 1635),
	(2372, 157, 1636),
	(2373, 157, 1637),
	(2374, 157, 1638),
	(2375, 158, 1554),
	(2376, 158, 1555),
	(2377, 158, 1559),
	(2378, 158, 1560),
	(2379, 158, 1561),
	(2380, 158, 1630),
	(2381, 158, 1632),
	(2382, 158, 1633),
	(2383, 158, 1736),
	(2384, 158, 1737),
	(2385, 158, 1738),
	(2386, 158, 1739),
	(2387, 158, 1740),
	(2388, 158, 1741),
	(2389, 158, 1742),
	(2390, 158, 1743),
	(2391, 159, 1544),
	(2392, 159, 1547),
	(2393, 159, 1550),
	(2394, 159, 1553),
	(2395, 159, 1630),
	(2396, 159, 1632),
	(2397, 159, 1633),
	(2398, 159, 1736),
	(2399, 159, 1737),
	(2400, 159, 1738),
	(2401, 159, 1739),
	(2402, 159, 1740),
	(2403, 159, 1741),
	(2404, 159, 1742),
	(2405, 159, 1743),
	(2406, 160, 1542),
	(2407, 160, 1543),
	(2408, 160, 1545),
	(2409, 160, 1546),
	(2410, 160, 1548),
	(2411, 160, 1549),
	(2412, 160, 1551),
	(2413, 160, 1552),
	(2414, 160, 1556),
	(2415, 160, 1557),
	(2416, 160, 1558),
	(2417, 160, 1630),
	(2418, 160, 1632),
	(2419, 160, 1633),
	(2420, 160, 1736),
	(2421, 160, 1737),
	(2422, 160, 1738),
	(2423, 160, 1739),
	(2424, 160, 1740),
	(2425, 160, 1741),
	(2426, 160, 1742),
	(2427, 160, 1743),
	(2428, 160, 1635),
	(2429, 160, 1636),
	(2430, 160, 1637),
	(2431, 160, 1638),
	(2432, 161, 1537),
	(2433, 161, 1538),
	(2434, 161, 1539),
	(2435, 161, 1540),
	(2436, 161, 1541),
	(2437, 161, 1556),
	(2438, 161, 1557),
	(2439, 161, 1558),
	(2440, 161, 1630),
	(2441, 161, 1632),
	(2442, 161, 1633),
	(2443, 161, 1736),
	(2444, 161, 1737),
	(2445, 161, 1738),
	(2446, 161, 1739),
	(2447, 161, 1740),
	(2448, 161, 1741),
	(2449, 161, 1742),
	(2450, 161, 1743),
	(2451, 161, 1635),
	(2452, 161, 1636),
	(2453, 161, 1637),
	(2454, 161, 1638),
	(2455, 162, 1575),
	(2456, 162, 1576),
	(2457, 162, 1577),
	(2458, 162, 1744),
	(2459, 162, 1745),
	(2460, 162, 1746),
	(2461, 162, 1630),
	(2462, 162, 1633),
	(2463, 162, 1125),
	(2464, 163, 1525),
	(2465, 163, 1730),
	(2466, 163, 1635),
	(2467, 163, 1636),
	(2468, 163, 1637),
	(2469, 163, 1638),
	(2470, 165, 1613),
	(2471, 165, 1614),
	(2472, 165, 1615),
	(2473, 165, 1594),
	(2474, 165, 1597),
	(2475, 165, 1598),
	(2476, 165, 1599),
	(2477, 165, 1600),
	(2478, 165, 1136),
	(2479, 166, 1718),
	(2480, 166, 1719),
	(2481, 166, 1720),
	(2482, 166, 1721),
	(2483, 166, 592),
	(2484, 166, 593),
	(2485, 166, 532),
	(2486, 166, 533),
	(2487, 166, 534),
	(2488, 166, 597),
	(2489, 166, 535),
	(2490, 166, 1068),
	(2491, 167, 9),
	(2492, 167, 10),
	(2493, 167, 34),
	(2494, 167, 218),
	(2495, 167, 222),
	(2496, 167, 258),
	(2497, 167, 266),
	(2498, 167, 104),
	(2499, 167, 1293),
	(2500, 167, 1294),
	(2501, 167, 1295),
	(2502, 167, 1088),
	(2503, 167, 1713),
	(2504, 167, 1714),
	(2505, 167, 1715),
	(2506, 167, 1716),
	(2507, 168, 9),
	(2508, 168, 10),
	(2509, 168, 34),
	(2510, 168, 218),
	(2511, 168, 222),
	(2512, 168, 258),
	(2513, 168, 266),
	(2514, 168, 104),
	(2515, 168, 1293),
	(2516, 168, 1294),
	(2517, 168, 1295),
	(2518, 168, 1088),
	(2519, 168, 1713),
	(2520, 168, 1714),
	(2521, 168, 1715),
	(2522, 168, 100),
	(2523, 168, 102),
	(2524, 168, 104),
	(2525, 168, 123),
	(2526, 169, 9),
	(2527, 169, 10),
	(2528, 169, 34),
	(2529, 169, 218),
	(2530, 169, 222),
	(2531, 169, 258),
	(2532, 169, 266),
	(2533, 169, 104),
	(2534, 169, 1293),
	(2535, 169, 1294),
	(2536, 169, 1295),
	(2537, 169, 1088),
	(2538, 169, 1713),
	(2539, 169, 1714),
	(2540, 169, 1715),
	(2541, 169, 1618),
	(2542, 169, 1619),
	(2543, 169, 1620),
	(2544, 169, 123),
	(2545, 170, 9),
	(2546, 170, 10),
	(2547, 170, 34),
	(2548, 170, 218),
	(2549, 170, 222),
	(2550, 170, 258),
	(2551, 170, 266),
	(2552, 170, 104),
	(2553, 170, 1293),
	(2554, 170, 1294),
	(2555, 170, 1295),
	(2556, 170, 1088),
	(2557, 170, 1713),
	(2558, 170, 1714),
	(2559, 170, 1715),
	(2560, 170, 100),
	(2561, 170, 102),
	(2562, 170, 104),
	(2563, 170, 123),
	(2564, 171, 9),
	(2565, 171, 10),
	(2566, 171, 34),
	(2567, 171, 218),
	(2568, 171, 222),
	(2569, 171, 258),
	(2570, 171, 266),
	(2571, 171, 104),
	(2572, 171, 1293),
	(2573, 171, 1294),
	(2574, 171, 1295),
	(2575, 171, 1088),
	(2576, 171, 1713),
	(2577, 171, 1714),
	(2578, 171, 1715),
	(2579, 171, 100),
	(2580, 171, 102),
	(2581, 171, 104),
	(2582, 171, 123),
	(2583, 172, 9),
	(2584, 172, 10),
	(2585, 172, 34),
	(2586, 172, 214),
	(2587, 172, 218),
	(2588, 172, 256),
	(2589, 172, 264),
	(2590, 172, 100),
	(2591, 172, 102),
	(2592, 172, 1294),
	(2593, 172, 1295),
	(2594, 172, 1088),
	(2595, 172, 512),
	(2596, 172, 556),
	(2597, 172, 1713),
	(2598, 172, 1714),
	(2599, 172, 1715),
	(2600, 172, 1716),
	(2601, 174, 1587),
	(2602, 174, 1588),
	(2603, 174, 1589),
	(2604, 174, 1590),
	(2605, 174, 1591),
	(2606, 174, 1592),
	(2607, 174, 1593),
	(2608, 175, 7),
	(2609, 175, 8),
	(2610, 175, 34),
	(2611, 175, 369),
	(2612, 175, 370),
	(2613, 175, 371),
	(2614, 175, 372),
	(2615, 175, 394),
	(2616, 175, 395),
	(2617, 175, 396),
	(2618, 175, 397),
	(2619, 175, 418),
	(2620, 175, 419),
	(2621, 175, 420),
	(2622, 175, 421),
	(2623, 175, 467),
	(2624, 175, 468),
	(2625, 175, 469),
	(2626, 175, 470),
	(2627, 175, 487),
	(2628, 175, 488),
	(2629, 175, 489),
	(2630, 175, 490),
	(2631, 175, 106),
	(2632, 175, 107),
	(2633, 175, 840),
	(2634, 175, 841),
	(2635, 175, 842),
	(2636, 175, 1163),
	(2637, 175, 1164),
	(2638, 175, 1100),
	(2639, 175, 1103),
	(2640, 175, 1626),
	(2641, 175, 1627),
	(2642, 175, 1628),
	(2643, 175, 1670),
	(2644, 176, 7),
	(2645, 176, 8),
	(2646, 176, 34),
	(2647, 176, 373),
	(2648, 176, 374),
	(2649, 176, 375),
	(2650, 176, 376),
	(2651, 176, 398),
	(2652, 176, 399),
	(2653, 176, 400),
	(2654, 176, 401),
	(2655, 176, 422),
	(2656, 176, 423),
	(2657, 176, 424),
	(2658, 176, 425),
	(2659, 176, 459),
	(2660, 176, 460),
	(2661, 176, 461),
	(2662, 176, 462),
	(2663, 176, 471),
	(2664, 176, 472),
	(2665, 176, 473),
	(2666, 176, 474),
	(2667, 176, 491),
	(2668, 176, 492),
	(2669, 176, 493),
	(2670, 176, 494),
	(2671, 176, 503),
	(2672, 176, 504),
	(2673, 176, 505),
	(2674, 176, 506),
	(2675, 176, 106),
	(2676, 176, 107),
	(2677, 176, 840),
	(2678, 176, 841),
	(2679, 176, 842),
	(2680, 176, 1163),
	(2681, 176, 1164),
	(2682, 176, 1100),
	(2683, 176, 1103),
	(2684, 176, 1626),
	(2685, 176, 1627),
	(2686, 176, 1628),
	(2687, 176, 1671),
	(2688, 177, 7),
	(2689, 177, 8),
	(2690, 177, 34),
	(2691, 177, 377),
	(2692, 177, 378),
	(2693, 177, 379),
	(2694, 177, 380),
	(2695, 177, 402),
	(2696, 177, 403),
	(2697, 177, 404),
	(2698, 177, 405),
	(2699, 177, 426),
	(2700, 177, 427),
	(2701, 177, 428),
	(2702, 177, 429),
	(2703, 177, 475),
	(2704, 177, 476),
	(2705, 177, 477),
	(2706, 177, 478),
	(2707, 177, 495),
	(2708, 177, 496),
	(2709, 177, 497),
	(2710, 177, 498),
	(2711, 177, 106),
	(2712, 177, 107),
	(2713, 177, 840),
	(2714, 177, 841),
	(2715, 177, 842),
	(2716, 177, 1163),
	(2717, 177, 1164),
	(2718, 177, 1100),
	(2719, 177, 1104),
	(2720, 177, 1626),
	(2721, 177, 1627),
	(2722, 177, 1628),
	(2723, 177, 1672),
	(2724, 178, 7),
	(2725, 178, 8),
	(2726, 178, 34),
	(2727, 178, 342),
	(2728, 178, 344),
	(2729, 178, 345),
	(2730, 178, 346),
	(2731, 178, 106),
	(2732, 178, 107),
	(2733, 178, 840),
	(2734, 178, 841),
	(2735, 178, 842),
	(2736, 178, 1100),
	(2737, 178, 1103),
	(2738, 178, 1626),
	(2739, 178, 1627),
	(2740, 178, 1628),
	(2741, 178, 1669),
	(2742, 178, 1670),
	(2743, 178, 1671),
	(2744, 179, 7),
	(2745, 179, 8),
	(2746, 179, 34),
	(2747, 179, 344),
	(2748, 179, 106),
	(2749, 179, 107),
	(2750, 179, 840),
	(2751, 179, 841),
	(2752, 179, 842),
	(2753, 179, 1100),
	(2754, 179, 1103),
	(2755, 179, 1626),
	(2756, 179, 1627),
	(2757, 179, 1628),
	(2758, 179, 1670),
	(2759, 180, 7),
	(2760, 180, 8),
	(2761, 180, 34),
	(2762, 180, 345),
	(2763, 180, 106),
	(2764, 180, 107),
	(2765, 180, 840),
	(2766, 180, 841),
	(2767, 180, 842),
	(2768, 180, 1100),
	(2769, 180, 1103),
	(2770, 180, 1626),
	(2771, 180, 1627),
	(2772, 180, 1628),
	(2773, 180, 1670),
	(2774, 181, 2),
	(2775, 181, 1008),
	(2776, 181, 1489),
	(2777, 181, 1490),
	(2778, 181, 1491),
	(2779, 181, 1492),
	(2780, 181, 1493),
	(2781, 181, 1494),
	(2782, 181, 1495),
	(2783, 182, 1524),
	(2784, 182, 1522),
	(2785, 182, 1525),
	(2786, 182, 1622),
	(2787, 182, 1482),
	(2788, 182, 1483),
	(2789, 182, 1484),
	(2790, 182, 1485),
	(2791, 182, 1486),
	(2792, 182, 1488),
	(2793, 182, 1727),
	(2794, 183, 2),
	(2795, 183, 8),
	(2796, 183, 1008),
	(2797, 183, 344),
	(2798, 183, 1524),
	(2799, 183, 1622),
	(2800, 183, 1479),
	(2801, 183, 1480),
	(2802, 183, 1481),
	(2803, 183, 1759),
	(2804, 184, 7),
	(2805, 184, 8),
	(2806, 184, 34),
	(2807, 184, 1474),
	(2808, 184, 1475),
	(2809, 184, 1476),
	(2810, 184, 1626),
	(2811, 184, 1627),
	(2812, 185, 2),
	(2813, 185, 1008),
	(2814, 185, 1462),
	(2815, 185, 1463),
	(2816, 185, 1464),
	(2817, 185, 1465),
	(2818, 185, 1466),
	(2819, 185, 1467),
	(2820, 185, 1468),
	(2821, 185, 1469),
	(2822, 185, 1470),
	(2823, 186, 2),
	(2824, 186, 1458),
	(2825, 186, 1459),
	(2826, 186, 1460),
	(2827, 186, 1461),
	(2828, 187, 2),
	(2829, 187, 1471),
	(2830, 187, 999),
	(2831, 187, 1010),
	(2832, 187, 1003),
	(2833, 188, 1496),
	(2834, 188, 1497),
	(2835, 189, 7),
	(2836, 189, 8),
	(2837, 189, 34),
	(2838, 189, 1477),
	(2839, 189, 1626),
	(2840, 189, 1627),
	(2841, 190, 2),
	(2842, 190, 1014),
	(2843, 190, 1731),
	(2844, 191, 1339),
	(2845, 191, 1341),
	(2846, 191, 1406),
	(2847, 191, 1407),
	(2848, 191, 1408),
	(2849, 191, 1410),
	(2850, 191, 1411),
	(2851, 191, 1412),
	(2852, 191, 1415),
	(2853, 191, 1416),
	(2854, 191, 1682),
	(2855, 191, 1685),
	(2856, 191, 1686),
	(2857, 191, 1687),
	(2858, 191, 1688),
	(2859, 191, 1014),
	(2860, 191, 1734),
	(2861, 192, 1524),
	(2862, 192, 1014),
	(2863, 192, 1668),
	(2864, 192, 1635),
	(2865, 192, 1636),
	(2866, 192, 1637),
	(2867, 192, 1638),
	(2868, 192, 1731),
	(2869, 193, 1524),
	(2870, 193, 1622),
	(2871, 193, 1014),
	(2872, 193, 1668),
	(2873, 193, 1731),
	(2874, 194, 1524),
	(2875, 194, 1014),
	(2876, 194, 1668),
	(2877, 194, 1731),
	(2878, 196, 7),
	(2879, 196, 8),
	(2880, 196, 34),
	(2881, 196, 861),
	(2882, 196, 1626),
	(2883, 197, 7),
	(2884, 197, 8),
	(2885, 197, 34),
	(2886, 197, 643),
	(2887, 197, 644),
	(2888, 197, 645),
	(2889, 197, 511),
	(2890, 197, 1280),
	(2891, 197, 1626),
	(2892, 197, 1627),
	(2893, 197, 1674),
	(2894, 197, 1677),
	(2895, 198, 2),
	(2896, 198, 143),
	(2897, 198, 144),
	(2898, 198, 305),
	(2899, 198, 1019),
	(2900, 198, 1280),
	(2901, 199, 7),
	(2902, 199, 8),
	(2903, 199, 34),
	(2904, 199, 143),
	(2905, 199, 144),
	(2906, 199, 254),
	(2907, 199, 344),
	(2908, 199, 1280),
	(2909, 199, 1626),
	(2910, 199, 1627),
	(2911, 200, 7),
	(2912, 200, 8),
	(2913, 200, 34),
	(2914, 200, 143),
	(2915, 200, 144),
	(2916, 200, 644),
	(2917, 200, 645),
	(2918, 200, 1280),
	(2919, 200, 1626),
	(2920, 200, 1627),
	(2921, 200, 1674),
	(2922, 200, 1677),
	(2923, 201, 2),
	(2924, 201, 143),
	(2925, 201, 144),
	(2926, 201, 305),
	(2927, 201, 1019),
	(2928, 201, 1280),
	(2929, 202, 7),
	(2930, 202, 8),
	(2931, 202, 34),
	(2932, 202, 143),
	(2933, 202, 144),
	(2934, 202, 254),
	(2935, 202, 344),
	(2936, 202, 1280),
	(2937, 202, 1626),
	(2938, 202, 1627),
	(2939, 203, 7),
	(2940, 203, 8),
	(2941, 203, 34),
	(2942, 203, 143),
	(2943, 203, 144),
	(2944, 203, 644),
	(2945, 203, 645),
	(2946, 203, 1280),
	(2947, 203, 1626),
	(2948, 203, 1627),
	(2949, 203, 1674),
	(2950, 203, 1677),
	(2951, 204, 8),
	(2952, 204, 165),
	(2953, 204, 166),
	(2954, 204, 167),
	(2955, 204, 147),
	(2956, 204, 215),
	(2957, 204, 134),
	(2958, 204, 308),
	(2959, 204, 254),
	(2960, 204, 262),
	(2961, 204, 513),
	(2962, 204, 556),
	(2963, 204, 1313),
	(2964, 204, 1314),
	(2965, 204, 1088),
	(2966, 204, 1112),
	(2967, 204, 1626),
	(2968, 204, 1627),
	(2969, 204, 1704),
	(2970, 204, 1706),
	(2971, 204, 1708),
	(2972, 204, 1713),
	(2973, 205, 8),
	(2974, 205, 165),
	(2975, 205, 166),
	(2976, 205, 129),
	(2977, 205, 134),
	(2978, 205, 308),
	(2979, 205, 271),
	(2980, 205, 326),
	(2981, 205, 921),
	(2982, 205, 67),
	(2983, 205, 1088),
	(2984, 205, 1112),
	(2985, 205, 1109),
	(2986, 205, 1714),
	(2987, 205, 1715),
	(2988, 205, 1706),
	(2989, 205, 1708),
	(2990, 205, 1625),
	(2991, 206, 8),
	(2992, 206, 165),
	(2993, 206, 166),
	(2994, 206, 167),
	(2995, 206, 147),
	(2996, 206, 210),
	(2997, 206, 215),
	(2998, 206, 134),
	(2999, 206, 308),
	(3000, 206, 254),
	(3001, 206, 262),
	(3002, 206, 513),
	(3003, 206, 556),
	(3004, 206, 1088),
	(3005, 206, 1112),
	(3006, 206, 1626),
	(3007, 206, 1627),
	(3008, 206, 1628),
	(3009, 206, 1704),
	(3010, 206, 1706),
	(3011, 206, 1708),
	(3012, 206, 1713),
	(3013, 207, 166),
	(3014, 207, 167),
	(3015, 207, 129),
	(3016, 207, 131),
	(3017, 207, 143),
	(3018, 207, 144),
	(3019, 207, 134),
	(3020, 207, 308),
	(3021, 207, 513),
	(3022, 207, 1088),
	(3023, 207, 1112),
	(3024, 207, 1708),
	(3025, 207, 1713),
	(3026, 209, 8),
	(3027, 209, 172),
	(3028, 209, 173),
	(3029, 209, 147),
	(3030, 209, 134),
	(3031, 209, 308),
	(3032, 209, 273),
	(3033, 209, 921),
	(3034, 209, 567),
	(3035, 209, 326),
	(3036, 209, 67),
	(3037, 209, 1088),
	(3038, 209, 1112),
	(3039, 209, 1631),
	(3040, 209, 1714),
	(3041, 209, 1715),
	(3042, 209, 1706),
	(3043, 209, 1708),
	(3044, 209, 1625),
	(3045, 213, 695),
	(3046, 213, 696),
	(3047, 213, 697),
	(3048, 213, 590),
	(3049, 213, 591),
	(3050, 213, 234),
	(3051, 213, 167),
	(3052, 213, 309),
	(3053, 213, 952),
	(3054, 213, 954),
	(3055, 213, 967),
	(3056, 213, 1036),
	(3057, 213, 541),
	(3058, 213, 1134),
	(3059, 213, 1109),
	(3060, 213, 1112),
	(3061, 213, 1628),
	(3062, 213, 1680),
	(3063, 213, 1714),
	(3064, 213, 1293),
	(3065, 213, 1295),
	(3066, 210, 695),
	(3067, 210, 696),
	(3068, 210, 697),
	(3069, 210, 590),
	(3070, 210, 591),
	(3071, 210, 234),
	(3072, 210, 167),
	(3073, 210, 309),
	(3074, 210, 952),
	(3075, 210, 954),
	(3076, 210, 967),
	(3077, 210, 1031),
	(3078, 210, 541),
	(3079, 210, 1134),
	(3080, 210, 1109),
	(3081, 210, 1112),
	(3082, 210, 1628),
	(3083, 210, 1680),
	(3084, 210, 1714),
	(3085, 210, 1293),
	(3086, 210, 1295),
	(3087, 211, 695),
	(3088, 211, 696),
	(3089, 211, 697),
	(3090, 211, 590),
	(3091, 211, 591),
	(3092, 211, 234),
	(3093, 211, 167),
	(3094, 211, 309),
	(3095, 211, 952),
	(3096, 211, 954),
	(3097, 211, 967),
	(3098, 211, 1036),
	(3099, 211, 541),
	(3100, 211, 1134),
	(3101, 211, 1109),
	(3102, 211, 1112),
	(3103, 211, 1628),
	(3104, 211, 1680),
	(3105, 211, 1714),
	(3106, 211, 1293),
	(3107, 211, 1295),
	(3108, 212, 695),
	(3109, 212, 696),
	(3110, 212, 697),
	(3111, 212, 590),
	(3112, 212, 591),
	(3113, 212, 234),
	(3114, 212, 167),
	(3115, 212, 309),
	(3116, 212, 952),
	(3117, 212, 954),
	(3118, 212, 967),
	(3119, 212, 1036),
	(3120, 212, 541),
	(3121, 212, 1134),
	(3122, 212, 1109),
	(3123, 212, 1112),
	(3124, 212, 1628),
	(3125, 212, 1680),
	(3126, 212, 1714),
	(3127, 212, 1293),
	(3128, 212, 1295),
	(3129, 214, 2),
	(3130, 214, 144),
	(3131, 214, 145),
	(3132, 214, 146),
	(3133, 214, 158),
	(3134, 214, 210),
	(3135, 214, 217),
	(3136, 214, 303),
	(3137, 214, 306),
	(3138, 214, 1025),
	(3139, 214, 1092),
	(3140, 214, 1293),
	(3141, 214, 1295),
	(3142, 215, 2),
	(3143, 215, 5),
	(3144, 215, 144),
	(3145, 215, 145),
	(3146, 215, 146),
	(3147, 215, 158),
	(3148, 215, 167),
	(3149, 215, 217),
	(3150, 215, 303),
	(3151, 215, 306),
	(3152, 215, 556),
	(3153, 215, 1025),
	(3154, 215, 1092),
	(3155, 215, 1293),
	(3156, 215, 1294),
	(3157, 215, 1295),
	(3158, 216, 2),
	(3159, 216, 254),
	(3160, 216, 262),
	(3161, 216, 210),
	(3162, 216, 217),
	(3163, 216, 556),
	(3164, 216, 1025),
	(3165, 216, 1092),
	(3166, 216, 304),
	(3167, 216, 1293),
	(3168, 216, 1294),
	(3169, 216, 1295),
	(3170, 216, 1706),
	(3171, 216, 1756),
	(3172, 217, 2),
	(3173, 217, 7),
	(3174, 217, 8),
	(3175, 217, 9),
	(3176, 217, 10),
	(3177, 217, 96),
	(3178, 217, 254),
	(3179, 217, 262),
	(3180, 217, 146),
	(3181, 217, 158),
	(3182, 217, 217),
	(3183, 217, 556),
	(3184, 217, 1025),
	(3185, 217, 1092),
	(3186, 217, 1293),
	(3187, 217, 1294),
	(3188, 217, 1295),
	(3189, 217, 1706),
	(3190, 218, 2),
	(3191, 218, 254),
	(3192, 218, 262),
	(3193, 218, 210),
	(3194, 218, 217),
	(3195, 218, 556),
	(3196, 218, 1025),
	(3197, 218, 1092),
	(3198, 218, 304),
	(3199, 218, 1293),
	(3200, 218, 1294),
	(3201, 218, 1295),
	(3202, 218, 1706),
	(3203, 218, 1756),
	(3204, 219, 2),
	(3205, 219, 254),
	(3206, 219, 262),
	(3207, 219, 210),
	(3208, 219, 217),
	(3209, 219, 556),
	(3210, 219, 1025),
	(3211, 219, 1088),
	(3212, 219, 304),
	(3213, 219, 1293),
	(3214, 219, 1294),
	(3215, 219, 1295),
	(3216, 219, 1706),
	(3217, 219, 1756),
	(3218, 220, 2),
	(3219, 220, 337),
	(3220, 220, 317),
	(3221, 220, 318),
	(3222, 220, 319),
	(3223, 220, 320),
	(3224, 220, 324),
	(3225, 220, 324),
	(3226, 220, 332),
	(3227, 220, 333),
	(3228, 220, 334),
	(3229, 220, 335),
	(3230, 220, 336),
	(3231, 220, 166),
	(3232, 220, 217),
	(3233, 220, 210),
	(3234, 220, 254),
	(3235, 220, 296),
	(3236, 220, 297),
	(3237, 220, 970),
	(3238, 220, 956),
	(3239, 220, 308),
	(3240, 220, 1189),
	(3241, 220, 1221),
	(3242, 220, 1185),
	(3243, 220, 1238),
	(3244, 220, 1239),
	(3245, 220, 1242),
	(3246, 220, 1243),
	(3247, 220, 1244),
	(3248, 220, 1245),
	(3249, 220, 1246),
	(3250, 220, 1247),
	(3251, 220, 1025),
	(3252, 220, 1091),
	(3253, 220, 1140),
	(3254, 220, 1141),
	(3255, 220, 1292),
	(3256, 220, 1293),
	(3257, 220, 1295),
	(3258, 220, 511),
	(3259, 220, 556),
	(3260, 220, 1306),
	(3261, 220, 699),
	(3262, 220, 1706),
	(3263, 220, 1709),
	(3264, 220, 1756),
	(3265, 220, 1752),
	(3266, 220, 1753),
	(3267, 220, 1754),
	(3268, 220, 1755),
	(3269, 221, 2),
	(3270, 221, 337),
	(3271, 221, 317),
	(3272, 221, 318),
	(3273, 221, 319),
	(3274, 221, 320),
	(3275, 221, 324),
	(3276, 221, 324),
	(3277, 221, 332),
	(3278, 221, 333),
	(3279, 221, 334),
	(3280, 221, 335),
	(3281, 221, 336),
	(3282, 221, 166),
	(3283, 221, 217),
	(3284, 221, 210),
	(3285, 221, 254),
	(3286, 221, 296),
	(3287, 221, 297),
	(3288, 221, 970),
	(3289, 221, 956),
	(3290, 221, 308),
	(3291, 221, 1189),
	(3292, 221, 1221),
	(3293, 221, 1185),
	(3294, 221, 1238),
	(3295, 221, 1239),
	(3296, 221, 1242),
	(3297, 221, 1243),
	(3298, 221, 1244),
	(3299, 221, 1245),
	(3300, 221, 1246),
	(3301, 221, 1247),
	(3302, 221, 1025),
	(3303, 221, 1091),
	(3304, 221, 1140),
	(3305, 221, 1141),
	(3306, 221, 1292),
	(3307, 221, 1293),
	(3308, 221, 1295),
	(3309, 221, 511),
	(3310, 221, 556),
	(3311, 221, 1306),
	(3312, 221, 699),
	(3313, 221, 1706),
	(3314, 221, 1709),
	(3315, 221, 1756),
	(3316, 221, 1752),
	(3317, 221, 1753),
	(3318, 221, 1754),
	(3319, 221, 1755),
	(3320, 222, 2),
	(3321, 222, 337),
	(3322, 222, 317),
	(3323, 222, 318),
	(3324, 222, 319),
	(3325, 222, 320),
	(3326, 222, 324),
	(3327, 222, 324),
	(3328, 222, 332),
	(3329, 222, 333),
	(3330, 222, 334),
	(3331, 222, 335),
	(3332, 222, 336),
	(3333, 222, 166),
	(3334, 222, 217),
	(3335, 222, 210),
	(3336, 222, 254),
	(3337, 222, 296),
	(3338, 222, 297),
	(3339, 222, 970),
	(3340, 222, 956),
	(3341, 222, 308),
	(3342, 222, 1189),
	(3343, 222, 1221),
	(3344, 222, 1185),
	(3345, 222, 1238),
	(3346, 222, 1239),
	(3347, 222, 1242),
	(3348, 222, 1243),
	(3349, 222, 1244),
	(3350, 222, 1245),
	(3351, 222, 1246),
	(3352, 222, 1247),
	(3353, 222, 1025),
	(3354, 222, 1091),
	(3355, 222, 1140),
	(3356, 222, 1141),
	(3357, 222, 1292),
	(3358, 222, 1293),
	(3359, 222, 1295),
	(3360, 222, 511),
	(3361, 222, 556),
	(3362, 222, 1306),
	(3363, 222, 699),
	(3364, 222, 1706),
	(3365, 222, 1709),
	(3366, 222, 1756),
	(3367, 222, 1752),
	(3368, 222, 1753),
	(3369, 222, 1754),
	(3370, 222, 1755);

-- Volcando estructura para tabla software_innova.itemtemporal
CREATE TABLE IF NOT EXISTS `itemtemporal` (
  `id` int(11) NOT NULL AUTO_INCREMENT,
  `descripcion` varchar(255) NOT NULL,
  `precio` float NOT NULL,
  `creado_por` int(11) NOT NULL,
  `aprobado` tinyint(1) DEFAULT NULL,
  PRIMARY KEY (`id`),
  KEY `creado_por` (`creado_por`),
  CONSTRAINT `itemtemporal_ibfk_1` FOREIGN KEY (`creado_por`) REFERENCES `users` (`user_id`)
) ENGINE=InnoDB AUTO_INCREMENT=5 DEFAULT CHARSET=utf8mb4 COLLATE=utf8mb4_general_ci;

-- Volcando datos para la tabla software_innova.itemtemporal: ~4 rows (aproximadamente)
INSERT INTO `itemtemporal` (`id`, `descripcion`, `precio`, `creado_por`, `aprobado`) VALUES
	(1, 'Celular', 1500000, 3, 0),
	(2, 'pa 2', 45000, 3, 0),
	(3, 'hojas secas', 4500, 3, 0),
	(4, 'hojas secas', 5000, 3, 0);

-- Volcando estructura para tabla software_innova.lineas
CREATE TABLE IF NOT EXISTS `lineas` (
  `linea_id` int(11) NOT NULL AUTO_INCREMENT,
  `unidad_idFK` int(11) NOT NULL,
  `nombre` varchar(100) NOT NULL,
  PRIMARY KEY (`linea_id`),
  KEY `unidad_idFK` (`unidad_idFK`),
  CONSTRAINT `lineas_ibfk_1` FOREIGN KEY (`unidad_idFK`) REFERENCES `unidades_negocio` (`unidad_id`)
) ENGINE=InnoDB AUTO_INCREMENT=39 DEFAULT CHARSET=utf8mb4 COLLATE=utf8mb4_general_ci;

-- Volcando datos para la tabla software_innova.lineas: ~38 rows (aproximadamente)
INSERT INTO `lineas` (`linea_id`, `unidad_idFK`, `nombre`) VALUES
	(1, 1, 'Alquiler de Publicidad Exterior'),
	(2, 1, 'Aviso Tipo Bastidor'),
	(3, 1, 'Aviso Tipo Caja de Luz'),
	(4, 1, 'Aviso Tipo Volumetrico'),
	(5, 1, 'Avisos para Pared'),
	(6, 1, 'Banderas con Astas en Madera'),
	(7, 1, 'Banderas con Astas Metalicas y Tela Confeccionada'),
	(8, 1, 'Banderas en Tela Confeccionada'),
	(9, 1, 'Botones y Pines Publicitarios'),
	(10, 1, 'Cerramiento con Modulos Metalicos'),
	(11, 1, 'Cerramiento en Tuberia'),
	(12, 1, 'Cerramiento Separacion de Predios'),
	(13, 1, 'Corte Laser'),
	(14, 1, 'Decoracion de Interiores'),
	(15, 1, 'Decoracion Vehicular'),
	(16, 1, 'Extructura Exterior'),
	(17, 1, 'Identificacion Personal'),
	(18, 1, 'Impresión Digital con Terminado'),
	(19, 1, 'Impresión Digital Gran Formato'),
	(20, 1, 'Impresión Offset Litografica'),
	(21, 1, 'Impresión por Marcacion'),
	(22, 1, 'Impresión Textil'),
	(23, 1, 'Inflables'),
	(24, 1, 'Linea Promocionales'),
	(25, 1, 'MDO'),
	(26, 1, 'Mobiliario Personalizado'),
	(27, 1, 'Promocionales Textil'),
	(28, 1, 'Señalizacion Exterior'),
	(29, 1, 'Señalizacion Interior'),
	(30, 1, 'Sistemas de Exhibicion Portables'),
	(31, 1, 'Tira de Banderas Colgantes'),
	(32, 1, 'Tropezones'),
	(33, 1, 'Vallas de Contencion'),
	(34, 1, 'Vallas de Madera'),
	(35, 1, 'Vallas Metalicas Convencionales con Bastidor'),
	(36, 1, 'Vallas Metalicas Convencionales con Tableros en Lamina'),
	(37, 1, 'Vallas Metalicas Tubulares'),
	(38, 1, 'Trabajo Especial');

-- Volcando estructura para tabla software_innova.porcentajes_productos
CREATE TABLE IF NOT EXISTS `porcentajes_productos` (
  `id_producto` int(11) NOT NULL,
  `administracion` int(11) NOT NULL,
  `imprevistos` int(11) NOT NULL,
  `utilidad` int(11) NOT NULL,
  PRIMARY KEY (`id_producto`),
  CONSTRAINT `porcentajes_productos_ibfk_1` FOREIGN KEY (`id_producto`) REFERENCES `productos` (`producto_id`)
) ENGINE=InnoDB DEFAULT CHARSET=utf8mb4 COLLATE=utf8mb4_general_ci;

-- Volcando datos para la tabla software_innova.porcentajes_productos: ~224 rows (aproximadamente)
INSERT INTO `porcentajes_productos` (`id_producto`, `administracion`, `imprevistos`, `utilidad`) VALUES
	(1, 35, 3, 38),
	(2, 35, 3, 55),
	(3, 35, 3, 55),
	(4, 35, 3, 55),
	(5, 35, 3, 45),
	(6, 35, 3, 45),
	(7, 35, 3, 45),
	(8, 35, 3, 45),
	(9, 35, 3, 45),
	(10, 35, 3, 45),
	(11, 35, 3, 45),
	(12, 35, 3, 45),
	(13, 35, 3, 45),
	(14, 35, 3, 45),
	(15, 35, 3, 45),
	(16, 35, 3, 45),
	(17, 35, 3, 45),
	(18, 35, 3, 45),
	(19, 35, 3, 45),
	(20, 35, 3, 45),
	(21, 35, 3, 45),
	(22, 35, 3, 45),
	(23, 35, 3, 45),
	(24, 35, 3, 45),
	(25, 35, 3, 45),
	(26, 35, 3, 45),
	(27, 35, 3, 45),
	(28, 35, 3, 45),
	(29, 35, 3, 45),
	(30, 35, 3, 45),
	(31, 35, 3, 35),
	(32, 35, 3, 45),
	(33, 35, 3, 45),
	(34, 35, 3, 45),
	(35, 35, 3, 45),
	(36, 35, 3, 40),
	(37, 35, 3, 45),
	(38, 35, 3, 4),
	(39, 35, 3, 4),
	(40, 35, 3, 4),
	(41, 35, 3, 4),
	(42, 35, 3, 4),
	(43, 35, 3, 4),
	(44, 35, 3, 4),
	(45, 35, 3, 4),
	(46, 35, 3, 35),
	(47, 35, 3, 35),
	(48, 35, 3, 35),
	(49, 35, 3, 35),
	(50, 35, 3, 35),
	(51, 35, 3, 35),
	(52, 35, 3, 35),
	(53, 35, 3, 35),
	(54, 35, 3, 35),
	(55, 35, 3, 45),
	(56, 35, 3, 45),
	(57, 35, 3, 45),
	(58, 35, 3, 45),
	(59, 35, 3, 45),
	(60, 35, 3, 45),
	(61, 35, 3, 45),
	(62, 35, 3, 45),
	(63, 35, 3, 45),
	(64, 35, 3, 45),
	(65, 35, 3, 45),
	(66, 35, 3, 45),
	(67, 35, 3, 45),
	(68, 35, 3, 45),
	(69, 35, 3, 45),
	(70, 35, 3, 45),
	(71, 35, 3, 45),
	(72, 35, 3, 45),
	(73, 35, 3, 45),
	(74, 35, 3, 45),
	(75, 35, 3, 50),
	(76, 35, 3, 50),
	(77, 35, 3, 50),
	(78, 35, 3, 50),
	(79, 35, 3, 50),
	(80, 35, 3, 30),
	(81, 35, 3, 45),
	(82, 35, 3, 30),
	(83, 35, 3, 30),
	(84, 35, 3, 30),
	(85, 35, 3, 30),
	(86, 35, 3, 45),
	(87, 35, 3, 45),
	(88, 35, 3, 30),
	(89, 35, 3, 45),
	(90, 35, 3, 45),
	(91, 35, 3, 35),
	(92, 35, 3, 35),
	(93, 35, 3, 35),
	(94, 35, 3, 35),
	(95, 35, 3, 35),
	(96, 35, 3, 35),
	(97, 35, 3, 35),
	(98, 35, 3, 35),
	(99, 35, 3, 35),
	(100, 35, 3, 35),
	(101, 35, 3, 45),
	(102, 35, 3, 45),
	(103, 35, 3, 45),
	(104, 35, 3, 45),
	(105, 35, 3, 45),
	(106, 35, 3, 45),
	(107, 35, 3, 45),
	(108, 35, 3, 45),
	(109, 35, 3, 45),
	(110, 35, 3, 45),
	(111, 35, 3, 45),
	(112, 35, 3, 45),
	(113, 35, 3, 45),
	(114, 35, 3, 35),
	(115, 35, 3, 35),
	(116, 35, 3, 35),
	(117, 27, 3, 30),
	(118, 27, 3, 35),
	(119, 27, 3, 30),
	(120, 27, 3, 30),
	(121, 27, 3, 30),
	(122, 27, 3, 40),
	(123, 27, 3, 30),
	(124, 27, 3, 30),
	(125, 27, 3, 45),
	(126, 27, 3, 30),
	(127, 27, 3, 30),
	(128, 35, 3, 55),
	(129, 35, 3, 55),
	(130, 35, 3, 45),
	(131, 35, 3, 30),
	(132, 35, 3, 30),
	(133, 35, 3, 35),
	(134, 35, 3, 55),
	(135, 25, 3, 45),
	(136, 35, 3, 45),
	(137, 35, 3, 30),
	(138, 35, 3, 30),
	(139, 35, 3, 30),
	(140, 35, 3, 30),
	(141, 35, 3, 30),
	(142, 35, 3, 30),
	(143, 35, 3, 30),
	(144, 2, 3, 40),
	(145, 35, 3, 30),
	(146, 11, 3, 40),
	(147, 35, 3, 40),
	(148, 35, 3, 40),
	(149, 35, 3, 30),
	(150, 35, 3, 40),
	(151, 35, 3, 55),
	(152, 35, 3, 35),
	(153, 35, 3, 45),
	(154, 35, 3, 45),
	(155, 35, 3, 45),
	(156, 35, 3, 45),
	(157, 35, 3, 35),
	(158, 35, 3, 35),
	(159, 35, 3, 35),
	(160, 35, 3, 35),
	(161, 35, 3, 30),
	(162, 35, 3, 35),
	(163, 35, 3, 35),
	(164, 35, 3, 35),
	(165, 35, 3, 45),
	(166, 35, 3, 45),
	(167, 35, 3, 45),
	(168, 35, 3, 45),
	(169, 35, 3, 45),
	(170, 35, 3, 45),
	(171, 35, 3, 45),
	(172, 35, 3, 45),
	(173, 35, 3, 45),
	(174, 35, 3, 45),
	(175, 35, 3, 45),
	(176, 35, 3, 45),
	(177, 35, 3, 45),
	(178, 35, 3, 45),
	(179, 35, 3, 45),
	(180, 35, 3, 45),
	(181, 35, 3, 30),
	(182, 35, 3, 30),
	(183, 35, 3, 30),
	(184, 35, 3, 30),
	(185, 35, 3, 30),
	(186, 35, 3, 30),
	(187, 35, 3, 30),
	(188, 35, 3, 30),
	(189, 35, 3, 30),
	(190, 35, 3, 45),
	(191, 35, 3, 45),
	(192, 35, 3, 45),
	(193, 35, 3, 45),
	(194, 35, 3, 45),
	(195, 35, 3, 45),
	(196, 35, 3, 45),
	(197, 35, 3, 45),
	(198, 35, 3, 45),
	(199, 35, 3, 45),
	(200, 35, 3, 45),
	(201, 35, 3, 45),
	(202, 35, 3, 45),
	(203, 35, 3, 45),
	(204, 35, 3, 40),
	(205, 35, 3, 40),
	(206, 35, 3, 40),
	(207, 35, 3, 40),
	(208, 35, 3, 40),
	(209, 35, 3, 40),
	(210, 35, 3, 65),
	(211, 35, 3, 65),
	(212, 35, 3, 65),
	(213, 35, 3, 65),
	(214, 35, 3, 45),
	(215, 35, 3, 45),
	(216, 35, 3, 45),
	(217, 35, 3, 45),
	(218, 35, 3, 45),
	(219, 35, 3, 45),
	(220, 35, 3, 30),
	(221, 35, 3, 30),
	(222, 35, 3, 30),
	(223, 12, 3, 40),
	(224, 5, 3, 40);

-- Volcando estructura para tabla software_innova.precio_escalonado
CREATE TABLE IF NOT EXISTS `precio_escalonado` (
  `id` int(11) NOT NULL,
  `item_id` int(11) NOT NULL,
  `id_proveedor` int(11) NOT NULL,
  `min_cantidad` int(11) NOT NULL,
  `max_cantidad` int(11) NOT NULL,
  `precio_unitario` decimal(10,2) NOT NULL,
  PRIMARY KEY (`id`),
  KEY `FK_precio_escalonado_items` (`item_id`),
  KEY `FK_precio_escalonado_proveedores` (`id_proveedor`),
  CONSTRAINT `FK_precio_escalonado_items` FOREIGN KEY (`item_id`) REFERENCES `items` (`item_id`) ON DELETE NO ACTION ON UPDATE NO ACTION,
  CONSTRAINT `FK_precio_escalonado_proveedores` FOREIGN KEY (`id_proveedor`) REFERENCES `proveedores` (`ID_PROVEEDOR`) ON DELETE NO ACTION ON UPDATE NO ACTION
) ENGINE=InnoDB DEFAULT CHARSET=utf8mb4 COLLATE=utf8mb4_general_ci;

-- Volcando datos para la tabla software_innova.precio_escalonado: ~364 rows (aproximadamente)
INSERT INTO `precio_escalonado` (`id`, `item_id`, `id_proveedor`, `min_cantidad`, `max_cantidad`, `precio_unitario`) VALUES
	(1, 1821, 26, 1, 99, 81515.00),
	(2, 1821, 26, 100, 199, 815.00),
	(3, 1821, 26, 200, 299, 666.00),
	(4, 1821, 26, 300, 399, 535.00),
	(5, 1821, 26, 400, 499, 416.00),
	(6, 1821, 26, 500, 599, 380.00),
	(7, 1821, 26, 600, 999, 297.00),
	(8, 1821, 26, 1000, 4999, 279.00),
	(9, 1821, 26, 5000, 9999, 265.00),
	(10, 1821, 26, 10000, 0, 255.00),
	(11, 1822, 26, 1, 99, 113050.00),
	(12, 1822, 26, 100, 199, 1130.00),
	(13, 1822, 26, 200, 299, 904.00),
	(14, 1822, 26, 300, 399, 702.00),
	(15, 1822, 26, 400, 499, 535.00),
	(16, 1822, 26, 500, 599, 476.00),
	(17, 1822, 26, 600, 999, 410.00),
	(18, 1822, 26, 1000, 4999, 297.00),
	(19, 1822, 26, 5000, 9999, 285.00),
	(20, 1822, 26, 10000, 0, 273.00),
	(21, 1823, 26, 1, 99, 101150.00),
	(22, 1823, 26, 100, 199, 1011.00),
	(23, 1823, 26, 200, 299, 892.00),
	(24, 1823, 26, 300, 399, 773.00),
	(25, 1823, 26, 400, 499, 654.00),
	(26, 1823, 26, 500, 599, 595.00),
	(27, 1823, 26, 600, 999, 535.00),
	(28, 1823, 26, 1000, 4999, 511.00),
	(29, 1823, 26, 5000, 9999, 499.00),
	(30, 1823, 26, 10000, 0, 487.00),
	(31, 1441, 389, 1, 49, 4522.00),
	(32, 1441, 389, 50, 79, 4165.00),
	(33, 1441, 389, 80, 99, 3689.00),
	(34, 1441, 389, 100, 149, 3332.00),
	(35, 1441, 389, 150, 199, 2975.00),
	(36, 1441, 389, 200, 299, 2737.00),
	(37, 1441, 389, 300, 0, 2261.00),
	(38, 1442, 389, 1, 49, 4760.00),
	(39, 1442, 389, 50, 79, 4522.00),
	(40, 1442, 389, 80, 99, 4165.00),
	(41, 1442, 389, 100, 149, 3808.00),
	(42, 1442, 389, 150, 199, 3570.00),
	(43, 1442, 389, 200, 299, 3451.00),
	(44, 1442, 389, 300, 0, 2975.00),
	(45, 1443, 389, 1, 49, 5355.00),
	(46, 1443, 389, 50, 79, 4998.00),
	(47, 1443, 389, 80, 99, 4760.00),
	(48, 1443, 389, 100, 149, 4403.00),
	(49, 1443, 389, 150, 199, 4046.00),
	(50, 1443, 389, 200, 299, 3689.00),
	(51, 1443, 389, 300, 0, 3451.00),
	(52, 1444, 389, 1, 49, 6307.00),
	(53, 1444, 389, 50, 79, 5950.00),
	(54, 1444, 389, 80, 99, 5712.00),
	(55, 1444, 389, 100, 149, 5355.00),
	(56, 1444, 389, 150, 199, 4879.00),
	(57, 1444, 389, 200, 299, 4522.00),
	(58, 1444, 389, 300, 0, 4046.00),
	(59, 1445, 389, 1, 49, 6307.00),
	(60, 1445, 389, 50, 79, 5950.00),
	(61, 1445, 389, 80, 99, 5712.00),
	(62, 1445, 389, 100, 149, 5355.00),
	(63, 1445, 389, 150, 199, 4879.00),
	(64, 1445, 389, 200, 299, 4522.00),
	(65, 1445, 389, 300, 0, 4046.00),
	(66, 1446, 389, 1, 49, 8330.00),
	(67, 1446, 389, 50, 79, 7735.00),
	(68, 1446, 389, 80, 99, 7378.00),
	(69, 1446, 389, 100, 149, 7140.00),
	(70, 1446, 389, 150, 199, 6783.00),
	(71, 1446, 389, 200, 299, 6426.00),
	(72, 1446, 389, 300, 0, 5950.00),
	(73, 1447, 389, 1, 49, 6545.00),
	(74, 1447, 389, 50, 79, 6188.00),
	(75, 1447, 389, 80, 99, 5950.00),
	(76, 1447, 389, 100, 149, 5593.00),
	(77, 1447, 389, 150, 199, 5236.00),
	(78, 1447, 389, 200, 299, 4879.00),
	(79, 1447, 389, 300, 0, 4522.00),
	(80, 1448, 389, 1, 49, 5950.00),
	(81, 1448, 389, 50, 79, 5593.00),
	(82, 1448, 389, 80, 99, 5355.00),
	(83, 1448, 389, 100, 149, 4998.00),
	(84, 1448, 389, 150, 199, 4760.00),
	(85, 1448, 389, 200, 299, 4403.00),
	(86, 1448, 389, 300, 0, 4165.00),
	(87, 1449, 389, 1, 49, 5988.00),
	(88, 1449, 389, 50, 79, 5750.00),
	(89, 1449, 389, 80, 99, 5393.00),
	(90, 1449, 389, 100, 149, 5155.00),
	(91, 1449, 389, 150, 199, 4917.00),
	(92, 1449, 389, 200, 299, 4560.00),
	(93, 1449, 389, 300, 0, 4084.00),
	(94, 1450, 389, 1, 49, 6188.00),
	(95, 1450, 389, 50, 79, 5831.00),
	(96, 1450, 389, 80, 99, 5474.00),
	(97, 1450, 389, 100, 149, 5117.00),
	(98, 1450, 389, 150, 199, 4760.00),
	(99, 1450, 389, 200, 299, 4284.00),
	(100, 1450, 389, 300, 0, 3570.00),
	(101, 1451, 389, 1, 49, 6545.00),
	(102, 1451, 389, 50, 79, 6307.00),
	(103, 1451, 389, 80, 99, 5950.00),
	(104, 1451, 389, 100, 149, 5593.00),
	(105, 1451, 389, 150, 199, 5236.00),
	(106, 1451, 389, 200, 299, 4760.00),
	(107, 1451, 389, 300, 0, 4165.00),
	(108, 1452, 389, 1, 49, 7140.00),
	(109, 1452, 389, 50, 79, 6902.00),
	(110, 1452, 389, 80, 99, 6545.00),
	(111, 1452, 389, 100, 149, 5950.00),
	(112, 1452, 389, 150, 199, 5593.00),
	(113, 1452, 389, 200, 299, 5236.00),
	(114, 1452, 389, 300, 0, 4641.00),
	(115, 1453, 389, 1, 49, 8092.00),
	(116, 1453, 389, 50, 79, 7735.00),
	(117, 1453, 389, 80, 99, 7497.00),
	(118, 1453, 389, 100, 149, 7140.00),
	(119, 1453, 389, 150, 199, 6902.00),
	(120, 1453, 389, 200, 299, 6545.00),
	(121, 1453, 389, 300, 0, 5950.00),
	(122, 1454, 389, 1, 49, 11900.00),
	(123, 1454, 389, 50, 79, 11305.00),
	(124, 1454, 389, 80, 99, 10948.00),
	(125, 1454, 389, 100, 149, 10591.00),
	(126, 1454, 389, 150, 199, 10115.00),
	(127, 1454, 389, 200, 299, 9520.00),
	(128, 1454, 389, 300, 0, 8806.00),
	(129, 1455, 389, 1, 49, 8092.00),
	(130, 1455, 389, 50, 79, 7735.00),
	(131, 1455, 389, 80, 99, 7497.00),
	(132, 1455, 389, 100, 149, 7140.00),
	(133, 1455, 389, 150, 199, 6783.00),
	(134, 1455, 389, 200, 299, 6426.00),
	(135, 1455, 389, 300, 0, 5831.00),
	(136, 1456, 389, 1, 49, 7140.00),
	(137, 1456, 389, 50, 79, 6783.00),
	(138, 1456, 389, 80, 99, 6545.00),
	(139, 1456, 389, 100, 149, 6188.00),
	(140, 1456, 389, 150, 199, 5831.00),
	(141, 1456, 389, 200, 299, 5355.00),
	(142, 1456, 389, 300, 0, 4760.00),
	(143, 1457, 389, 1, 49, 7059.00),
	(144, 1457, 389, 50, 79, 6702.00),
	(145, 1457, 389, 80, 99, 6345.00),
	(146, 1457, 389, 100, 149, 6107.00),
	(147, 1457, 389, 150, 199, 5750.00),
	(148, 1457, 389, 200, 299, 5155.00),
	(149, 1457, 389, 300, 0, 4798.00),
	(150, 1635, 117, 1, 499, 190000.00),
	(151, 1635, 117, 500, 999, 380.00),
	(152, 1635, 117, 1000, 4999, 315.00),
	(153, 1635, 117, 5000, 0, 275.00),
	(154, 1636, 117, 1, 499, 140000.00),
	(155, 1636, 117, 500, 999, 280.00),
	(156, 1636, 117, 1000, 4999, 251.00),
	(157, 1636, 117, 5000, 0, 223.00),
	(158, 1637, 117, 1, 499, 200000.00),
	(159, 1637, 117, 500, 999, 400.00),
	(160, 1637, 117, 1000, 4999, 380.00),
	(161, 1637, 117, 5000, 0, 350.00),
	(162, 1638, 117, 1, 99, 130000.00),
	(163, 1638, 117, 100, 199, 1300.00),
	(164, 1638, 117, 200, 299, 1100.00),
	(165, 1638, 117, 300, 499, 1000.00),
	(166, 1638, 117, 500, 999, 900.00),
	(167, 1638, 117, 1000, 4999, 700.00),
	(168, 1638, 117, 5000, 0, 600.00),
	(169, 1639, 117, 1, 99, 200000.00),
	(170, 1639, 117, 100, 199, 2000.00),
	(171, 1639, 117, 200, 299, 1780.00),
	(172, 1639, 117, 300, 499, 1670.00),
	(173, 1639, 117, 500, 999, 1560.00),
	(174, 1639, 117, 1000, 4999, 1350.00),
	(175, 1639, 117, 5000, 0, 1190.00),
	(176, 1640, 117, 1, 99, 270000.00),
	(177, 1640, 117, 100, 199, 2700.00),
	(178, 1640, 117, 200, 299, 2460.00),
	(179, 1640, 117, 300, 499, 2340.00),
	(180, 1640, 117, 500, 999, 2220.00),
	(181, 1640, 117, 1000, 4999, 2000.00),
	(182, 1640, 117, 5000, 0, 1780.00),
	(183, 1641, 117, 1, 99, 340000.00),
	(184, 1641, 117, 100, 199, 3400.00),
	(185, 1641, 117, 200, 299, 3140.00),
	(186, 1641, 117, 300, 499, 3010.00),
	(187, 1641, 117, 500, 999, 2880.00),
	(188, 1641, 117, 1000, 4999, 2650.00),
	(189, 1641, 117, 5000, 0, 2370.00),
	(190, 1642, 117, 1, 99, 180000.00),
	(191, 1642, 117, 100, 199, 1800.00),
	(192, 1642, 117, 200, 299, 1500.00),
	(193, 1642, 117, 300, 499, 1400.00),
	(194, 1642, 117, 500, 999, 1300.00),
	(195, 1642, 117, 1000, 4999, 1200.00),
	(196, 1642, 117, 5000, 0, 1000.00),
	(197, 1643, 117, 1, 99, 270000.00),
	(198, 1643, 117, 100, 199, 2700.00),
	(199, 1643, 117, 200, 299, 2230.00),
	(200, 1643, 117, 300, 499, 2100.00),
	(201, 1643, 117, 500, 999, 1950.00),
	(202, 1643, 117, 1000, 4999, 1800.00),
	(203, 1643, 117, 5000, 0, 1500.00),
	(204, 1644, 117, 1, 99, 360000.00),
	(205, 1644, 117, 100, 199, 3600.00),
	(206, 1644, 117, 200, 299, 2960.00),
	(207, 1644, 117, 300, 499, 2800.00),
	(208, 1644, 117, 500, 999, 2600.00),
	(209, 1644, 117, 1000, 4999, 2400.00),
	(210, 1644, 117, 5000, 0, 2000.00),
	(211, 1645, 117, 1, 99, 450000.00),
	(212, 1645, 117, 100, 199, 4500.00),
	(213, 1645, 117, 200, 299, 3690.00),
	(214, 1645, 117, 300, 499, 3500.00),
	(215, 1645, 117, 500, 999, 3250.00),
	(216, 1645, 117, 1000, 4999, 3000.00),
	(217, 1645, 117, 5000, 0, 2500.00),
	(218, 1646, 117, 1, 99, 390000.00),
	(219, 1646, 117, 100, 199, 3900.00),
	(220, 1646, 117, 200, 299, 3100.00),
	(221, 1646, 117, 300, 499, 2900.00),
	(222, 1646, 117, 500, 999, 2600.00),
	(223, 1646, 117, 1000, 4999, 2100.00),
	(224, 1646, 117, 5000, 0, 1700.00),
	(225, 1647, 117, 1, 99, 533000.00),
	(226, 1647, 117, 100, 199, 5330.00),
	(227, 1647, 117, 200, 299, 4430.00),
	(228, 1647, 117, 300, 499, 4190.00),
	(229, 1647, 117, 500, 999, 3850.00),
	(230, 1647, 117, 1000, 4999, 3250.00),
	(231, 1647, 117, 5000, 0, 2690.00),
	(232, 1648, 117, 1, 99, 676000.00),
	(233, 1648, 117, 100, 199, 6760.00),
	(234, 1648, 117, 200, 299, 5760.00),
	(235, 1648, 117, 300, 499, 5480.00),
	(236, 1648, 117, 500, 999, 5100.00),
	(237, 1648, 117, 1000, 4999, 4400.00),
	(238, 1648, 117, 5000, 0, 3680.00),
	(239, 1649, 117, 1, 99, 819000.00),
	(240, 1649, 117, 100, 199, 8190.00),
	(241, 1649, 117, 200, 299, 7090.00),
	(242, 1649, 117, 300, 499, 6770.00),
	(243, 1649, 117, 500, 999, 6350.00),
	(244, 1649, 117, 1000, 4999, 5550.00),
	(245, 1649, 117, 5000, 0, 4670.00),
	(246, 1650, 117, 1, 999, 69000.00),
	(247, 1650, 117, 1000, 4999, 69.00),
	(248, 1650, 117, 5000, 9999, 62.00),
	(249, 1650, 117, 10000, 19999, 56.00),
	(250, 1650, 117, 20000, 0, 50.00),
	(251, 1651, 117, 1, 999, 117000.00),
	(252, 1651, 117, 1000, 4999, 117.00),
	(253, 1651, 117, 5000, 9999, 108.00),
	(254, 1651, 117, 10000, 19999, 97.00),
	(255, 1651, 117, 20000, 0, 90.00),
	(256, 1652, 117, 1, 999, 150000.00),
	(257, 1652, 117, 1000, 4999, 150.00),
	(258, 1652, 117, 5000, 9999, 128.00),
	(259, 1652, 117, 10000, 19999, 120.00),
	(260, 1652, 117, 20000, 0, 107.00),
	(261, 1653, 117, 1, 999, 190000.00),
	(262, 1653, 117, 1000, 4999, 190.00),
	(263, 1653, 117, 5000, 9999, 173.00),
	(264, 1653, 117, 10000, 19999, 160.00),
	(265, 1653, 117, 20000, 0, 138.00),
	(266, 1654, 117, 1, 999, 91000.00),
	(267, 1654, 117, 1000, 4999, 91.00),
	(268, 1654, 117, 5000, 9999, 84.00),
	(269, 1654, 117, 10000, 19999, 77.00),
	(270, 1654, 117, 20000, 0, 73.00),
	(271, 1655, 117, 1, 999, 137000.00),
	(272, 1655, 117, 1000, 4999, 137.00),
	(273, 1655, 117, 5000, 9999, 128.00),
	(274, 1655, 117, 10000, 19999, 116.00),
	(275, 1655, 117, 20000, 0, 107.00),
	(276, 1656, 117, 1, 999, 183000.00),
	(277, 1656, 117, 1000, 4999, 183.00),
	(278, 1656, 117, 5000, 9999, 172.00),
	(279, 1656, 117, 10000, 19999, 155.00),
	(280, 1656, 117, 20000, 0, 141.00),
	(281, 1657, 117, 1, 999, 229000.00),
	(282, 1657, 117, 1000, 4999, 229.00),
	(283, 1657, 117, 5000, 9999, 216.00),
	(284, 1657, 117, 10000, 19999, 194.00),
	(285, 1657, 117, 20000, 0, 175.00),
	(286, 1658, 117, 1, 999, 106000.00),
	(287, 1658, 117, 1000, 4999, 106.00),
	(288, 1658, 117, 5000, 9999, 95.00),
	(289, 1658, 117, 10000, 19999, 92.00),
	(290, 1658, 117, 20000, 0, 89.00),
	(291, 1659, 117, 1, 999, 194000.00),
	(292, 1659, 117, 1000, 4999, 194.00),
	(293, 1659, 117, 5000, 9999, 167.00),
	(294, 1659, 117, 10000, 19999, 164.00),
	(295, 1659, 117, 20000, 0, 162.00),
	(296, 1662, 117, 1, 999, 106000.00),
	(297, 1662, 117, 1000, 4999, 106.00),
	(298, 1662, 117, 5000, 9999, 95.00),
	(299, 1662, 117, 10000, 19999, 92.00),
	(300, 1662, 117, 20000, 0, 89.00),
	(301, 1663, 117, 1, 999, 194000.00),
	(302, 1663, 117, 1000, 4999, 194.00),
	(303, 1663, 117, 5000, 9999, 180.00),
	(304, 1663, 117, 10000, 19999, 170.00),
	(305, 1663, 117, 20000, 0, 160.00),
	(306, 1666, 61, 1, 9, 2380.00),
	(307, 1666, 61, 10, 49, 1428.00),
	(308, 1666, 61, 50, 99, 1071.00),
	(309, 1666, 61, 100, 999, 714.00),
	(310, 1666, 61, 1000, 0, 535.00),
	(311, 1667, 61, 1, 9, 2975.00),
	(312, 1667, 61, 10, 49, 2618.00),
	(313, 1667, 61, 50, 99, 2380.00),
	(314, 1667, 61, 100, 999, 2142.00),
	(315, 1667, 61, 1000, 0, 1904.00),
	(316, 1696, 343, 1, 99, 15000.00),
	(317, 1696, 343, 100, 199, 150.00),
	(318, 1696, 343, 200, 499, 120.00),
	(319, 1696, 343, 500, 999, 100.00),
	(320, 1696, 343, 1000, 4999, 80.00),
	(321, 1696, 343, 5000, 9999, 70.00),
	(322, 1696, 343, 10000, 0, 60.00),
	(323, 1697, 343, 1, 99, 25000.00),
	(324, 1697, 343, 100, 199, 240.00),
	(325, 1697, 343, 200, 499, 200.00),
	(326, 1697, 343, 500, 999, 160.00),
	(327, 1697, 343, 1000, 4999, 140.00),
	(328, 1697, 343, 5000, 9999, 120.00),
	(329, 1697, 343, 10000, 0, 100.00),
	(330, 1698, 343, 1, 99, 120000.00),
	(331, 1698, 343, 100, 199, 1800.00),
	(332, 1698, 343, 200, 499, 1500.00),
	(333, 1698, 343, 500, 999, 1200.00),
	(334, 1698, 343, 1000, 4999, 1100.00),
	(335, 1698, 343, 5000, 9999, 1000.00),
	(336, 1698, 343, 10000, 0, 900.00),
	(337, 1699, 343, 1, 99, 100000.00),
	(338, 1699, 343, 100, 199, 1200.00),
	(339, 1699, 343, 200, 499, 1000.00),
	(340, 1699, 343, 500, 999, 800.00),
	(341, 1699, 343, 1000, 4999, 750.00),
	(342, 1699, 343, 5000, 9999, 700.00),
	(343, 1699, 343, 10000, 0, 650.00),
	(344, 1700, 343, 1, 99, 18000.00),
	(345, 1700, 343, 100, 199, 180.00),
	(346, 1700, 343, 200, 499, 120.00),
	(347, 1700, 343, 500, 999, 60.00),
	(348, 1700, 343, 1000, 4999, 40.00),
	(349, 1700, 343, 5000, 9999, 35.00),
	(350, 1700, 343, 10000, 0, 30.00),
	(351, 1701, 343, 1, 99, 160000.00),
	(352, 1701, 343, 100, 199, 1600.00),
	(353, 1701, 343, 200, 499, 1400.00),
	(354, 1701, 343, 500, 999, 1200.00),
	(355, 1701, 343, 1000, 4999, 1000.00),
	(356, 1701, 343, 5000, 9999, 900.00),
	(357, 1701, 343, 10000, 0, 800.00),
	(358, 1702, 343, 1, 99, 120000.00),
	(359, 1702, 343, 100, 199, 1200.00),
	(360, 1702, 343, 200, 499, 1000.00),
	(361, 1702, 343, 500, 999, 800.00),
	(362, 1702, 343, 1000, 4999, 760.00),
	(363, 1702, 343, 5000, 9999, 720.00),
	(364, 1702, 343, 10000, 0, 700.00);

-- Volcando estructura para tabla software_innova.productos
CREATE TABLE IF NOT EXISTS `productos` (
  `producto_id` int(11) NOT NULL AUTO_INCREMENT,
  `linea_idFK` int(11) NOT NULL,
  `nombre` varchar(200) NOT NULL,
  PRIMARY KEY (`producto_id`),
  KEY `linea_idFK` (`linea_idFK`),
  CONSTRAINT `productos_ibfk_1` FOREIGN KEY (`linea_idFK`) REFERENCES `lineas` (`linea_id`)
) ENGINE=InnoDB AUTO_INCREMENT=225 DEFAULT CHARSET=utf8mb4 COLLATE=utf8mb4_general_ci;

-- Volcando datos para la tabla software_innova.productos: ~224 rows (aproximadamente)
INSERT INTO `productos` (`producto_id`, `linea_idFK`, `nombre`) VALUES
	(1, 1, 'Alquiler de Bicivalla'),
	(2, 1, 'Alquiler de Valla Publicitaria'),
	(3, 1, 'Alquiler Pasacalles'),
	(4, 1, 'Publi Postes'),
	(5, 2, 'Bastidor en Tubo Cuadrado de 0.75 Pulg'),
	(6, 2, 'Bastidor en Tubo Cuadrado de 1 Pulg'),
	(7, 2, 'Bastidor en Tubo Cuadrado de 2x1 Pulg'),
	(8, 2, 'Bastidor en Tubo Cuadrado de 8x4 cm'),
	(9, 3, 'Caja de Luz Estructura en Aluminio con Acrilico'),
	(10, 3, 'Caja de Luz Estructura en Aluminio con Lona Panaflex'),
	(11, 3, 'Caja  de Luz Estructura en Hierro con Acrilico'),
	(12, 3, 'Caja de Luz Estructura en Hierro con Lona Panaflex'),
	(13, 4, 'Avisos en Neonflex'),
	(14, 4, 'Avisos Plano con Corte Laser'),
	(15, 4, 'Letras Volumetrico en Acero Inox'),
	(16, 4, 'Letras Volumetrico en Acrilico'),
	(17, 4, 'Letras Volumetrico en Acrilico Base en Alucobond'),
	(18, 4, 'Letras Volumetrico en Acrilico Base en Lamina'),
	(19, 4, 'Letras Volumetrico en Cold Roll'),
	(20, 4, 'Letras Volumetrico en Galvanizado'),
	(21, 5, 'Cartelera con Corcho'),
	(22, 5, 'Cartelera en Acrilico'),
	(23, 5, 'Cartelera en Lamina para Imantado'),
	(24, 5, 'Cartelera en Poliestileno'),
	(25, 5, 'Cartelera en Vidrio'),
	(26, 5, 'Cartelera Marco Clip Aluminio'),
	(27, 5, 'Cartelera Perfil Marco Aluminio'),
	(28, 5, 'Cartelera Tipo Vitrina Aluminio'),
	(29, 5, 'Retablo en MDF'),
	(30, 6, 'Banderas de Auditorio'),
	(31, 6, 'Banderas de Escritorio'),
	(32, 7, 'Bandera Constructora de 12m'),
	(33, 7, 'Bandera Constructora de 18m'),
	(34, 7, 'Bandera Constructora de 24m'),
	(35, 7, 'Bandera Constructora de 6m'),
	(36, 8, 'Tela Confeccionada Sublimada'),
	(37, 8, 'Tela Confeccionada Unicolor'),
	(38, 8, 'Tela Confeccionada Unicolor 10x6m'),
	(39, 8, 'Tela Confeccionada Unicolor 14x6m'),
	(40, 8, 'Tela Confeccionada Unicolor 2x3m'),
	(41, 8, 'Tela Confeccionada Unicolor 5x1.5m'),
	(42, 8, 'Tela Confeccionada Unicolor 5x3m'),
	(43, 8, 'Tela Confeccionada Unicolor 7x1.5m'),
	(44, 8, 'Tela Confeccionada Unicolor 8x1.5m'),
	(45, 8, 'Tela Confeccionada Unicolor 9x1.5m'),
	(46, 9, 'Botones Promocionales'),
	(47, 9, 'Botones Promocionales 10cm'),
	(48, 9, 'Botones Promocionales 4cm'),
	(49, 9, 'Botones Promocionales 5.6cm'),
	(50, 9, 'Botones Promocionales 5cm'),
	(51, 9, 'Botones Promocionales 6.5cm'),
	(52, 9, 'Botones Promocionales 7.5cm'),
	(53, 9, 'Botones Promocionales 9cm'),
	(54, 9, 'Pines'),
	(55, 10, 'Cerramiento con Bastidores y Banner'),
	(56, 10, 'Cerramiento con Bastidores y Rejilla'),
	(57, 10, 'Cerramiento con Bastidores y Tablero en Lamina'),
	(58, 10, 'Cerramiento con Tablero en Lamina'),
	(59, 11, 'Cerramiento en Modulos Tuberia Cuadrada'),
	(60, 11, 'Cerramiento en Parales Tuberia Redonda'),
	(61, 12, 'Cerramiento en Alambre'),
	(62, 12, 'Cerramiento en Malla'),
	(63, 12, 'Cerramiento en Polisombre'),
	(64, 13, 'Laminas de Acrilico con Corte Laser'),
	(65, 13, 'Laminas de Madera con Corte Laser'),
	(66, 13, 'Laminas de Poliestileno con Corte Laser'),
	(67, 13, 'Servicio de Corte Laser'),
	(68, 13, 'Servicio de Grabado Laser'),
	(69, 14, 'Cortina Enrollable'),
	(70, 14, 'Decoracion con Pintura y Acabados'),
	(71, 14, 'Decoracion de Stand Personalizado'),
	(72, 14, 'Division en Vidrio'),
	(73, 14, 'Mobiliario Venta y Alquiler'),
	(74, 14, 'Pelicula Para Vidrio'),
	(75, 15, 'Decoracion Vehicular con Bastidor'),
	(76, 15, 'Decoracion Vehicular con Pintura'),
	(77, 15, 'Decoracion Vehicular en Vinilo Antiburbujas'),
	(78, 15, 'Decoracion Vehicular en Vinilo Conformable'),
	(79, 15, 'Decoracion Vehicular en Vinilo Semiconformable'),
	(80, 16, 'Carpas Desarmable'),
	(81, 16, 'Carpas Plegable'),
	(82, 16, 'Carpas y Estructura 2.5x2.5'),
	(83, 16, 'Carpas y Estructura 2x2'),
	(84, 16, 'Carpas y Estructura 3x3'),
	(85, 16, 'Carpas y Estructura 4x4'),
	(86, 16, 'Estructura Arco Publicitario'),
	(87, 16, 'Parasol'),
	(88, 16, 'Parasol Brazo Lateral'),
	(89, 16, 'Toldo'),
	(90, 16, 'Totem Publicitario Urbano'),
	(91, 17, 'Carnets PVC'),
	(92, 17, 'Carnets Tesline'),
	(93, 17, 'Carnets y Portacarnets'),
	(94, 17, 'Cintas Porta Carnets'),
	(95, 17, 'Cintas Porta Carnets Personalizadas'),
	(96, 17, 'Escarapelas'),
	(97, 17, 'Manillas de Silicona'),
	(98, 17, 'Manillas de Tela'),
	(99, 17, 'Manillas VIP Papel'),
	(100, 17, 'Sellos'),
	(101, 18, 'Impresión Digital Sobre Sustratos Instalados'),
	(102, 18, 'Impresión en Vinilo con Semicorte o Corte Total'),
	(103, 18, 'Lamina de Acrilico con Impresión'),
	(104, 18, 'Lamina de Carton con Impresión'),
	(105, 18, 'Lamina de Madera con Impresión'),
	(106, 18, 'Lamina de Poliestileno con Impresión'),
	(107, 18, 'Laminas y Rigidos con Impresión'),
	(108, 18, 'Pancarta'),
	(109, 18, 'Pendones con Ojales'),
	(110, 18, 'Pendones con Tubos'),
	(111, 18, 'Pendones para Culata'),
	(112, 18, 'Pendones y Pancartas'),
	(113, 18, 'Servicio de Laminado y Colaminado'),
	(114, 19, 'Impresión Digital Sobre Adhesivo'),
	(115, 19, 'Impresión Digital Sobre Lonas'),
	(116, 19, 'Impresión Digital Sobre Pelicula'),
	(117, 20, 'Afiches'),
	(118, 20, 'Bolsas y Cajas en Offset'),
	(119, 20, 'Carpetas de Presentacion'),
	(120, 20, 'Cuadernos y Agendas'),
	(121, 20, 'Facturas y Membretes'),
	(122, 20, 'Impresión Laser Indigo'),
	(123, 20, 'Papeleria con Terminados'),
	(124, 20, 'Papeleria con Troquelado'),
	(125, 20, 'Plegables'),
	(126, 20, 'Stickers'),
	(127, 20, 'Talonarios y Boletas'),
	(128, 20, 'Targetas de Presentacion'),
	(129, 20, 'Volantes'),
	(130, 21, 'Adhesivos con Corte en Plotter'),
	(131, 21, 'Impresión Grabado Laser'),
	(132, 21, 'Impresión Screen'),
	(133, 21, 'Impresión Sticker UV'),
	(134, 21, 'Impresión Tampografia'),
	(135, 22, 'Impesion en DTF'),
	(136, 22, 'Impesion Tela Por Sublimacion'),
	(137, 23, 'Carpa Inflables 2.5x2.5m'),
	(138, 23, 'Carpa Inflables 3x3m'),
	(139, 23, 'Carpa Inflables 4x4m'),
	(140, 23, 'Inflables Personalizados'),
	(141, 23, 'Inflables Tipo Caminante'),
	(142, 23, 'Inflables Tipo Colchon'),
	(143, 23, 'Sky Dancer'),
	(144, 24, 'Articulos Promocionales'),
	(145, 24, 'Promocionales Globos'),
	(146, 24, 'Promocionales Innova'),
	(147, 24, 'Promocionales Marcados'),
	(148, 24, 'Promocionales Mugs'),
	(149, 24, 'Promocionales Sellos'),
	(150, 24, 'Promocionales USB'),
	(151, 25, 'Mano de Obra de Instalacion'),
	(152, 25, 'Transporte de Material'),
	(153, 26, 'Estructura en Acrilico'),
	(154, 26, 'Estructura en MDF y Madera'),
	(155, 26, 'Estructura en Perfileria Listones y Laminas'),
	(156, 26, 'Estructura Metalica'),
	(157, 27, 'Bayetillas'),
	(158, 27, 'Busos Algodon'),
	(159, 27, 'Busos Polo'),
	(160, 27, 'Camisetas Polo'),
	(161, 27, 'Camisetas T Shirt'),
	(162, 27, 'Gorras'),
	(163, 27, 'Mangas'),
	(164, 27, 'Uniformes'),
	(165, 28, 'Señalizacion Delimitador Vial'),
	(166, 28, 'Señalizacion Horizontal Pintura Trafico'),
	(167, 28, 'Señalizacion Vertical Reglamentaria'),
	(168, 28, 'Señalizacion Vertical Reglamentaria de 120cm'),
	(169, 28, 'Señalizacion Vertical Reglamentaria de 60cm'),
	(170, 28, 'Señalizacion Vertical Reglamentaria de 75cm'),
	(171, 28, 'Señalizacion Vertical Reglamentaria de 90cm'),
	(172, 28, 'Señalizacion Vertical Temporal'),
	(173, 29, 'Señalizacion Colgante'),
	(174, 29, 'Señalizacion Demarcacion de Area'),
	(175, 29, 'Señalizacion en Acrilico 2mm'),
	(176, 29, 'Señalizacion en Acrilico 3mm'),
	(177, 29, 'Señalizacion en Acrilico 4mm'),
	(178, 29, 'Señalizacion en Poliestileno'),
	(179, 29, 'Señalizacion en Poliestileno Cal.60'),
	(180, 29, 'Señalizacion en Poliestileno Cal.80'),
	(181, 30, 'Backings'),
	(182, 30, 'Banderas Flag'),
	(183, 30, 'Estructura Hombre Valla'),
	(184, 30, 'Mesa Counter'),
	(185, 30, 'Portapendones Tipo Araña'),
	(186, 30, 'Portapendones Tipo Roll Up'),
	(187, 30, 'Portapendones Tipo Tripode'),
	(188, 30, 'Revisteros'),
	(189, 30, 'Stand Portables Skyline'),
	(190, 31, 'Banderines Colgantes en Banner'),
	(191, 31, 'Banderines Colgantes en Papel Impreso'),
	(192, 31, 'Banderines Colgantes en Tela con Screen'),
	(193, 31, 'Banderines Colgantes en Tela Sublimada'),
	(194, 31, 'Banderines Colgantes en Tela Unicolor'),
	(195, 32, 'Tropezones de Aluminio'),
	(196, 32, 'Tropezones de Carton'),
	(197, 32, 'Tropezones en MDF y Madera'),
	(198, 32, 'Tropezones Tipo Bastidor con Banner'),
	(199, 32, 'Tropezones Tipo Bastidor con Lamina'),
	(200, 32, 'Tropezones Tipo Bastidor con MDF'),
	(201, 32, 'Tropezones Tipo Tijera con Banner'),
	(202, 32, 'Tropezones Tipo Tijera con Lamina'),
	(203, 32, 'Tropezones Tipo Tijera con MDF'),
	(204, 33, 'Vallas de Contencion Basica con Tablero'),
	(205, 33, 'Vallas de Contencion Basica de la Policia Nacional'),
	(206, 33, 'Vallas de Contencion con Marco Interno y Tablero'),
	(207, 33, 'Vallas de Contencion de Rejilla'),
	(208, 33, 'Vallas de Contencion Galvanizada de Rejilla '),
	(209, 33, 'Vallas de Contencion Reglamentaria de la Policia Nacional'),
	(210, 34, 'Vallas en Madera Tipo 1'),
	(211, 34, 'Vallas en Madera Tipo 2'),
	(212, 34, 'Vallas en Madera Tipo 3'),
	(213, 34, 'Vallas para Parques Nacionales'),
	(214, 35, 'Vallas Metalicas con Cerchas y Bastidor'),
	(215, 35, 'Vallas Metalicas con Parales y Bastidor'),
	(216, 36, 'Vallas Metalicas con Cerchas y Tableros'),
	(217, 36, 'Vallas Metalicas con Parales y Tableros'),
	(218, 36, 'Vallas Metalicas con Torres y Tableros'),
	(219, 36, 'Vallas Metalicas Convencional Cerchas y Tableros'),
	(220, 37, 'Valla Tubular con Estructura Personalizada'),
	(221, 37, 'Valla Tubular Dos 2 Cara'),
	(222, 37, 'Valla Tubular Una 1 Cara'),
	(223, 38, 'Licitacion'),
	(224, 38, 'Producto y Servicio a Comercializar');

-- Volcando estructura para tabla software_innova.producto_cotizado
CREATE TABLE IF NOT EXISTS `producto_cotizado` (
  `id` int(11) NOT NULL AUTO_INCREMENT,
  `descripcion` varchar(255) NOT NULL,
  `producto_id` int(11) NOT NULL,
  `linea_id` int(11) DEFAULT NULL,
  `alto` float DEFAULT NULL,
  `ancho` float DEFAULT NULL,
  `fondo` float DEFAULT NULL,
  `cotizacion_id` int(11) NOT NULL,
  `cantidades` varchar(255) DEFAULT NULL,
  `producto_seleccionado_id` int(11) DEFAULT NULL,
  PRIMARY KEY (`id`),
  KEY `producto_id` (`producto_id`),
  KEY `cotizacion_id` (`cotizacion_id`),
  KEY `FK_producto_cotizado_lineas` (`linea_id`),
  KEY `producto_cotizado_ibfk_2` (`producto_seleccionado_id`),
  CONSTRAINT `FK_producto_cotizado_lineas` FOREIGN KEY (`linea_id`) REFERENCES `lineas` (`linea_id`) ON DELETE NO ACTION ON UPDATE NO ACTION,
  CONSTRAINT `producto_cotizado_ibfk_2` FOREIGN KEY (`producto_seleccionado_id`) REFERENCES `productos` (`producto_id`),
  CONSTRAINT `producto_cotizado_ibfk_3` FOREIGN KEY (`cotizacion_id`) REFERENCES `cotizacion` (`id_cotizacion`)
) ENGINE=InnoDB AUTO_INCREMENT=122 DEFAULT CHARSET=utf8mb4 COLLATE=utf8mb4_general_ci;

-- Volcando datos para la tabla software_innova.producto_cotizado: ~91 rows (aproximadamente)
INSERT INTO `producto_cotizado` (`id`, `descripcion`, `producto_id`, `linea_id`, `alto`, `ancho`, `fondo`, `cotizacion_id`, `cantidades`, `producto_seleccionado_id`) VALUES
	(5, 'Descripción: prueba 1', 1, NULL, 700, 70, 7, 8, '', NULL),
	(6, 'Descripción: Prueba prefinal', 1, NULL, 200, 190, 54, 9, '', NULL),
	(7, 'Descripción: probando totales', 1, NULL, 54658, 56565, 2125, 10, '', NULL),
	(8, 'Descripción: probando totales', 1, NULL, 54658, 56565, 2125, 11, '', NULL),
	(9, 'Descripción: probando totales', 1, NULL, 20, 5054, 21, 12, '', NULL),
	(10, 'Descripción: probando totales', 1, NULL, 20, 5054, 21, 13, '', NULL),
	(11, 'Descripción: probando totales', 1, NULL, 20, 205, 54, 14, '', NULL),
	(12, 'Descripción: prueba guardado', 1, NULL, 5000, 50, 20, 15, '', NULL),
	(13, 'Descripción: aaa', 1, NULL, 200, 50, 10, 16, '', NULL),
	(14, 'Descripción: aaaa', 1, NULL, 7000, 700, 70, 17, '', NULL),
	(15, 'Descripción: valla 2008', 1, NULL, 200, 10, 10, 18, '', NULL),
	(16, 'Descripción: prueba con cotizacion normal', 1, NULL, NULL, NULL, NULL, 19, '', NULL),
	(17, 'Descripción: prueba final', 1, NULL, 700, 70, 7, 20, '', NULL),
	(18, 'Descripción: Eds Quito - Bastidor para publicidad Características: Bastidor en aluminio, fondo en banner tensado e impreso, con ángulo remachado que sirva de riel arriba, abajo y a un costado para sostener e intercambiar una cenefa en poliestireno cal 20.', 1, NULL, NULL, NULL, NULL, 21, '', NULL),
	(19, 'Descripción: AVISO INTERNO TIPO CAJA DE LUZ', 2, NULL, NULL, NULL, NULL, 21, '', NULL),
	(20, 'Descripción: probando medidas 455 x 200', 1, NULL, NULL, NULL, NULL, 22, '', NULL),
	(21, 'Descripción: Bicivalla Janus negra core i 5 9 gen', 1, NULL, 700, 70, 7, 23, '', NULL),
	(22, 'Descripción: bastidor xkm color gris con microfono', 1, NULL, 800, 80, 8, 24, '', NULL),
	(23, 'Descripción: aviso acrilico para innova', 2, NULL, 700, 70, 7, 24, '', NULL),
	(24, 'Descripción: valla para ntoktik', 1, NULL, 700, 85, 39, 25, '', NULL),
	(25, 'Descripción: prueba de cantidad', 1, NULL, 200, 20, 10, 26, '', NULL),
	(26, 'Descripción: bandera para rolex', 2, NULL, NULL, NULL, NULL, 26, '', NULL),
	(27, 'Descripción: prueba cantidades', 1, NULL, 200, 10, 50, 27, '', NULL),
	(28, 'Descripción: para genius', 1, NULL, NULL, NULL, NULL, 28, '', NULL),
	(34, 'Descripción: aaa', 1, NULL, 800, 45, 21, 44, '5,7', NULL),
	(35, 'Descripción: aaaaaqqq', 1, NULL, 700, 54, 12, 46, '5,10', NULL),
	(36, 'ID Producto: 49', 1, NULL, NULL, NULL, NULL, 51, '10,7', NULL),
	(37, 'Descripción: vlla mandarina', 1, NULL, 1000, 85, 12, 52, '3,4', NULL),
	(38, 'Descripción: aaa', 1, NULL, 153, 35, 4, 53, '10', NULL),
	(39, 'prueba de id producto', 15, NULL, 700, 70, 7, 54, '7,10', NULL),
	(40, 'aviso para innova', 16, NULL, 700, 70, 40, 55, '3,5', NULL),
	(41, 'bandera escritorio', 31, NULL, NULL, NULL, NULL, 55, '2', NULL),
	(42, 'probando resumen de costos', 7, NULL, 700, 85, 12, 56, '6', NULL),
	(43, 'aaa', 6, NULL, 800, 805, 21, 57, '4', NULL),
	(44, 'aelsea', 46, NULL, 12, 1, 50, 58, '9', NULL),
	(45, 'Descripción: con la version de ayer', 1, NULL, 400, 522, 5851, 61, NULL, NULL),
	(46, 'probando que falta', 11, NULL, 2000, 522, 12, 62, '4,10', NULL),
	(47, 'probando que falta', 11, NULL, 2000, 522, 12, 63, '4,10', NULL),
	(48, 'identificando el resumen', 16, NULL, 200, 521, 51, 64, '5,11', NULL),
	(49, 'probando resumen costo', 15, NULL, 700, 70, 70, 65, '12,5', NULL),
	(50, 'Descripción: probando afakj', 1, NULL, 700, 85, 12, 66, NULL, NULL),
	(51, 'Descripción: asfjk', 1, NULL, 700, 51, 24, 67, NULL, NULL),
	(52, 'Descripción: aaaaaa', 1, NULL, 700, 70, 7, 68, NULL, NULL),
	(53, 'Descripción: asf', 1, NULL, 700, 70, 852, 69, NULL, NULL),
	(54, 'Descripción: prueaba real', 6, NULL, 700, 45, 8, 70, NULL, NULL),
	(55, 'Descripción: prueba ambos', 12, NULL, 700, 85, 21, 71, NULL, NULL),
	(56, 'Descripción: prueba esta si', 11, NULL, 700, 70, 85, 72, NULL, NULL),
	(57, 'Descripción: esta', 12, NULL, 754, 825, 15, 73, NULL, NULL),
	(60, 'Descripción: prueba final', 1, NULL, 700, 855, 621, 76, NULL, NULL),
	(61, 'Descripción: el otro', 2, NULL, 200, 150, 20, 76, NULL, NULL),
	(62, 'Descripción: prueba final', 1, NULL, 755, 12, 54, 77, NULL, NULL),
	(63, 'Descripción: iva', 1, NULL, 700, 512, 12, 78, NULL, NULL),
	(64, 'Descripción: con iva', 1, NULL, 7545, 2454, 5454, 79, NULL, NULL),
	(65, 'Descripción: el segundo iva', 2, NULL, 75, 24, 5, 79, NULL, NULL),
	(66, 'Descripción: sin iva', 1, NULL, 400, 21, 55, 80, NULL, NULL),
	(67, 'Descripción: con nuevo id', 1, NULL, 200, 51, 2, 82, NULL, NULL),
	(68, 'Descripción: con el new id', 1, NULL, 855, 215, 242, 83, NULL, 24),
	(69, 'Descripción: CON ID NEW 2', 1, NULL, 700, 54, 21, 85, NULL, 26),
	(70, 'Descripción: prueba final sdq', 1, NULL, 700, 85, 21, 86, NULL, 11),
	(71, 'Descripción: dsq', 2, NULL, 600, 21, 5, 86, NULL, 71),
	(72, 'Descripción: Porton para finca 3x4', 1, NULL, 300, 400, 10, 87, NULL, 224),
	(73, 'Descripción: aaa', 1, NULL, 15145300, 5421, 214, 88, NULL, 11),
	(74, 'Descripción: pa cantidades', 1, NULL, 700, 545, 121, 90, '3,5', 57),
	(75, 'Descripción: el do', 2, NULL, 500, 21, 255, 90, '7,5', 66),
	(76, 'Descripción: uno', 1, NULL, 100, 52, 12, 91, '3', 7),
	(77, 'Descripción: aaaa', 1, NULL, 200, 54, 21, 92, '4', 10),
	(78, 'Descripción: aaaa', 1, NULL, 200, 21, 54, 93, '3', 10),
	(79, 'Descripción: bastidor tubo apl', 1, NULL, 700, 70, 7, 94, '2', 6),
	(80, 'Descripción: decuento', 1, NULL, 700, 70, 7, 95, '2', 6),
	(81, 'Descripción: yyj', 1, NULL, 700, 70, 7, 96, '5', 11),
	(82, 'Descripción: aaa', 1, NULL, 200, 100, 51, 97, '3', 5),
	(83, 'Descripción: aaaa', 1, NULL, 700, 70, 7, 98, '3,2', 6),
	(84, 'Descripción: descu', 2, NULL, 54, 2, 1, 98, '7', 6),
	(85, 'Descripción: cerramiento en vidrio para oficina', 1, NULL, 250, 100, 1, 99, '6', 72),
	(86, 'Descripción: descu', 2, NULL, 54, 2, 1, 99, '7', 6),
	(87, 'Descripción: uno solo', 1, NULL, 705, 214, 51, 100, '3', 11),
	(88, 'Descripción: pdescu', 1, NULL, 700, 70, 7, 101, '4', 11),
	(89, 'Descripción: pdescu', 1, NULL, 700, 70, 7, 102, '4', 11),
	(90, 'Descripción: pdescu', 1, NULL, 700, 70, 7, 103, '4', 11),
	(91, 'Descripción: aaa', 1, NULL, 700, 75, 1, 104, '2', 5),
	(92, 'Descripción: muchos', 1, NULL, 200, 100, 10, 105, '1', 10),
	(93, 'Descripción: modificada 210,110,51', 1, NULL, 210, 110, 51, 106, '3', 6),
	(94, 'Descripción: modificada 210,110,51', 1, NULL, 210, 110, 51, 106, '', 6),
	(95, 'Descripción: descripcion modificada 800 154 121', 1, NULL, 800, 154, 121, 107, '2', 6),
	(96, 'Descripción: descripcion modificada 800 154 121', 1, NULL, 800, 154, 121, 107, '', 6),
	(97, 'Descripción: modificada 300 151 105', 1, NULL, 300, 151, 105, 108, '3', 7),
	(98, 'Descripción: aaa', 1, NULL, 200, 20, 21, 109, '3', 9),
	(99, 'Descripción: probando orden', 1, NULL, 20254, 512, 51, 110, '3', 11),
	(100, 'Descripción: aaa', 1, NULL, 200, 21, 21, 111, '3', 6),
	(101, 'Descripción: con hora', 1, NULL, 2025, 4545, 21, 112, '3', 7),
	(102, 'Descripción: con hora 2', 1, NULL, 2024, 455, 21, 113, '3', 7),
	(103, 'Descripción: ph2', 1, NULL, 545, 21, 54, 114, '3', 6),
	(104, 'Descripción: ph3', 1, NULL, 412, 21, 51, 115, '4', 10),
	(105, 'Descripción: grcha', 1, NULL, 200, 51, 24, 116, '2,1', 15),
	(106, 'Descripción: RAKTAZO', 2, NULL, 600, 48, 22, 116, '3', 24),
	(107, 'Descripción: back', 1, NULL, 200, 140, 4, 117, '3', 181),
	(108, 'Descripción: fachada', 2, NULL, 300, 200, 12, 117, '5', 13),
	(109, 'Descripción: sin esa ruta', 1, NULL, 200, 51, 21, 118, '4', 4),
	(110, 'Descripción: aaaa', 1, NULL, 200, 51, 21, 119, '3', 15),
	(111, 'Descripción: aaaa', 1, NULL, 400, 400, 4, 120, '3', 85),
	(112, 'Descripción: asdas', 1, NULL, 400, 400, 4, 121, '3', 85),
	(113, 'Descripción: aaa', 1, NULL, 400, 21, 5, 122, '3,2', 16),
	(114, 'Descripción: sin iva', 1, NULL, 200, 21, 51, 123, '3', 11),
	(115, 'Descripción: condescuento', 1, NULL, 470051, 5421, 121, 124, '3', 11),
	(116, 'Descripción: AS', 2, NULL, 5005, 21, 121, 124, '2', 139),
	(117, 'Descripción: bicivalla 0309', 1, NULL, 700, 70, 7, 125, '3', 1),
	(118, 'Descripción: bicivalla 0409', 1, NULL, NULL, NULL, NULL, 126, '3', 1),
	(119, 'Descripción: probando medidas', 1, NULL, NULL, NULL, NULL, 127, '3', 1),
	(120, 'Descripción: aaaa', 1, NULL, 700, 70, 10, 128, '1', 1),
	(121, 'Descripción: probando', 1, NULL, 700, 70, 70, 129, '3', 1);

-- Volcando estructura para tabla software_innova.proveedores
CREATE TABLE IF NOT EXISTS `proveedores` (
  `ID_PROVEEDOR` int(11) NOT NULL AUTO_INCREMENT,
  `NOMBRE_PROVEEDOR` varchar(100) NOT NULL,
  `TELEFONO_PROVEEDOR` varchar(100) NOT NULL,
  `DIRECCION_PROVEEDOR` varchar(100) NOT NULL,
  `CELULAR_PROVEEDOR` varchar(100) NOT NULL,
  `CONTACTO_PROVEEDOR` varchar(100) NOT NULL,
  `WEB_PROVEEDOR` varchar(100) NOT NULL,
  `EMAIL_PROVEEDOR` varchar(100) NOT NULL,
  `NIT_PROVEEDOR` varchar(20) NOT NULL,
  `MATERIALES_PRINCIPALES` varchar(100) NOT NULL,
  PRIMARY KEY (`ID_PROVEEDOR`)
) ENGINE=InnoDB AUTO_INCREMENT=438 DEFAULT CHARSET=utf8mb4 COLLATE=utf8mb4_general_ci;

-- Volcando datos para la tabla software_innova.proveedores: ~401 rows (aproximadamente)
INSERT INTO `proveedores` (`ID_PROVEEDOR`, `NOMBRE_PROVEEDOR`, `TELEFONO_PROVEEDOR`, `DIRECCION_PROVEEDOR`, `CELULAR_PROVEEDOR`, `CONTACTO_PROVEEDOR`, `WEB_PROVEEDOR`, `EMAIL_PROVEEDOR`, `NIT_PROVEEDOR`, `MATERIALES_PRINCIPALES`) VALUES
	(1, 'Acrilicos Bodegon de la 13', '3420303 - 3418193', 'Calle 13 # 16A - 38', '3108031230', '', '', 'ventas@acrilicosb13.com', '', 'Acrilico'),
	(2, 'Central de Acrilicos', '2848285 - 2848287', 'Calle 13 # 15 - 12', '3144094955', '', '', 'centraldeacrilicos@gmail.com', '52.076.722-5', 'Acrilico'),
	(3, 'Imagen & Acrilicos', '', 'Carrera 24 # 10 - 83', '3203159017', 'Jorge Enrrique Diaz', '', 'imagenyacrilicos@gomail.com', '', 'Acrilico'),
	(4, 'Centro Adornos', '3410617', 'Calle 14 # 12 - 65 Local 38', '', 'Ana Zael Espitia', '', 'centroadornosbogota@giralcohermanos.com.co', '', 'Adornos'),
	(5, 'Blanco y Negro', '2471304', 'Carrera 28 # 10 - 50 Local 131', '', '', '', '', '', 'Agendas'),
	(6, 'Multi Alambres LTDA.', '3422600', 'Carrera 16 # 11 - 50', '3112447987', 'Andres Javier Bonilla', '', 'admoncarrera16@multi-alambres.com', '860.067.998-3', 'Alambre Galvanizado y Soldadura'),
	(7, 'El Palacio del Aluminio LTDA.', '3705562 - 7454769', 'Diagonal 17 # 23 - 75', '3103363135 - 3115799988', 'Leidy Espitia - Jose ', '', 'ventaspm03@elpalaciodelaluminio.com', '860.531.083-1', 'Aluminio'),
	(8, 'Ferro Aluminios S.A.S.', '3701177', 'Carrera 22 # 15 - 39', '3142968215', 'Ly Casas', '', 'paloquemao@ferroaluminios.com.co', '860.067.062-5', 'Aluminio'),
	(9, 'Soluciones Decorativas Efecientes S.A.S.', '4839512', 'Carrera 22 # 162-27', '3182248496', 'Eduardo Martelo', '', 'sdesasventas@gmail.com', '900.805.035-8', 'Aluminio Compuesto'),
	(10, 'AniFlash', '8136700 - 2776582', 'Calle 10 # 27 - 63 Local 106', '3125221433', 'William Suarez', '', 'aniflash-ricaurte@hotmail.com', '', 'Anillado'),
	(11, 'Anillo Doble O', '2014333', 'Calle 7 # 26 - 36', '3102240930', 'Nury Emilse', '', '', '', 'Anillo Doble O'),
	(12, 'Artesanias Estiven del Sur', '', 'Calle 24 # 24G - 56', '3106497950', 'Ever Parra', '', 'everparra44@yahoo.com.co', '', 'Artesanias en Madera'),
	(13, 'AGA Publicidad', '3604456 - 3604453', 'Calle 10 # 27 - 19', '', '', '', '', '17058318-9', 'Articulos de Oficina'),
	(14, 'Marlyn Color', '2477976 - 4088711', 'Calle 10 # 27 - 19', '', 'Marlin Bonilla Cervera', '', 'marlyn3@gmail.com', '67.017.739-2', 'Articulos de Oficina'),
	(15, 'Atoquim', '5662515', 'Calle 11 # 26 - 79', '3108511812', 'Uriel Alfonso Tovar', '', '', '3.078.827-0', 'Aseo y Quimicos'),
	(16, 'Metalcortes y Dobleces Metalcor LTDA.', '4240077 - 4246752', 'AV. Calle 12 # 83 - 19', '3125477580', 'Fabian Ruiz', '', 'metalcoritda@gmail.com', '900.134.881-2', 'Bandejas en Lamina Galvanizada'),
	(17, 'Fotomoriz S.A.', '3276868 Ext. 316', 'Calle 71 # 72A - 41', '3204516858 - 3112494640', 'Gloria Roa', '', 'ventas@fotomoriz.com', '860.000.368-5', 'Banner y Vinnilo'),
	(18, 'Alpapel S.A.S.', '5886051', 'Calle 77 # 58 - 54', '3182189983', 'Fabiola', '', '', '860.524.523-1', 'Banner y Vinnilo'),
	(19, 'Maudasa S.A.S.', '4005314', 'Calle 73a # 69 - 44', '321 4737231', 'Carolina Serrano', '', 'ventas4@maudasa.co', '900.488.622-0', 'Banner y Vinnilo'),
	(20, 'Surtigrafico S.A.S.', '3703456', 'Calle 28 # 12 - 26', '3208659518', 'Claudia ', '', 'ventassurtigrafico@gmail.com', '900.366.339-7', 'Banner y Vinnilo'),
	(21, 'Dispapeles ', '6439010', 'Calle 103 # 69 - 53', '3016368235', 'Johana Robayo', '', 'ventas.fax@dispapeles.com', '', 'Banner y Vinnilo'),
	(22, 'Sing Solution', '4824666', 'Calle 31 Bis Sur # 68I - 66', '3174380845', 'Maria Alejandra', '', 'ventas3@signsolution.com.co', '830.137.710-1', 'Banner y Vinnilo'),
	(23, 'Color"s Print', ' ', 'Carrera 19 # 5B - 06', '3133960614', '', '', '', '', 'Banner y Vinnilo'),
	(24, 'Lineagrafica', '2363389', 'Carrera 49A # 91 - 88', '3165218448', 'Carlos Cardenas', '', '', '', 'Banner y Vinnilo'),
	(25, 'Mundo Plastico SanAndresito', '3711896', 'Calle 9A # 19A - 27', '3118473796', 'Juan Velazco', '', 'mundoplastico-928@hotmail.com', '', 'Bolsas'),
	(26, 'Bombatex', '6300222', 'Calle 78 # 69K - 33', '3108711439', '', '', 'info@bombatex.com', '', 'Bombas'),
	(27, 'Zayineth', '7039406', 'Calle 8A # 28A - 15', '3112225876', 'Janeth Moreno', '', 'zayineth31@hotmail.com', '', 'Bordados'),
	(28, 'Botones.com.co', '2373375 - 2777563', 'Calle 10 # 27 - 39 Local 118', '3013929206', '', '', 'info@botones.com.co', '', 'Botones Publisitarios'),
	(29, 'Cameleco LTDA.', '2845678', 'Calle 14 # 12 - 36', '3204607820', 'Gerald Jurado', '', 'asesor5@cameleco.com.co', '900.081.694-2', 'Cable'),
	(30, 'El Surtidor Estudiantil', '2863661', 'Carrera 9 # 20 - 08', '3115441860', 'Emilsen Cortes ', '', '', '52.554.076-6', 'Cable de Video'),
	(31, 'Distribuidora Jacobo', '2377855', 'Calle 13 # 19 - 71 - Carrera 22 # 10 - 45 Local 108', '3158355183', 'Alicia', '', '', '900.082.581-3', 'Camisetas'),
	(32, 'Texcol', '2013708 - 2770422', 'Calle 10 # 26 - 67', '3167408232', '', '', 'texcolsport@hotmail.com', '4.116.684-1', 'Camisetas'),
	(33, 'Camisetas T-shirt y Polo', '2480624', 'Carrera 28 # 52A - 21 Ofc. 201', '3102632612', 'William Beltran', '', 'ventas@camisetastshirtypolo.com ', '900.043.899-3', 'Camisetas'),
	(35, 'Planet Cotton', '3605653', 'Av Calle 3 # 31 - 28', '', '', '', 'lecarblobal@hotmail.com', '', 'Camisetas'),
	(36, 'Inaplas S.A.S.', '2011515 - 2015290', 'Carrera 24 # 12B - 28', '', '', '', 'ventas@inaplas.com.co', '900.749.106-2', 'Canaletas Plasticas'),
	(37, 'Carpas y eventos stars', '4594688', 'av boyaca n0 39h-06 sur', '3124909471', 'fabian salazar', '', 'ind.stars@gmail.com', '', 'carpas'),
	(38, 'Cartoneria del Ricaurte', '4082764', 'Carrera 20A # 11 - 65', '3102911883', 'Blanca Margarita', '', 'cartoneriadelricaurte@hotmail.com', '1.026.563.854-4', 'Carton'),
	(39, 'Cartoneria del Ricaurte', '4082764', 'Carrera 20A # 11 - 32', '3194106401', 'Blanca Margarita', '', 'cartoneriadelricaurte@hotmail.com', '', 'Carton y Empaque'),
	(40, 'Laminados y Ceramicas Santa Lucia JM', '7140614', 'AV Caracas # 45C 79 Sur', '3132933873', '', '', 'laminadosyceramicassantalucia@hotmail.com', '91.109.615', 'Ceramica'),
	(41, 'PubliDesign Berthel', '5601782', 'Carrera 32 # 1A - 31', '3006795002', 'Luz Mery Rodriguez', '', 'pdbmarquillas@hotmail.com', '', 'Cintas y Manillas en Tela - Marquillas'),
	(42, 'Grey Comercializadora S.A.S.', '7027228 - 7027244', 'Carrera 29A # 70 - 20', '3214510235 - 3014481608', 'Maria Victoria Salinas - Jose Castro', '', 'Mariavic.salinas@servolox.com', '830.110.216-7', 'Cintas y Suministros'),
	(43, 'Multisuministros Industriales S.A.S.', '4810055 - 2776999', 'Transversal 22 # 17 - 22', '3115386894', 'Alexander Gonzalez', '', 'ventas4@multisuministros.com', '830.120.839-8', 'Cintas y Suministros'),
	(44, 'Dobladora y Cortadora ByB', '4087225 - 7036219', 'Calle 7 # 26 - 81', '3112510839', 'Efrain Barrios', '', 'bybdobladoraycortadora@gmail.com', '900.739.121-0', 'Corte y Doblez de Lamina'),
	(45, 'Laser Shop', '2373499', 'Calle 10 # 27 - 39', '3003092033', 'Sebastian Contreras', '', 'lasershop.ventas@gmail.com', '1.136.881.416-4', 'Corte y Grabado Laser'),
	(46, 'BSJ Troquelados', '3704480', 'Carrera 28 # 10 - 50 Local 217A', '3143048492', 'Andres - Marta', '', 'martha.bsj@hotmail.com', '', 'Corte y Troquelado'),
	(47, 'Mi\'Naser', '', 'Calle 2 # 10 - 60', '3204516924', 'Misael', '', 'misael_1206@hotmail.com', '', 'Costura y Confeccion'),
	(48, 'EDY PUBLICIDAD', '4085422', 'Carrera 28 # 10 - 40 Local 326A', '3158238983', 'Edwin', '', 'edycreativo26@gmail.com', '', 'Cupos de Tarjetas y Volantes'),
	(49, 'Graphic City', '2773852', 'Carrera # 11 - 70', '3114671957', 'Yolima Araque', '', 'tutarjeta@graphic-city.com.co', '', 'Cupos de Tarjetas y Volantes'),
	(50, 'Acabados Arquitectonicos Grancolombiana', '2378858 - 2019619', 'Calle 12 # 26A - 13', '3133332153', 'Laura Cubillos', '', 'comercial1@grancol.com', '19.398.804-2', 'Dilatadores'),
	(51, 'Ferreteria Angel & DG S.A.S.', '3603797 - 3603286', 'Diagonal 17 # 27 - 27', '', '', '', 'ventas@ferreangel.com', '830.036.919-1', 'Disco Tronzadora y Herramientas'),
	(52, 'Abacol Tejas y Drywall', '4891111 - 4071111', 'C+A2arrera 25 # 18 - 08', '3202751700', 'Pilar Arevalo', '', 'a10@abacol.co', '900.189.945-1', 'Drywall y Eterboard'),
	(53, 'Cidina S.A.S.', '3603277', 'Calle 17 # 25 - 27', '3166914159', 'Luis Manuel Pico', '', 'ventas.cidinasas@gmail.com', '860.061.599-0', 'Electricos'),
	(54, 'Electricos Shock la 14 S.A.S.', '3425003 - 3420588', 'Calle 14 # 12 - 45', '3143704427', 'Andres Cardona', '', 'electroshock1a@gmail.com', '900.505.199-1', 'Electricos'),
	(55, 'Imperio de los Electricos o.s.', '3707441 - 3751149', 'Calle 11 # 27 - 83', '3103303494', '', '', '', '51.971.387-6', 'Electricos'),
	(56, 'Emvases R.G.L.', '3602058', 'Calle 5C # 23 - 05', '3102518677', 'Wilson Palma', '', 'rglenvases@gmail.com', '', 'Envasas en Hojalata'),
	(57, 'Estampados John Angel', '8136176', 'Calle 2 # 18A - 12', '3152360905', 'Dora Herrera', '', 'estampados_angel@hotmail.com', '', 'Estampados y Tampografia'),
	(58, 'Bogotana de Cachuchas ', '3613614', 'Carrera 25 # 17B - 17', '3138045539', 'Lady Muñoz', '', 'bogotanadecachuchasypublicidad@hotmail.com', '', 'Fabrica de Cachuchas'),
	(59, 'chico distribuidora de gas y energia sas', '4474745', 'calle 18a n0 50-98', '', 'yimmy', '', '', '900396759-5', 'gas '),
	(60, 'Productos Trazzo LTDA.', '3457410 - 3473959', 'Calle 63D # 19A - 33', '3114607796', '', '', 'trazzo84@yahoo.com', '', 'Golpeadores'),
	(61, 'Tienda Promo', '3003719', 'Calle 10 # 27 - 05 Local 113A', '3015118658', 'Nicolas Gomez', '', 'comercial@tiendapromo.com', '', 'Gravado Laser - Impresión Rigido'),
	(62, 'Multiredes A&L LTDA.', '2860574', 'Calle 14 # 12 - 65', '3115921812', '', '', 'multiredesbogota@hotmail.com', '900.536.289-7', 'Hebillas Band-it'),
	(63, 'Sumisolda LTDA.', '2779139 - 4085616', 'Carrera 28 # 7 - 17', '3174360666', 'Felipe Garcia', '', 'sumisolda@hotmail.com', '830.043.184-2', 'Herramienta Soldadura'),
	(64, 'Ferreteria Orlando Niño Fonseca', '5666284 - 3702095', 'Calle 9 # 19A 65 Local 330', '3103075950', '', '', 'imtferreteria@gmail.com', '79.597.126-9', 'Herramientas y Electricos'),
	(65, 'Ferreteria y Electricos Jose Montenegro S.A.S.', '2476661 - 2470982', 'Calle 12 # 24 - 54 Esquina', '3203787689 - 3123504203', 'Walter Montenegro', '', '', '900.720.328-4', 'Herramientas y Electricos'),
	(66, 'Ferreteria Luis Penagos S.A.S.', '3701870 - 2376904', 'Calle 17 # 28 - 47', '3204916625 - 3160258315', 'Alejandro Caballero', '', 'ventas@ferreterialuispenados.com.co', '830.037.039-8', 'Herramientas y Fresa de Corte'),
	(67, 'Hologramas', '4085952', '', '3165043866', 'Ricardo Matinez', '', 'impresosytroquelados@gmail.com', '', 'Hologramas - Sticker de Seguridad'),
	(68, 'Casa del Iman', '4137222 - 2604599', 'Carrera 71 # 6B - 37', '3108770483', 'Jhon Alexander', '', 'ventas@casadeliman.com', '', 'Imanes'),
	(69, 'Ferroimanes', '5604308 - 2776046', 'Calle 13 # 21 - 96 Local 8', '3102818269', 'Elicenia Olivar', '', 'ventas@ferroimanes.com', '', 'Imanes'),
	(70, 'GrafiExpress', '2777550', 'Calle 6 # 26 - 81', '3102687596', 'Katerine', '', 'Info@producciongrafica.co', '', 'Impresión Offset'),
	(71, 'Grupo Luna', '3835334', 'Calle 11 # 28 - 84', '3166232634', '', '', 'grupoempresarialluna@gmail.com', '', 'Impresión Offset'),
	(72, 'Imprimas', '', 'Calle 10 # 27 - 63 Local 221', '3138379476', 'Henry A. Mesa', '', '', '', 'Impresión Offset'),
	(73, 'Politransfer', '3372077', 'Carrera 11 # 2 - 18 SUR', '3125496091', 'Luis Henao', '', 'politransfer@hotmail.com', '', 'Impresión Textil - Sublimacion'),
	(74, 'Subligrafica', '', 'Calle 2G # 40B - 26', '3143324210', 'Viviana', '', '', '', 'Impresión Textil - Sublimacion'),
	(75, 'Grupo FLA S.A.S.', '2014677', 'Carrera 28 # 10 - 86 Piso 4', '3174380738', '', '', 'cccol@flacolombia.com', '900.711.544-0', 'Insumos Papeleria y Sublimacion'),
	(76, 'Acinos S.A.', '2770040', 'Calle 18 # 22 - 65', '', '', '', 'gerenciabta@acinox.com.c', '830.085.294-4', 'Lamina de Acero Inoxidable'),
	(77, 'Manoplas - Metal Acrilato S.A.', '3606305', 'Carrera 22 # 16 - 12', '3014298566', 'Maritza Cruz B.', '', 'pvbogota@manoplas.com.co', '811.012.912-6', 'Lamina de Acrilico'),
	(78, 'Formi Centro S.A.S.', '5606585 - 5600452', 'AV 1 Mayo # 25 - 15', '', '', '', 'ventasrestrepo@formicentro.com', '900.487.605-0', 'Lamina de Formica'),
	(79, 'Creapack LTDA.', '4731141 - 4732267', 'Carrera 27 # 7 - 47 / 49', '3214121703', 'Julio Cesar Gomez', '', 'creapackltda@hotmail.com', '800.029.433-4', 'Lamina de Poliestileno'),
	(80, 'Indu Form S.A.S.', '2026121 – 7201608', 'Calle 20 Sur # 29A - 80', '3133721556', 'Leidy Bustos', '', 'leidybustos@induformsas.com', '900.812.926-4', 'Lamina de Poliestileno'),
	(81, 'Plasticos Thermoplast', '2378373', 'Carrera 27 # 15 - 21', '3108801168', 'Claudia', '', 'comercial@thermoplast.com.co', '860.531.657-7', 'Lamina de Poliestileno'),
	(82, 'Elacero', '7008099 - 7009726', 'Calle 7 # 28 - 36', '3182731559', '', '', 'elacerosas@gmail.com', '900.889.154-6', 'Lamina Galvanizada'),
	(83, 'Ferrelaminas Escobar LTDA.', '3750640 - 2374383', 'Calle 7 # 27 - 14', '', '', '', '', '900.242.095-2', 'Lamina Galvanizada'),
	(84, 'Dimetales S.A.S.', '2014700 - 3605342', 'Calle 13 # 21 - 89 / 91', '3108705035', 'Elver Suarez', '', 'nventas@dimetales.com', '830.100.199-7', 'Lamina Imantada e Imanes'),
	(85, 'Codistriplex LTDA.', '2848745 - 3365400', 'Carrera 16 # 13 - 51', '', '', '', 'codistriplex@gmail.com', '800.015.062-4', 'Lamina Triplex'),
	(86, 'acrilijos 4x4', '2018916', 'cra 18a n0 5-40', '3203139416', '', '', 'acrilujos4x4@hotmail.com', '', 'lujos para carros '),
	(87, 'Placacentro Masisa', '3410411 - 3416416', 'Calle 13 # 16 - 40', '3102752568', '', '', 'abastecedordelcarpintero@gmail.com', '900.464.982-3', 'Madera'),
	(88, 'El Rey de Las Manillas', '4087082', 'Calle 10 # 27 - 80 Local 246A', '3213964704', '', '', 'manillasvip@hotmail.com', '', 'Manillas y Posillos'),
	(89, 'Comercializadora Disfenix S.A.S.', '3751781 - 3751764', 'Calle 11 # 22 - 40', '', '', '', '', '900.348.994-5', 'Material de Oficina - Papeleria'),
	(90, 'Gran Colombiana de Maderas', '3429788 - 2820071', 'Calle 13 # 16 - 50', '', '', '', 'pdv.grancolombiana@hotmail.com', '900.321.734-1', 'MDF'),
	(91, 'Ranurados y Maderas de la Sabana S.A.S.', '2860685', 'Calle 13 # 16 - 10', '3118271052', '', '', 'ranuradosymaderasdelasabana@hotmail.com', '900.621.040-4', 'MDF'),
	(92, 'Triplex Barrera', '5667425', 'Carrera 17 # 13 - 38', '3125418729', 'Efren Barrera', '', '', '', 'MDF y Triplex'),
	(93, 'Boton Promo S.A.S.', '5605860 - 2468824', 'Calle 3A # 18 - 27', '', 'Eduardo Santos', '', 'info@esferos.com', '830.109.536-7', 'Merchandaicing'),
	(94, 'Boton Promo S.A.S. - Ricaurte', '4086461 - 4772288', 'Carrera 28 # 10 - 64 Local 135', '', 'Elizabeth Gutierrez', '', 'almacenricaurte@gmail.com', '830.109.536-7', 'Merchandaicing'),
	(95, 'ECO Electronics Comercializadora S.A.S.', '2811593 - 2862711', 'Carrera 12 # 18 - 02', '', 'marcela', '', 'ventas1@led-co.com', '900.011.856-1', 'Modulos LED'),
	(96, 'MASoloherrajes', '2843874', 'Calle 14 # 12 - 10', '', 'Jeronimo Idarraga', '', 'massoloherrajes@hotmail.com', '21.377.150-1', 'Ojales y Cordon'),
	(97, 'Distribuidora de Papeles Jurado Torres S.A.S.', '4058332 - 5612692', 'Carrera 28 # 10 - 70 Local 102', '', '', 'http://www.papeleriajuradotorres.com/pagnew/index.html', 'pedidos.bogota@papeleriajuradotorres.com', '900.013.102-4', 'Papeleria'),
	(98, 'Papeles R.R. S.A.S.', '4088776 - 3750437', 'Carrera 28 # 10 - 70 Local 101', '3213833783', '', '', ' ', '900.193.357-6', 'Papeleria'),
	(99, 'Representaciones de Papeles Dinamica', '3602102', 'Carrera 28 # 10 - 92', '', 'Maira', '', 'distridinamica@yahoo.com', '71.302.806-6', 'Papeles para Litografia'),
	(100, 'Cooimpresores de Colombia', '4850190', 'Calle 17 # 20 - 50 Bod2', '3176470983', 'Robinson Lozano', '', '', '', 'Papeles para Litografia'),
	(101, 'Offispel', '3602102', 'Carrera 28 # 10 - 92', '3138369644', 'Omaira', '', '', '', 'Papeles para Litografia'),
	(102, 'Plastinorte S.A.S.', '2019917', 'Calle 10 # 26 - 91', '3105773736', 'Berta Cecilia Sanchez', '', 'berta@plastinorte.com', '860.062.288-1', 'Pegante Maxon, PL285 Y Espumas'),
	(103, 'Bernal Hermanos Pinturas', '3376326 - 2826202', 'Carrera 13 # 15 - 00', '3118988718', 'Hernan Felipe', '', 'bernalhermanos@yahoo.com', '79.285.440-8', 'Pinturas'),
	(104, 'Ney Pinturas', '2772905', 'Calle 11 # 24 - 35', '3212533795', 'Alfred Ney Castillo', '', 'pintuartney@gmail.com', '80.124.390-1', 'Pinturas'),
	(105, 'Tono Color S.A.S.', '4085804 - 3510576', 'Calle 7A # 29 - 04', '321 3203469', '', 'https://pinturastonocolorsas.wixsite.com/', 'tonocolor726@hotmail.com', '900.356.902-1', 'Pinturas'),
	(106, 'Diseño Ceramico', '2053428', 'Diagonal 45B Sur # 19 - 19', '', 'Disney Rojas', '', '', '53.042.120-9', 'Pisos Laminados'),
	(107, 'CTP Ricaurte', '2015067', 'Carrera 28 # 10 - 40 Local 140', '', '', '', 'ctpricaurte@gmail.com', '', 'Planchas Metalicas CTP'),
	(108, 'Grupo Faro Digital S.A.S.', '3702150', 'Calle 10 # 27 - 39 Local 142', '', '', '', 'grupofaroctp@gmail.com', '900.456.510-7', 'Planchas Metalicas CTP'),
	(109, 'Plasticos de la Sabana S.A.S.', '2476617 - 3602685', 'Carrera 24 # 9 - 24', '3204884211', 'Alexandra Melo', '', 'ricaurte@psabana.com', '860.044.798-8', 'Plasticos'),
	(110, 'Plasticos y Sinteticos C.R. S.A.S.', '2433134 - 2433129', 'Carrera 12 # 14 - 23', '', 'Ricardo Cubillos', '', 'sinteticoscr01@hotmail.com', '900.314.925-0', 'Plasticos y Piso Sintetico'),
	(111, 'Registro Grafico', '', 'Carrera 28 # 10 - 70 Local 221', '3115950605', 'Anibal Perez', '', 'registrograficouv@gmail.com', '', 'Plastificado de Papel'),
	(112, 'Integramos', '4086819', 'Carrera 28 # 8 - 92', '3102248912', 'Samirt Nieves', '', 'produccion@integramos.co', '', 'Plegado y Terminados'),
	(113, 'Usa Tech', '4755191', 'Carrera 24 # 69 - 39', '3187706243', 'Mariana Perez', '', 'contacto@usatech.com.co', '', 'Poliester Liquido'),
	(114, 'ideaplas', '3750210', 'cra # 9-42', '', 'augusto monje', '', 'ricaute@ideplas.com', '800205946-5', 'polistileno'),
	(115, 'Creasciones Dorita', '2817792', 'Carrera 10 # 10 - 72 Int. 104', '3186112639', 'Rosa Cardenas', '', 'creacionesdoritas@hotmail.com', '', 'Ponchos'),
	(116, 'Muebles y Artesanias Cristian', '', 'Carrera 9 # 10 - 35', '3138328215', 'Armando Rodriguez', '', 'armandotusideas@yahoo.es', '', 'Ponchos y Artesanias'),
	(117, 'Marpico S.A.', '6235566 - 6112025', 'Calle 100 # 8 A - 49 Torre B Ofc. 702', '3174403827', 'Yoana Garcia Suarez', '', 'ygarcia@marpicopromocionales.com', '800.015.615-7', 'Promocionales'),
	(118, 'Fusion Quimica', '2371779', 'Carrera 25A # 9 - 67', '3195200304', '', '', 'ventas@fusionquimica.com', '900.867.001-3', 'Quimicos'),
	(119, 'Legaquimicon S.A.S.', '2860084', 'Carrera 13 A # 12 - 47', '', '', '', 'legaquimicos@hotmail.com', '830.081.994-3', 'Quimicos - Cloruro de Metileno'),
	(120, 'Quimicos e Implementos de Laboratorio Bermul', '2840778', 'Carrera 13A # 12 - 27', '', '', '', '', '74.380.762-2', 'Resina Acrilica Quimiden'),
	(121, 'Empaques Ibañez S.A.S.', '3347613 - 3419379', 'Calle 11 # 16 - 29', '', '', '', 'lonasibañez@hotmail.com', '900.511.404-1', 'Rollo de Manila'),
	(122, 'Estampa2 al Calor', '700182', 'Calle 10 # 27 - 80', '3162925020', 'Ezequiel Parra ', '', 'zpestampados@gmail.com', '', 'Sello Metalizado'),
	(123, 'Sellos Titan S.A.S.', '6055846 - 2371588', 'Calle 11 # 20 - 10', '', '', '', 'ventas@sellostitan.com.co', '900.548.399-0', 'Sellos'),
	(124, 'Aliatubos S.A.S.', '2011960 - 2011971', 'Carrera 25 # 17 - 67', '3164712880', 'Miguel Angel Acosta', '', 'miguelangel@aliatubos.com', '830.025.699-7', 'Silicona Sikasil AC - Tuberia PVC'),
	(125, 'constru m drywall', '3427650', 'av caracas # 12-03', '3143541634', ' cristian montes', '', '', '79866290-3', 'silicona tarro '),
	(126, 'El Manero', '2379906', 'Carrera 19 # 12 - 22', '3213853943', 'Jaime Alonso ', '', '', '', 'Sombrillas'),
	(127, 'El Palacio del Paraguas', '', 'Calle 9 Bis # 19 - 68 Local 109', '3132442909', '', '', '', '', 'Sombrillas'),
	(128, 'Yumar', '5604286', 'Calle 9Bis # 19A - 37 Local 202', '3017723333', '', '', 'sombrillasyumar202@gmail.com', '', 'Sombrillas'),
	(129, 'Digital Center S.A.S.', '7032057', 'Calle 11 # 28 - 31', '', 'Keidy Gonzalez', '', 'keidy@digitalcentersas.com', '74.372.895-1', 'Stands'),
	(130, 'Spot Creativo', '2215381 - 2289182', 'Carrera 111 # 66 - 40', '3138038677', 'Mauricio de Castro', '', '', '19.261.524-6', 'Stands'),
	(131, 'Sublimacion Grafica S.A.S.', '4674028', 'Calle 5C # 40 - 28 Of: 201', '', '', '', 'contacto@subligrafica.com', '900.692.649-2', 'Sublimacion en Tela'),
	(132, 'Plasprinter', '2441141 - 3690609', 'Calle 23A # 26 - 26', '3005562163', 'Luz Stella Forero', '', 'comercial@plasprinter.com.co', '', 'Tampo y Serigrafia en Emvases'),
	(133, 'Estampa2', '', 'Carrera 28 # 10 - 40 Local 504', '3102858870', 'Camilo Lara', '', 'camilolara03@hotmail.com', '', 'Tampografia y Estampados'),
	(134, 'Universal de Cauchos Hurtado S.A.S.', '2474301 - 3704571', 'Carrera 29 # 10 - 25/37', '', '', '', 'ventas@universaldecauchos.com', '830.085.540-1', 'Tapones Plesticos'),
	(135, 'Textilas Lafayette S.A.S.', '2948880 - 4248888', 'Calle 15 # 72 - 95', '', '', '', 'lafayette@lafayette.com', '860.001.965-7', 'Tela Lafsol Spectra'),
	(136, 'Protextex', '7134021 - 7134007', 'Carrera 11 # 2 - 66 Sur', '3002131360', 'Oscar Lopera', '', 'digaltex.sas9@gmail.com', '', 'Telas'),
	(137, 'Macrotelas ', '2800180', 'Carrera 10A # 2 - 27 sur', '3142075548', 'Juan Andres', '', 'macrotelas@maprycon.com', '', 'Telas - Bayetilla'),
	(138, 'Texti Filh', '2806775 - 3336660', 'Calle 3 # 10A - 27 Sur', '', '', '', 'ventas@textifilh.com', '', 'Telas y Linea Textil'),
	(139, 'Importadora de Insumos el Mayorista', '3733382', 'Carrera 24B # 17A - 37 Sur', '3102432163', 'Johana Lozano', '', 'imporchinaprocepiel@yahoo.es', '', 'Telas y Lonas'),
	(140, 'Jair Reatas y Sedas', '2868362 - 2860066', 'Calle 14 # 10 - 92', '3192926113', 'Jair Martinez - Diomer Giraldo', '', 'reatasysedas@gmail.com', '75.001.299-2', 'Telas, Lonas y Herrajes '),
	(141, 'Publicidad JJ', '', 'Calle 10 # 27 - 80 Local 281A', '3125639006', 'Jenny Diaz', '', 'jenny070684@hotmail.com', '', 'Terminados'),
	(142, 'Organización Signpro S.A.S.', '7423932', 'Calle 71B # 28 -36', '3182653353', 'Angelica Riveros', '', 'angelica.riveros@signproducts.com.co', '800.235.466-1', 'Tintas - Banner y Vinnilo'),
	(143, 'Tintas Plasticel LTDA.', '4007235', 'Calle 21 A # 69 B - 75', '3108705730', 'Nancy Cely', '', '', '830.099.889-7', 'Tintas Plasticas'),
	(144, 'Laser y Tintas.com', '2475970', 'Avenida 6 # 23 - 20', '', '', '', 'inkteen09@hotmail.com', '70.069.559-7', 'Tintas y Cartuchos'),
	(145, 'Central de Tornillos y Remaches S.A.S.', '3607958 - 3607937', 'Carrera 25 # 13 - 99 Esquina', '', '', '', 'ct7777777@gmail.com', '860.072.271-8', 'Tornillos'),
	(146, 'Mundial de Tornillos S.A.', '3600036', 'Carrera 25 # 15 - 42', '', '', '', 'paloquemao@mundialdetornillos.com', '830.057.186-8', 'Tornillos'),
	(147, 'Tornillos y Herramientas 777 Calle 13 S.A.S.', '2478671', 'Calle 13 +A59# 22 - 92', '', '', '', 'tornollosyherramientascalle13@yahoo.es', '900.642.402-7', 'Tornollos y Herramientas'),
	(148, 'Avitransfer', '2094787', 'Carrera D Bis # 23 - 48 Sur', '3114758236', '', '', 'avitransfer@gmail.com', '79.737.033-4', 'Transfer y Vinilo Textil'),
	(149, 'Delta Troquel', '4088951', 'Calle 12 # 28 - 14', '3163743999', 'Humberto Castillo', '', 'humbertocast_@hotmail.com', '', 'Troqueles'),
	(150, 'Delta Troqueles', '4088951', 'Calle 12 # 28 - 14 ', '3163743999', 'Humberto Castillo', '', 'humbertocast_@hotmail.com', '', 'Troqueles'),
	(151, 'Centro Hierros S.A.S.', '3415136 - 2830094', 'Carrera 17 # 12 - 33', '3138564460 - 322 5155727 ', 'Claudia Urrea', 'https://centrohierros.com/', 'centrohierrosmj1@yahoo.es - ventas@centrohierros.com', '900.556.591-2', 'Tuberia en Hierros'),
	(152, 'Hierros Antomar', '3702800', 'Calle 15 # 25 - 50', '3166902823', 'Lina Gamez Cadena', '', 'lgamez@hierrosantomar.com.co', '', 'Tuberia en Hierros'),
	(153, 'Hierros el Dorado S.A.S.', '2019715 - 3602642', 'Carrera 29 # 8 - 34', '3174014044', 'Gloria Ceron', '', 'gerencia@hierroseldorado.com', '800.153.677-4', 'Tuberia en Hierros'),
	(154, 'Perfimetales y Laminas LTDA.', '2472473', 'Calle 8 # 28 - 31', '3132792416 - 3202853536', 'Martha Correa - Belén ', 'https://www.perfimetales.com/', 'martha.ventas@perfimetales.com - servicioalcliente@perfimetales.com', '830.053.137-9', 'Tuberia en Hierros'),
	(155, 'Expodotaciones', '3520855', 'Carrera 13 # 18 - 01', '3203273524', '', '', 'expodotaciones2008@hotmail.com', '60.293.844-4', 'Uniformes'),
	(156, 'Almacen Vitralco', '2370218 - 2470243', 'Calle 10 # 28 - 92', '', 'Jose Luis Quintero', '', 'jose.l.quintero@outlook.com', '79.804.351-9', 'Vidrio'),
	(157, 'Todo Print Digital', '5610401 - 5015502', 'Carrera 28 # 9 - 82', '3008648435', '', '', '', '794.366.24-5', 'Vinilo'),
	(158, 'Comercial de Adhesivos LTDA', '3702653 - 2773408', 'Carrera 28 # 10 - 12', '', '', '', '', '900.222.990-4', 'Vinilo Adhesivo'),
	(159, 'Center Print', '2370446', 'Av Calle 6 # 18 - 78', '3132944511', 'William Uribe', '', 'center.print@yahoo.com', '52.320.087-2', 'Vinilo Adhesivo'),
	(160, 'Papel Grafic', '2372642 - 4081945', 'Calle 11 # 28 - 17', '', '', '', '', '', 'Vinilo Adhesivo'),
	(161, 'Supplies Graphics', '2018716', 'Calle 5C # 18 - 39', '3112098793', 'Camilo Molina', '', 'suppliesgraphics@hotmail.com', '', 'Vinilo Adhesivo'),
	(162, 'Vinilos y Señales', '5661613 - 3283103', 'Carrera 18 # 5C - 10', '', '', '', 'vinilosyseñales@hotmail.com', '', 'Vinilo Adhesivo'),
	(163, 'ADH Papeles Adhesivos S.A.S.', '(601)4321430', 'Calle 10 # 27 - 39 Local 101', '3146820383', '', '', 'adhricaurte@adh.com.co', '811.029.132-2', 'Vinilos'),
	(164, 'Papel Graphic S.A.S.', '2372642 - 2373019', 'Calle 11 # 28 - 17', '3173684855', 'Julio Cesar Gallego', '', '', '830.147.632-8', 'Vinilos'),
	(165, 'Alejandro Garzon Suarez S.A.S.', '3416570 - 2436887', 'Carrera 15 # 11 - 68', '3185656462', '', '', 'contacto@ferrealegarzon.com', '900.340.824-5', 'Zuncho - Ferreteria manila '),
	(166, 'Panamericana formas e impresos SAS', '4302110 - 4300355', 'Calle 65 #. 95-28', '3112599256', 'Liliana Ochoa Pinilla', '', ' vrotativa@panamericana.com.co - vimpresos@panamericana.com.co - vformas@panamericana.com.co', '', 'Impresión Rotativa'),
	(167, 'Aluminio JD', '3452297', 'Carrera 24 # 12B - 28', '', '', '', 'aluminios_jdsas@hotmail.com', '901271533-4', 'Tubos de Aluminio'),
	(168, 'Grupo FLA', '2811701', 'Carrera 12 # 13 - 13 Local 404', '3173631579', '', '', 'sanvictorino@flacolombia.com', '900711544', 'Materiales e Insumos'),
	(169, 'Magnicolor', '2473395 - 2479266', 'Carrera 24 # 12 - 09', '', '', '', 'magnicolor@hotmail.com', '800154419', 'Pinturas'),
	(170, 'Compu Graphics', '4081773 - 7042280', 'Carrera 27 # 10 - 55', '3228470473', '', '', 'tarjetas233@yahoo.com', '', 'Cupos Targetas y Volantes'),
	(171, 'Coltubos Steel', '8089235 - 8089236', 'Carrera 25 A # 10-70', '3153322876', 'Federman Castro Vargas', '', 'ventas@coltubossteel.com.co', '', 'Tubo en Acero al Carbon - Petrolero'),
	(172, 'Tornillos 7777777', '', '', '3118690132', '', '', '', '', 'Tornillos '),
	(173, 'Pacora ', '3153056646', 'Carrera 16  12-27', '3153056646', 'Oscar Pacora ', '', '', '', 'Laminas Galvanizadas y coll rolled '),
	(174, 'Vinyl Colors ', '8269746', 'Celta Bodega  58', '3112590908', 'Sergio', '', '', '', 'Banner y Vinilos '),
	(175, 'Econtainers', '6017940250 - 1127', '', '3105111699', 'Claudia Lopez', '', '', '', 'Venta y Alquiler de contenedores'),
	(176, 'Distribuciones BBW', '4158220', 'Calle 14 A # 123 - 53', '3004608391', '', '', 'distribucionesbbw@gmail.com', '', 'Thinner'),
	(177, 'Estructuras MG', '3115253778', 'cra 24c#2-44 sur', '', 'Lorena ', '', '', '', ''),
	(180, 'La Campana ', '7008099', 'Calle 7 # 28- 36', '3188414652', 'Liz', '', '', '', ' Tuberia en Acero'),
	(181, 'Maudassa ', ' 765-6382-721-9383', 'Cra. 69b #73 48', '3115105301', 'Sonia', '', '', '', 'Banner y Vinilos '),
	(185, 'Expop', '3024840113', 'Calle 11 26-74', '3226253105', 'Martin ', '', '', '', 'Exhibición Portatil'),
	(186, 'Alpapel', ' 6015886051', ' Cl. 104a #47a-51, Bogotá', '3182189983', 'Angelica Riveros ', '', '', '8605245231', ''),
	(187, 'Alticarpas', '3214970713', ' Av. Boyacá #37D-46S, Bogotá,', '3103493385', 'Johana', '', '', '', 'Carpas y Parasoles'),
	(188, 'Sky Colors', '(601) 561 35 94 ', 'Calle 9 27-54', '3175039437', '', '', '', '', 'Banner y Vinilos '),
	(189, 'Ideplas', ' (601) 8966318', 'Cra. 26 #9-42, Bogotá', '3173817366', 'Augusto', '', 'ricaurte@ideplas.com', '', 'Laminas Plasticas '),
	(190, 'Box Cartoncol  SAS', '6014088529', 'CARRERA 25 2 B 47 ', '3133355736', '', '', '', '9006281769', 'Cartón '),
	(191, 'Cajas de Carton Bogotá', '3214319004', ' Calle 5 # 22a-45', '', '', '', '', '', 'Cartón '),
	(192, 'Calypso un mundo de soluciones ', '(601)5084444', 'Cra. 24 #10-38, Bogotá', '3208514418', 'Glora', 'https://www.tiendascalypso.com/', 'asesor@tiendacalypso.com', '860.075.208-7', 'pegantes,plasticos, telas'),
	(193, 'Cavar  SA', '6012314378', ' Cra. 55b #76-30,', '', '', '', '', '', ''),
	(194, 'Central de dotaciones ', '6012014099-2372265', 'Calle 15 27-94', '3003865286', '', '', 'gventas@centraldedotaciones.com ', '', 'Dotaciones '),
	(195, 'Diacnostiya CDA ', '3187122238', 'Calle 13 43-02', '3188706028', 'Luis Apolinar ', '', '', '', 'Revision Tecnico Mecanica '),
	(196, 'Eurolacas', '6014361154', ' Cl. 71A #73a-71, Bogotá', '3124788919', '', '', '', '', 'Productos para el Cuidado de la Madera '),
	(197, 'Grupo Empresarial Cruz SAS', '(601)4660452', 'Carrera 14 26a-33', '3138360738', 'Gina', 'https://www.grupoempresarialcruz.com/', 'gerencia@grupoempresarialcruz.com - ventas@grupoempresarialcruz.com', '', 'Alquiler de andadmios y plataformas certicado'),
	(198, 'Inoxcenter - Acero Inoxidable', '6017434242', ' Cl. 7 #27-70, Bogotá', '3103227415', 'Daniela Reyas', '', '', '', 'Aceros Inoxidable'),
	(200, 'Codinter SAS', '60117433131', ' Cl. 17 #22-28, Bogotá', '3166293108', 'Yon ', '', '', '', 'venta y mantenimiento de equipos de soldadura '),
	(201, 'Baron Colombia', ' 320 4879854', ' Cra. 28 #11-86, Bogotá', '3202179011', 'Katherine', '', '', '', 'Insumos para industria Grafica y Textil'),
	(202, 'Laminas Acrilicas de Bogota', '3188428849', 'calle 13 15-06', '', 'Kely', '', '', '', ' Laminas en Acrilicos '),
	(203, 'CENTRAL DE ACRILICOS', ' (601) 2848285', 'Cl. 13 #15-12, Bogotá,', '3144094955', 'Mary', '', ' centraldeacrilicos@gmail.com', '', ' Laminas en Acrilicos '),
	(204, 'Mayas y Cerramientos Bogota', '3102204932', 'Calle 12 # 15-87 ', ' 3115797969', '', 'https://mallasycerramientosbogota.com/', 'ventas @ mallasycerramientosbogota.com', '', 'Mallas y cerramientos'),
	(205, 'Sign Supply', '(601) 2409700 Ext. 107', 'Carrera 28ª No. 73-56/66', '3228121528', 'Sandra Cardenas', '', '', '', 'Vinilo y Sustratos de Impresion'),
	(206, 'Oximig Gases Industriales', '', 'Calle 43A Sur # 72G - 20 Apto 602', '3134186156', 'Jhon Deiber Blanco', '', 'Oximig.gasesindustriales@outlook.com', '80830705-6', 'Gases Industriales y Oxigeno Industrial'),
	(207, 'Mallas Especiales LTDA', '2471985 - 2471873 - 2471936', 'Carrera 27 # 19 - 38', '3178769888', '', 'www.mallasespeciales-ltda.com', '', '', 'Mallas'),
	(208, 'Depositos de Madera Avenida Tercera', '2611007', 'Carerra 53c #2B - 99', '3102940757', '', '', 'maderasav3ltda@hotmail.com', '830.006.217-1', 'Maderas'),
	(209, 'Almacen El Imperio de Los Electricos O.S', '310 3303494', 'Calle 11 # 27 - 83', '310 3303494', '', '', '', '', ''),
	(210, 'Distribuidor Ferretero S.A.S', '5619087', 'Calle 8 # 28 - 57', '3133269464', '', '', 'administrador@jmferretero.com', '', ''),
	(211, 'Cortadora y Dobladora Fenix S.A.S', '2371862 - 2372287', 'Carrera 29 # 7 - 54', '3108786585', '', 'https://www.cortadoraydobladorafenix.com/', 'ferreteria@cortadoraydobladorafenix.com', '', ''),
	(212, 'Ingenieria Estructural de Colombia S.A.S', '(601) 8109369', 'Carrera 7 # 28-13', '3105780467', 'Yulia', '', '', '', 'Cortadora y plegadora metales'),
	(213, 'La bodega del tubo S.A.S ', '(601)4094319', 'Calle 12 # 15-94 ', '313 8441903', 'Harold Humberto Jimenez ', '', 'labodegadeltubosas@yahoo.com.co', '', 'Tuberias, hierro y teja de zinc'),
	(214, 'Glass Security', '319 3904507', 'CARRERA 39 A SUR No. 9-55', '319 3904507', '', 'https://glasssecurity.com.co/', 'peliculasgs1@gmail.com', '', 'Peliculas de seguridad y control solar'),
	(215, 'Protect Glass', '301 3875499', 'Carrera 39 A 9 55 Sur', '301 3875499', '', 'https://protectglass.com.co/', 'protectglasscolombia@gmail.com', '', 'Peliculas de seguridad y control solar'),
	(217, 'ILUMEC', '(601)269 96 00', 'Calle 17 No. 22 – 70', '318 7799684', 'Edwar', 'https://ilumec.com/', '', '', 'Iluminación'),
	(218, 'Medallas y Trofeos', '(601)4327944', 'Carrera 27 # 7-18b', '301 2556362', 'David', '', '', '', ''),
	(219, 'Sensaplas de Colombia S.A.S', '(601)2697771', ' Cra. 24 # 22b - 71', '322 8969777', '', 'https://www.sensaplas.com/', 'comercial.sensaplas@gmail.com', '', ''),
	(220, 'SurtiAcrilicos', '(601)3605055', 'Carera 30 bis # 5b - 55', '3023943183', 'Valentina', 'https://www.surtiacrylicos.com/', 'ventas@surtiacrylicos.com', '', 'Acrilicos'),
	(221, 'Laminas la 28 Varela SAS', '(601) 5662011', 'Calle 8 # 28 – 27', '3112178913', 'German Valera', 'https://laminasmetalicasbogota.com/', 'german-varela@hotmail.com', '', 'Laminas en acero, cortes y dobleces'),
	(222, 'Belpapel', '(601)8089614', 'Carrera 28 # 10 - 70', '3118418557', 'Angelica', 'http://www.belpapel.com/', 'belpapelricuarte@hotmail.com', '', 'Papeleria'),
	(223, 'KWN Impresores ', '3124260868', 'Cra. 28 No. 10-40', '3124260868', '', '', '', '', 'Pepeleria comercial, afiches, revistas, plegables, volantes'),
	(224, 'Alianza Digital', '(601) 201 9122', 'Calle 9 # 28 – 29', '3212535616', 'Daniel Navarro', 'https://www.alianzadigitalsyp.com/', 'comercialsyp@alianzadigitalsyp.com', '', ''),
	(225, 'Rody transmisiones ', '3510544', 'Cra. 24 # 12 - 01', '3510544', '', '', '', '', ''),
	(226, 'Hierros-Discos-Aceros Miami', '(601)8122830', 'Carrera 29 # 6 - 16', '3183471101', 'Cesar Beltran', '', '', '', 'Laminas H.R. y Cortes'),
	(227, 'Dokochem Suministros Sas', '(601)9277590', 'Carrera 25 # 8 - 66', '3157586086', '', '', '', '', 'Pintura Electrostatica'),
	(228, 'Inducoatings SAS', '(601) 3606216', 'Carrera 31 # 5b-37', '(601) 3606216', '', '', '', '', 'Pintura Electrostatica'),
	(229, 'Eléctricos Y Ferreteria El Surtidor', '(601)5789799', 'Carrera 12 # 13-69', '312 5439479', 'Everson', '', '', '900406455-6', 'Electricos en general'),
	(230, 'FerYSeg-Ferreteria y Seguridad Industrial', '(601) 5765212', 'Cra. 70 No. 22- 30', '301 4376641', '', 'https://ferreteriayseguridadindustrial.com/', 'contacto@feryseg.com', '', ''),
	(231, 'Aytex dotaciones', '(601)282 9685', 'Carrera 13 # 17 – 44', '322 8990826', 'Zaida', 'https://www.aytexdotaciones.com.co/', 'comercial@aytexdotaciones.com.co', '', ''),
	(232, 'LamiStock Ricaurte', '(601)2975960', 'Carrera 28  # 8 – 89', '310-3308215', '', 'https://dysap.com/', '', '', 'Lamina Poliestireno'),
	(233, 'Macorac', '(601)2433067', 'Calle 13#16-24', '3185766980', 'Diana', '', '', '', ''),
	(234, 'Hegocom SAS', '', '', '3222441979', 'Hermes', '', '', '', ''),
	(235, 'UniGas', '(601) 587 3400', '', '', '', 'https://www.unigas.com.co/', 'servicioalcliente@unigas.com.co', '', ''),
	(236, 'Full Mineria', '3115626262', 'Calle 15 # 27 - 82', '3112618086', '', 'https://fullmineria.com/', 'ventascalle15@fullmineria.com', '900161000-5', ''),
	(237, 'AireMotores SAS', '(601)9242227', 'Cl. 70C #107c-12', '3143899468', 'John Gómez', 'https://www.airemotores.com/', 'asistente@airemotores.com', '901298588-6', ''),
	(238, 'Plastempack de Colombia', '(601)829 5743', 'Carrera 65 # 4D - 34', '320 344 8406', '', 'https://plastempack.com/', 'ventas@plastempack.com', '', ''),
	(239, 'Saam Importaciones', '', 'Avenida Calle 6 #16-18', '320 9095901', '', 'https://www.saamimportaciones.com/', 'info@saamimportaciones.com', '', ''),
	(240, 'GyJ Ferreterias', '(601)4202900', 'Carrera 60 # 17 - 86', '310 7627252', 'David Daza', 'https://gyj.com.co/', 'servicioalcliente@gyj.com.co', '800130426-3', 'Ferreterias y Aceros'),
	(241, 'Insumos y Saldos', '3183832774', 'Carrera 24d # 18-40 Sur', '3183832774', '', '', '', '', ''),
	(242, 'Comercial MYL SAS', '3043465656', 'Carrera 24d # 19 - 23 Sur', '3043465656', 'Leonardo Jimenez', '', '', '', ''),
	(243, 'Comercial Santa Lucia SAS', '3153974324', 'Carrera 24d # 18-24 Sur', '3153974324', 'Luis Gonzales', '', '', '', ''),
	(244, 'Publicidad y Suministros', '(601)7025285', 'Carrera 28 # 9 - 68', '312 8843808', '', 'https://publicidadysuministros.com/', 'ventas@publicidadysuministros.com', '', ''),
	(245, 'Patrick & Sant SAS', '(601)3782389', 'Cll 53B Bis # 25-52', '311 2362301', '', 'https://www.patrickandsant.com/wp/', 'comercial@patrickandsant.com', '', ''),
	(246, 'Aluminios & Arquitectura SAS', '3118983184', 'Avenida Calle 6 # 24 – 12', '320 9513856', '', '', '', '', ''),
	(247, 'Alpax', '6013710326', 'Carrera 27 # 8-02', '3204189815', 'Marilyn Agudelo', '', '', '', ''),
	(248, 'Bodega del Triplex la 13', '312 4790354', 'Calle 13  # 16A-06', '312 4790354', 'Amanda', '', '', '', ''),
	(249, 'Ferrelectricos El Lider', '301 7246715', 'Carrera 27 # 4A - 02', '301 7246715', '', '', '', '', ''),
	(250, 'Depósito El Comercio', '312 4565243', 'Carrera 27 #1 B - 06', '312 4565243', '', '', '', '', ''),
	(251, 'Acrilicol', '3028330067', 'Calle 9 # 26 - 61', '3028330067', '', '', '', '', ''),
	(252, 'Nova', '3143036587', '', '3143036587', '', '', '', '', ''),
	(253, 'Aceros La Doce', '(601)3521560', 'Carrera 16 # 12 - 34', '', '', '', '', '901354069', ''),
	(254, 'CasaTextil', '(601)7241582', 'Carrera 52 c # 41a -20 Sur', '31227270494', '', 'https://casatextil.com.co/', 'casatextilventas@gmail.com', '901128032', ''),
	(255, 'A B Señalizacion S A S', '(601)6267445', 'Calle 136  # 47 - 24', '300 3521664', '', 'http://www.absenalizacion.com/', '', '800145548', ''),
	(256, 'TEKMAQ S.A.S', '(601) 9243321', 'Calle 5C # 30 - 25', '318 3379554', '', 'https://tekmaqsas.com/', 'Termomaqsas@outlook.com', '900366080', ''),
	(257, 'Bbg Colombia S A S', '', '', '315 8074795', 'Viviana Tapiero', 'https://www.bbg.com.co/', '', '900269840', ''),
	(259, 'Ferrepinturas El Mundo del Color', '(601)3754858', 'Calle 7 # 22 - 08', '314 2997554', 'Alfredo', '', '', '', ''),
	(260, 'PintuMaravilla S A S', '311 2135469', 'Carrera 25a # 9 - 44', '311 2135469', 'Angel Espitia', '', 'angelmiroespitia@hotmail.com', '901043867', ''),
	(261, 'Arpima Colombia S.A.S.', '(601)6482386', 'Carrera 69H # 77 - 54', '311 2768747', 'Antonio', 'https://www.arpimacolombia.com/', 'arpima_colombia@hotmail.com', '', 'Madera Zapan - Pisos en Madera'),
	(262, 'Dispar 4L', '', '', '3138287924', 'David Bohorques ', '', '', '', 'Pinturas '),
	(264, 'PC Comercializacion de Pintura', '(601)4790844', 'Carrera 72J Bis # 34 - 30 Sur - Carvajal', '3209548087', '', '', 'pccomercializacionpinturas@gmail.com', '', 'Polvo Pintura Electrostatica'),
	(267, 'Deposito y Ferreteria la 10', '3006828803', '', '', '', '', '', '', ''),
	(268, 'Avisos Pereira ', '3136892101', '', '3228583872', 'Miguel Jimenez', '', '', '', 'Instalador Ciudad Manizales '),
	(269, 'Acosta Varela', '', '', '', '', '', '', '', ''),
	(270, 'Acplastico', '', '', '', '', '', '', '', ''),
	(271, 'Acrilicos Bogota', '', '', '', '', '', '', '', ''),
	(272, 'ADL Drywall', '', '', '', '', '', '', '', ''),
	(273, 'Agua Sil y Alegria', '', '', '', '', '', '', '', ''),
	(274, 'Armonia y Color', '', '', '', '', '', '', '', ''),
	(275, 'Ashe', '', '', '', '', '', '', '', ''),
	(276, 'Baldamz', '', '', '', '', '', '', '', ''),
	(277, 'Banderas Y Confecciones IRM', '', '', '', '', '', '', '', ''),
	(278, 'Belltec', '', '', '', '', '', '', '', ''),
	(279, 'Bold Plasticos', '', '', '', '', '', '', '', ''),
	(280, 'CA Impresores EU', '', '', '', '', '', '', '', ''),
	(281, 'Camilo Impresión', '', '', '', '', '', '', '', ''),
	(282, 'Camisetas P&P', '', '', '', '', '', '', '', ''),
	(283, 'Cannon', '', '', '', '', '', '', '', ''),
	(284, 'Carpas Ferrari SAS', '', '', '', '', '', '', '', ''),
	(285, 'Cemex', '', '', '', '', '', '', '', ''),
	(286, 'Centro Digital PRS', '', '', '', '', '', '', '', ''),
	(287, 'Centro Ferretero Mafer', '', '', '', '', '', '', '', ''),
	(289, 'Codifer', '', '', '', '', '', '', '', ''),
	(290, 'Comaderas', '', '', '', '', '', '', '', ''),
	(291, 'Conjunto Grafico', '', '', '', '', '', '', '', ''),
	(292, 'Constructor Mil Imanes', '', '', '', '', '', '', '', ''),
	(293, 'Corlaminas', '', '', '', '', '', '', '', ''),
	(295, 'Comercializadora FC', '', '', '', '', '', '', '', ''),
	(296, 'Corona', '', '', '', '', '', '', '', ''),
	(297, 'Cuberplast', '', '', '', '', '', '', '', ''),
	(298, 'Deisy Fajardo', '', '', '', '', '', '', '', ''),
	(300, 'Tercera', '', '', '', '', '', '', '', ''),
	(301, 'Deposito de Maderas El Amigo', '', '', '', '', '', '', '', ''),
	(302, 'Digital Signage Colombia', '', '', '', '', '', '', '', ''),
	(303, 'Disnapel', '', '', '', '', '', '', '', ''),
	(304, 'Distriafan', '', '', '', '', '', '', '', ''),
	(305, 'Doble Via', '', '', '', '', '', '', '', ''),
	(306, 'Easy', '', '', '', '', '', '', '', ''),
	(307, 'EcoBag', '', '', '', '', '', '', '', ''),
	(308, 'Ecoled', '', '', '', '', '', '', '', ''),
	(312, 'El principe de la Toalla', '', '', '', '', '', '', '', ''),
	(313, 'Empaques Tallez', '', '', '', '', '', '', '', ''),
	(314, 'Esna Corp', '', '', '', '', '', '', '', ''),
	(316, 'Fabrica de Trofeos La Mejor', '', '', '', '', '', '', '', ''),
	(317, 'Fajobe', '', '', '', '', '', '', '', ''),
	(318, 'Ferreinox', '', '', '', '', '', '', '', ''),
	(323, 'Ferreteria Osorio', '', '', '', '', '', '', '', ''),
	(324, 'Ferreteria Roma', '', '', '', '', '', '', '', ''),
	(325, 'Ferrol', '', '', '', '', '', '', '', ''),
	(326, 'Gavar', '', '', '', '', '', '', '', ''),
	(327, 'Goyeneche', '', '', '', '', '', '', '', ''),
	(328, 'Grafik', '', '', '', '', '', '', '', ''),
	(329, 'Grancolombiana', '', '', '', '', '', '', '', ''),
	(330, 'Gravomark', '', '', '', '', '', '', '', ''),
	(332, 'Gruas Martinez Gm Sas', '', '', '', '', '', '', '', ''),
	(334, 'Grupo Farol', '', '', '', '', '', '', '', ''),
	(336, 'Hierros Bogota', '', '', '', '', '', '', '', ''),
	(337, 'HomeCenter', '', '', '', '', '', '', '', ''),
	(338, 'Iconmallas', '', '', '', '', '', '', '', ''),
	(339, 'Icon', '', '', '', '', '', '', '', ''),
	(340, 'Impoinox', '', '', '', '', '', '', '', ''),
	(341, 'Impresión UV Bogota', '', '', '', '', '', '', '', ''),
	(342, 'Indusvit', '', '', '', '', '', '', '', ''),
	(343, 'Innova Publicidad Visual S.A.S', '', '', '', '', '', '', '', ''),
	(344, 'Inter Electricos', '', '', '', '', '', '', '', ''),
	(345, 'Italuminio', '', '', '', '', '', '', '', ''),
	(348, 'John Freddy', '', '', '', '', '', '', '', ''),
	(350, 'JY Impresores', '', '', '', '', '', '', '', ''),
	(352, 'Laminas y Cortes Bogota', '', '', '', '', '', '', '', ''),
	(354, 'Madecentro', '', '', '', '', '', '', '', ''),
	(356, 'Maderas Valderrama', '', '', '', '', '', '', '', ''),
	(357, 'Mantenimiento De vias', '', '', '', '', '', '', '', ''),
	(358, 'Megadotaciones', '', '', '', '', '', '', '', ''),
	(359, 'Mesa Hermanos', '', '', '', '', '', '', '', ''),
	(360, 'Mi Totem', '', '', '', '', '', '', '', ''),
	(362, 'Monto', '', '', '', '', '', '', '', ''),
	(363, 'Multialambre', '', '', '', '', '', '', '', ''),
	(364, 'Mundocor', '', '', '', '', '', '', '', ''),
	(365, 'Norma Cecilia', '', '', '', '', '', '', '', ''),
	(368, 'Palos Y molduras', '', '', '', '', '', '', '', ''),
	(369, 'Paola', '', '', '', '', '', '', '', ''),
	(371, 'Pinturas Bler', '', '', '', '', '', '', '', ''),
	(372, 'Plasticos y cartones de colombia ', '', '', '', '', '', '', '', ''),
	(373, 'Printer Digital', '', '', '', '', '', '', '', ''),
	(374, 'Prisma Acrilicos', '', '', '', '', '', '', '', ''),
	(375, 'Produ Cabos', '', '', '', '', '', '', '', ''),
	(376, 'Ps La Sabana', '', '', '', '', '', '', '', ''),
	(377, 'Publikorte S.A.S', '', '', '', '', '', '', '', ''),
	(378, 'Puntialambres', '', '', '', '', '', '', '', ''),
	(379, 'Redes Electricas', '', '', '', '', '', '', '', ''),
	(380, 'Rematico', '', '', '', '', '', '', '', ''),
	(381, 'Resinart', '', '', '', '', '', '', '', ''),
	(382, 'Ricaurte Impresión', '', '', '', '', '', '', '', ''),
	(383, 'Roca y Altura', '', '', '', '', '', '', '', ''),
	(384, 'Rollos y Sobres Imperial', '', '', '', '', '', '', '', ''),
	(385, 'Roman Publicidad', '', '', '', '', '', '', '', ''),
	(386, 'Router 3D', '', '', '', '', '', '', '', ''),
	(387, 'S&S TECNHOLOGY', '', '', '', '', '', '', '', ''),
	(388, 'Solex Publicidad', '', '', '', '', '', '', '', ''),
	(389, 'Studio Selection', '', '', '', '', '', '', '', ''),
	(390, 'Sublifly', '', '', '', '', '', '', '', ''),
	(391, 'Sublimaco', '', '', '', '', '', '', '', ''),
	(392, 'Super Machimbres Y Molduras', '', '', '', '', '', '', '', ''),
	(393, 'Suracero', '', '', '', '', '', '', '', ''),
	(394, 'Surtigraf JC', '', '', '', '', '', '', '', ''),
	(395, 'Surtilight', '', '', '', '', '', '', '', ''),
	(396, 'TitoPabon', '', '', '', '', '', '', '', ''),
	(397, 'TN Mallas y Gramas', '', '', '', '', '', '', '', ''),
	(398, 'Tornillos Y Tuercas', '', '', '', '', '', '', '', ''),
	(399, 'TorniRap', '', '', '', '', '', '', '', ''),
	(400, 'Trendix', '', '', '', '', '', '', '', ''),
	(401, 'Tu Gorra', '', '', '', '', '', '', '', ''),
	(402, 'Tu Volteo', '', '', '', '', '', '', '', ''),
	(403, 'V&S Comercializadora', '', '', '', '', '', '', '', ''),
	(404, 'Viveros de Colombia', '', '', '', '', '', '', '', ''),
	(405, 'W.A EMPAQUES', '', '', '', '', '', '', '', ''),
	(406, 'Ximena Chaves', '', '', '', '', '', '', '', ''),
	(407, 'YMF Repuestos', '', '', '', '', '', '', '', ''),
	(408, '2B Grafico', '', '', '', '', '', '', '', ''),
	(409, 'AB Señalizacion SAS', '', '', '', '', '', '', '', ''),
	(410, 'Alasca Diseños', '', '', '', '', '', '', '', ''),
	(411, 'AM Tubulars SA', '', '', '', '', '', '', '', ''),
	(412, 'Comercializadora de Cajas', '', '', '', '', '', '', '', ''),
	(413, 'Comunitar', '', '', '', '', '', '', '', ''),
	(414, 'Oxilaminas y perfiles RA', '', '', '', '', '', '', '', ''),
	(415, 'Produ Cabos', '', '', '', '', '', '', '', ''),
	(416, 'Deposito El Comercio', '', '', '', '', '', '', '', ''),
	(417, 'Distribuidores de Papeles', '', '', '', '', '', '', '', ''),
	(418, 'El Palacio de la Toalla', '', '', '', '', '', '', '', ''),
	(419, 'Expresion Digital', '', '', '', '', '', '', '', ''),
	(420, 'Ferreteria la 12', '', '', '', '', '', '', '', ''),
	(421, 'Gangasinc', '', '', '', '', '', '', '', ''),
	(422, 'Hoodies Colombia', '', '', '', '', '', '', '', ''),
	(423, 'IconoGrama', '', '', '', '', '', '', '', ''),
	(424, 'Intermallas', '', '', '', '', '', '', '', ''),
	(425, 'Kojak Grafic', '', '', '', '', '', '', '', ''),
	(426, 'Latinos Publicidad', '', '', '', '', '', '', '', ''),
	(427, 'Luis Eduardo', '', '', '', '', '', '', '', ''),
	(428, 'Mundial de Acero', '', '', '', '', '', '', '', ''),
	(429, 'Planeta Grafico', '', '', '', '', '', '', '', ''),
	(430, 'Subliteck', '', '', '', '', '', '', '', ''),
	(431, 'SuperLaminas', '', '', '', '', '', '', '', ''),
	(432, 'Siglo 2 Mil', '', '', '', '', '', '', '', ''),
	(433, 'Textiles Dajatex', '', '', '', '', '', '', '', ''),
	(434, 'Textti', '', '', '', '', '', '', '', ''),
	(435, 'Tienda Transfer', '', '', '', '', '', '', '', ''),
	(436, 'Tubos Co', '', '', '', '', '', '', '', ''),
	(437, 'Unicarpas', '', '', '', '', '', '', '', '');

-- Volcando estructura para tabla software_innova.resumen_de_costos
CREATE TABLE IF NOT EXISTS `resumen_de_costos` (
  `id` int(11) NOT NULL AUTO_INCREMENT,
  `costo_directo` float NOT NULL,
  `administracion` float NOT NULL,
  `imprevistos` float NOT NULL,
  `utilidad` float NOT NULL,
  `oferta_antes_iva` float NOT NULL,
  `iva` float NOT NULL,
  `valor_oferta` float NOT NULL,
  `producto_id` int(11) NOT NULL,
  PRIMARY KEY (`id`),
  KEY `producto_id` (`producto_id`),
  CONSTRAINT `resumen_de_costos_ibfk_1` FOREIGN KEY (`producto_id`) REFERENCES `producto_cotizado` (`id`)
) ENGINE=InnoDB AUTO_INCREMENT=97 DEFAULT CHARSET=utf8mb4 COLLATE=utf8mb4_general_ci;

-- Volcando datos para la tabla software_innova.resumen_de_costos: ~72 rows (aproximadamente)
INSERT INTO `resumen_de_costos` (`id`, `costo_directo`, `administracion`, `imprevistos`, `utilidad`, `oferta_antes_iva`, `iva`, `valor_oferta`, `producto_id`) VALUES
	(1, 18.6, 6.51, 558, 930, 26.598, 5.053, 31.651, 15),
	(2, 524.218, 183.476, 15.726, 183.476, 906.897, 172.31, 1.079, 16),
	(3, 546.652, 191.328, 16.399, 273.326, 1.027, 195.264, 1.222, 17),
	(4, 341.677, 119.586, 10.25, 170.838, 642.352, 122.047, 764.399, 18),
	(5, 740.429, 259.15, 22.212, 296.171, 1.317, 250.413, 1.568, 19),
	(6, 699.9, 244.965, 20.997, 349.95, 1.315, 250.004, 1.565, 20),
	(7, 193.648, 67.776, 5.809, 77.459, 344.693, 65.491, 410.185, 21),
	(8, 354.194, 123.967, 10.625, 177.097, 665.884, 126.518, 792.402, 22),
	(9, 1.143, 400.141, 34.297, 571.63, 2.149, 408.372, 2.557, 23),
	(10, 595641, 208474, 17869.2, 297820, 1119810, 212763, 1332570, 24),
	(11, 595641, 208474, 17869.2, 297820, 1119810, 212763, 1332570, 25),
	(12, 2263580, 792251, 67907.2, 1131790, 4255520, 808549, 5064070, 26),
	(13, 338794, 118578, 10163.8, 169397, 636933, 121017, 757950, 27),
	(14, 4680900, 1638320, 140427, 2340450, 8800090, 1672020, 10472100, 28),
	(15, 4680900, 1638320, 140427, 2106400, 8566050, 1627550, 10193600, 28),
	(16, 2.032, 711.467, 60.982, 914.743, 3.719, 706.792, 4.426, 34),
	(17, 2.032, 711.467, 60.982, 914.743, 3.719, 706.792, 4.426, 34),
	(18, 5.619, 1.966, 168.594, 2.528, 10.284, 1.954, 12.238, 35),
	(19, 5.619, 1.966, 168.594, 2.528, 10.284, 1.954, 12.238, 35),
	(20, 775.948, 271.581, 23.278, 271.581, 1.342, 255.054, 1.597, 36),
	(21, 775.948, 271.581, 23.278, 271.581, 1.342, 255.054, 1.597, 36),
	(22, 3.042, 1.064, 91.28, 1.369, 5.568, 1.057, 6.626, 37),
	(23, 3.042, 1.064, 91.28, 1.369, 5.568, 1.057, 6.626, 37),
	(24, 906.81, 317.383, 27.204, 408.064, 1.659, 315.297, 1.974, 38),
	(25, 430.803, 150.781, 12.924, 267.097, 861.606, 163.705, 1.025, 45),
	(26, 5.848, 2.046, 175.44, 2.924, 10.994, 2.088, 13.083, 50),
	(27, 223.2, 78.12, 6.696, 89.28, 397.296, 75.486, 472.782, 51),
	(28, 5.071, 1.774, 152.138, 2.535, 9.534, 1.811, 11.345, 52),
	(29, 579376, 202782, 17381.3, 521438, 1320980, 250986, 1571960, 53),
	(30, 1763580, 617253, 52907.4, 1058150, 3491890, 663459, 4155350, 60),
	(31, 713949, 249882, 21418.5, 356974, 1342220, 255023, 1597250, 61),
	(32, 1622070, 567725, 48662.2, 811036, 3049500, 579404, 3628900, 62),
	(33, 1216550, 425794, 36496.6, 121655, 1800500, 342095, 2142600, 62),
	(34, 869064, 304172, 26071.9, 434532, 1633840, 310430, 1944270, 63),
	(35, 1606820, 562389, 48204.8, 803412, 3020830, 573958, 3594790, 64),
	(36, 167400, 58590, 5022, 66960, 297972, 56614.7, 354587, 65),
	(37, 1265820, 443035, 37974.4, 632908, 2379730, 452149, 2831880, 66),
	(38, 977352, 342073, 29320.6, 439808, 1788550, 339825, 2128380, 67),
	(39, 803194, 281118, 24095.8, 401597, 1510000, 286901, 1796910, 68),
	(40, 4663440, 1632200, 139903, 2331720, 8767270, 1665780, 10433000, 69),
	(41, 1622070, 567725, 48662.2, 811036, 3049500, 579404, 3628900, 70),
	(42, 95824, 33538.4, 2874.72, 47912, 180149, 34228.3, 214377, 71),
	(43, 2848110, 142406, 85443.3, 284811, 3360770, 638546, 3999320, 72),
	(44, 1832670, 641435, 54980.2, 916336, 3445420, 654630, 4100050, 73),
	(45, 1374500, 481076, 41235.1, 687252, 2584070, 490973, 3075040, 73),
	(46, 595023, 208258, 17850.7, 267760, 1088890, 206890, 1295780, 74),
	(47, 991705, 347097, 29751.2, 446267, 1814820, 344816, 2159640, 74),
	(48, 480410, 168144, 14412.3, 216184, 879150, 167039, 1046190, 75),
	(49, 343150, 120102, 10294.5, 154418, 627964, 119313, 747278, 75),
	(50, 409647, 143376, 12289.4, 204824, 770136, 146326, 916462, 76),
	(51, 581324, 203463, 17439.7, 290662, 1092890, 207649, 1300540, 77),
	(52, 386193, 135168, 11585.8, 193096, 726043, 137948, 863991, 78),
	(53, 141438, 49503.3, 4243.14, 70719, 265903, 50521.6, 316425, 79),
	(54, 141438, 49503.3, 4243.14, 70719, 265903, 50521.6, 316425, 80),
	(55, 2027590, 709656, 60827.7, 1013800, 3811870, 724255, 4536120, 81),
	(56, 646095, 226133, 19382.8, 323048, 1214660, 230785, 1447, 82),
	(57, 347157, 121505, 10414.7, 173578, 652655, 124004, 776660, 83),
	(58, 141438, 49503.3, 4243.14, 63647.1, 258832, 49178, 308010, 83),
	(59, 0, 0, 0, 0, 0, 0, 0, 84),
	(60, 1026880, 359407, 30806.3, 513438, 1930530, 366800, 2297330, 85),
	(61, 436968, 152939, 13109, 218484, 821500, 156085, 977585, 86),
	(62, 1304000, 456401, 39120.1, 652002, 2451530, 465790, 2917320, 87),
	(63, 1832670, 641435, 54980.2, 916336, 3445420, 654630, 4100050, 88),
	(64, 1622070, 567725, 48662.2, 973243, 3211700, 610224, 3821930, 89),
	(65, 1622070, 567725, 48662.2, 973243, 3211700, 610224, 3821930, 90),
	(66, 218548, 76491.8, 6556.44, 109274, 410870, 78065.4, 488936, 91),
	(67, 654407, 229042, 19632.2, 327204, 1230290, 233754, 1464040, 92),
	(68, 212157, 74255, 6364.71, 106078, 398855, 75782.5, 474638, 93),
	(69, 300812, 105284, 9024.36, 150406, 565527, 107450, 672977, 95),
	(70, 434532, 152086, 13036, 217266, 816920, 155215, 972135, 97),
	(71, 1356650, 474829, 40699.6, 678327, 2550510, 484597, 3035110, 98),
	(72, 1304000, 456401, 39120.1, 652002, 2451530, 465790, 2917320, 99),
	(73, 187272, 65545.2, 5618.16, 93636, 352071, 66893.6, 418965, 100),
	(74, 409647, 143376, 12289.4, 204824, 770136, 146326, 916462, 101),
	(75, 1065970, 373090, 31979.2, 532986, 2004030, 380765, 2384790, 102),
	(76, 440157, 154055, 13204.7, 220078, 827495, 157224, 984719, 103),
	(77, 684524, 239583, 20535.7, 342262, 1286910, 244512, 1531420, 104),
	(78, 2982000, 1043700, 89460, 1341900, 5457060, 1036840, 6493900, 105),
	(79, 1491000, 521850, 44730, 670950, 2728530, 518421, 3246950, 105),
	(80, 665625, 232969, 19968.8, 332812, 1251380, 237761, 1489140, 106),
	(81, 3220270, 1127090, 96608.1, 1288110, 5732080, 1089100, 6821170, 107),
	(82, 2893580, 1012750, 86807.5, 1446790, 5439940, 1033590, 6473530, 108),
	(83, 227096, 79483.6, 6812.88, 136258, 449650, 85433.5, 535084, 109),
	(84, 4386000, 1535100, 131580, 2193000, 8245680, 1566680, 9812360, 110),
	(85, 14886900, 5210420, 446607, 4763810, 25307700, 4808470, 30116200, 111),
	(86, 14886900, 5210420, 446607, 4466070, 25010000, 4751900, 29761900, 112),
	(87, 2880800, 1008280, 86424.1, 1296360, 5271870, 1001660, 6273530, 113),
	(88, 1920540, 672188, 57616.1, 864241, 3514580, 667770, 4182350, 113),
	(89, 1216550, 425794, 36496.6, 608277, 2287120, 434553, 2721670, 114),
	(90, 1533260, 536642, 45997.9, 766632, 2882540, 547682, 3430220, 115),
	(91, 659798, 230929, 19793.9, 263919, 1174440, 223144, 1397580, 116),
	(92, 290472, 101665, 8714.16, 116189, 517040, 98237.6, 615278, 117),
	(93, 290472, 101665, 8714.16, 116189, 517040, 98237.6, 615278, 118),
	(94, 290472, 101665, 8714.16, 116189, 517040, 98237.6, 615278, 119),
	(95, 96824, 33888.4, 2904.72, 38729.6, 172347, 32745.9, 205093, 120),
	(96, 260472, 91165.2, 7814.16, 104189, 463640, 88091.6, 551732, 121);

-- Volcando estructura para tabla software_innova.unidades_negocio
CREATE TABLE IF NOT EXISTS `unidades_negocio` (
  `unidad_id` int(11) NOT NULL AUTO_INCREMENT,
  `nombre` varchar(100) NOT NULL,
  PRIMARY KEY (`unidad_id`)
) ENGINE=InnoDB AUTO_INCREMENT=3 DEFAULT CHARSET=utf8mb4 COLLATE=utf8mb4_general_ci;

-- Volcando datos para la tabla software_innova.unidades_negocio: ~2 rows (aproximadamente)
INSERT INTO `unidades_negocio` (`unidad_id`, `nombre`) VALUES
	(1, 'PUBLICIDAD'),
	(2, 'ESTRUCTURAS METALICAS');

-- Volcando estructura para tabla software_innova.users
CREATE TABLE IF NOT EXISTS `users` (
  `user_id` int(11) NOT NULL AUTO_INCREMENT,
  `user_name` varchar(30) NOT NULL,
  `user_last_name` varchar(30) NOT NULL,
  `user_email` varchar(30) NOT NULL,
  `user_password` varchar(200) NOT NULL,
  `user_rol` int(11) NOT NULL,
  `session_token` varchar(50) DEFAULT NULL,
  `user_link` varchar(100) DEFAULT NULL,
  PRIMARY KEY (`user_id`),
  UNIQUE KEY `session_token` (`session_token`),
  KEY `user_rol` (`user_rol`),
  CONSTRAINT `users_ibfk_1` FOREIGN KEY (`user_rol`) REFERENCES `users_rol` (`id`)
) ENGINE=InnoDB AUTO_INCREMENT=4 DEFAULT CHARSET=utf8mb4 COLLATE=utf8mb4_general_ci;

-- Volcando datos para la tabla software_innova.users: ~1 rows (aproximadamente)
INSERT INTO `users` (`user_id`, `user_name`, `user_last_name`, `user_email`, `user_password`, `user_rol`, `session_token`, `user_link`) VALUES
	(3, 'ventas', '1', 'brayan@grosso.com', '$2b$12$PhnywSYLDaULGE7zhBTUP.TegRuvwUsEd8wQ4nflqNUzJ/kwTtkrK', 1, NULL, NULL);

-- Volcando estructura para tabla software_innova.users_rol
CREATE TABLE IF NOT EXISTS `users_rol` (
  `id` int(11) NOT NULL AUTO_INCREMENT,
  `descripcion` varchar(20) NOT NULL,
  PRIMARY KEY (`id`)
) ENGINE=InnoDB AUTO_INCREMENT=3 DEFAULT CHARSET=utf8mb4 COLLATE=utf8mb4_general_ci;

-- Volcando datos para la tabla software_innova.users_rol: ~2 rows (aproximadamente)
INSERT INTO `users_rol` (`id`, `descripcion`) VALUES
	(1, 'ADMINISTRADOR'),
	(2, 'USUARIO');

/*!40103 SET TIME_ZONE=IFNULL(@OLD_TIME_ZONE, 'system') */;
/*!40101 SET SQL_MODE=IFNULL(@OLD_SQL_MODE, '') */;
/*!40014 SET FOREIGN_KEY_CHECKS=IFNULL(@OLD_FOREIGN_KEY_CHECKS, 1) */;
/*!40101 SET CHARACTER_SET_CLIENT=@OLD_CHARACTER_SET_CLIENT */;
/*!40111 SET SQL_NOTES=IFNULL(@OLD_SQL_NOTES, 1) */;
